sample_id,objective,rebalance_date,forward_start,forward_end,demo_training_reward,demo_raw_return,demo_benchmark_return,demo_equal_weight_return,demo_restricted_random_return,demo_markowitz_return,demo_excess_return,demo_excess_vs_equal_weight,demo_excess_vs_restricted_random,demo_excess_vs_markowitz,policy_training_reward,policy_raw_return,policy_excess_return,policy_excess_vs_equal_weight,policy_excess_vs_restricted_random,policy_excess_vs_markowitz,demo_weight_GLD,policy_weight_GLD,demo_weight_IEFA,policy_weight_IEFA,demo_weight_IVV,policy_weight_IVV,demo_weight_QQQ,policy_weight_QQQ,demo_weight_SPY,policy_weight_SPY,demo_weight_VEA,policy_weight_VEA,demo_weight_VOO,policy_weight_VOO,demo_weight_VTI,policy_weight_VTI,demo_weight_VTV,policy_weight_VTV,demo_weight_VUG,policy_weight_VUG
0,best_asset,2025-08-08,2025-08-11,2025-08-22,0.019613932818174362,0.03095686435699463,0.01275944709777832,0.012807369232177734,0.011984705924987793,0.001729726791381836,0.01819741725921631,0.018149495124816895,0.018972158432006836,0.029227137565612793,-0.017165709286928177,-0.00582277774810791,-0.01858222484588623,-0.018630146980285645,-0.017807483673095703,-0.007552504539489746,9.999910162150627e-07,0.9100320339202881,9.999910162150627e-07,0.009996438398957253,9.999910162150627e-07,0.009996438398957253,9.999910162150627e-07,0.009996438398957253,9.999910162150627e-07,0.009996438398957253,9.999910162150627e-07,0.009996439330279827,9.999910162150627e-07,0.009996438398957253,9.999910162150627e-07,0.009996439330279827,0.9999910593032837,0.009996455162763596,9.999910162150627e-07,0.009996438398957253
1,forward_mean_variance,2025-08-08,2025-08-11,2025-08-22,0.019742583855986595,0.03095686435699463,0.01275944709777832,0.012807369232177734,0.011341452598571777,0.001729726791381836,0.01819741725921631,0.018149495124816895,0.01961541175842285,0.029227137565612793,-0.017037058249115944,-0.00582277774810791,-0.01858222484588623,-0.018630146980285645,-0.017164230346679688,-0.007552504539489746,9.999910162150627e-07,0.9100320339202881,9.999910162150627e-07,0.009996438398957253,9.999910162150627e-07,0.009996438398957253,9.999910162150627e-07,0.009996438398957253,9.999910162150627e-07,0.009996438398957253,9.999910162150627e-07,0.009996439330279827,9.999910162150627e-07,0.009996438398957253,9.999910162150627e-07,0.009996439330279827,0.9999910593032837,0.009996455162763596,9.999910162150627e-07,0.009996438398957253
2,forward_min_variance,2025-08-08,2025-08-11,2025-08-22,0.00614697951823473,0.01899087429046631,0.01275944709777832,0.012807369232177734,0.019489526748657227,0.001729726791381836,0.006231427192687988,0.006183505058288574,-0.000498652458190918,0.017261147499084473,-0.018666673451662064,-0.00582277774810791,-0.01858222484588623,-0.018630146980285645,-0.025312304496765137,-0.007552504539489746,0.21428288519382477,0.9100320339202881,9.999930625781417e-07,0.009996438398957253,9.999930625781417e-07,0.009996438398957253,9.999930625781417e-07,0.009996438398957253,9.999930625781417e-07,0.009996438398957253,9.999930625781417e-07,0.009996439330279827,9.999930625781417e-07,0.009996438398957253,9.999930625781417e-07,0.009996439330279827,0.6763162016868591,0.009996455162763596,0.10939401388168335,0.009996438398957253
3,forward_risk_parity,2025-08-08,2025-08-11,2025-08-22,0.0014782666694372892,0.013045668601989746,0.01275944709777832,0.012807369232177734,0.013107061386108398,0.001729726791381836,0.0002862215042114258,0.00023829936981201172,-6.139278411865234e-05,0.01131594181060791,-0.017390180379152298,-0.00582277774810791,-0.01858222484588623,-0.018630146980285645,-0.01892983913421631,-0.007552504539489746,0.1303432583808899,0.9100320339202881,0.10026475787162781,0.009996438398957253,0.09811674058437347,0.009996438398957253,0.08135107904672623,0.009996438398957253,0.09790674597024918,0.009996438398957253,0.09861990064382553,0.009996439330279827,0.09792526811361313,0.009996438398957253,0.08672432601451874,0.009996439330279827,0.12254713475704193,0.009996455162763596,0.0862007886171341,0.009996438398957253
4,oracle_softmax,2025-08-08,2025-08-11,2025-08-22,0.001338696456514299,0.013856649398803711,0.01275944709777832,0.012807369232177734,0.017859816551208496,0.001729726791381836,0.0010972023010253906,0.0010492801666259766,-0.004003167152404785,0.012126922607421875,-0.018340731039643288,-0.00582277774810791,-0.01858222484588623,-0.018630146980285645,-0.023682594299316406,-0.007552504539489746,0.0880240947008133,0.9100320339202881,0.11051565408706665,0.009996438398957253,0.09971000254154205,0.009996438398957253,0.08983799815177917,0.009996438398957253,0.09963446855545044,0.009996438398957253,0.10822439193725586,0.009996439330279827,0.09963063895702362,0.009996438398957253,0.10186661779880524,0.009996439330279827,0.11112900823354721,0.009996455162763596,0.09142713248729706,0.009996438398957253
5,top2_blend,2025-08-08,2025-08-11,2025-08-22,0.018407177180051804,0.030515313148498535,0.01275944709777832,0.012807369232177734,0.015810728073120117,0.001729726791381836,0.017755866050720215,0.0177079439163208,0.014704585075378418,0.0287855863571167,-0.01793091371655464,-0.00582277774810791,-0.01858222484588623,-0.018630146980285645,-0.021633505821228027,-0.007552504539489746,9.999920393966022e-07,0.9100320339202881,0.49243399500846863,0.009996438398957253,9.999920393966022e-07,0.009996438398957253,9.999920393966022e-07,0.009996438398957253,9.999920393966022e-07,0.009996438398957253,9.999920393966022e-07,0.009996439330279827,9.999920393966022e-07,0.009996438398957253,9.999920393966022e-07,0.009996439330279827,0.5075580477714539,0.009996455162763596,9.999920393966022e-07,0.009996438398957253
6,best_asset,2025-08-22,2025-08-25,2025-09-05,0.05896196514368057,0.06590831279754639,0.0029908418655395508,0.006463766098022461,0.019054412841796875,0.006852984428405762,0.06291747093200684,0.059444546699523926,0.04685389995574951,0.059055328369140625,0.052996255457401276,0.05994260311126709,0.05695176124572754,0.05347883701324463,0.040888190269470215,0.05308961868286133,0.9999910593032837,0.9110584259033203,9.999910162150627e-07,0.009882397018373013,9.999910162150627e-07,0.009882397018373013,9.999910162150627e-07,0.009882397018373013,9.999910162150627e-07,0.009882397018373013,9.999910162150627e-07,0.009882397018373013,9.999910162150627e-07,0.009882397018373013,9.999910162150627e-07,0.009882397018373013,9.999910162150627e-07,0.009882397018373013,9.999910162150627e-07,0.009882397018373013
7,forward_mean_variance,2025-08-22,2025-08-25,2025-09-05,0.06213719770312309,0.06590831279754639,0.0029908418655395508,0.006463766098022461,0.003178238868713379,0.006852984428405762,0.06291747093200684,0.059444546699523926,0.06273007392883301,0.059055328369140625,0.056171488016843796,0.05994260311126709,0.05695176124572754,0.05347883701324463,0.05676436424255371,0.05308961868286133,0.9999910593032837,0.9110584259033203,9.999910162150627e-07,0.009882397018373013,9.999910162150627e-07,0.009882397018373013,9.999910162150627e-07,0.009882397018373013,9.999910162150627e-07,0.009882397018373013,9.999910162150627e-07,0.009882397018373013,9.999910162150627e-07,0.009882397018373013,9.999910162150627e-07,0.009882397018373013,9.999910162150627e-07,0.009882397018373013,9.999910162150627e-07,0.009882397018373013
8,forward_min_variance,2025-08-22,2025-08-25,2025-09-05,0.01643388345837593,0.020755410194396973,0.0029908418655395508,0.006463766098022461,0.005930304527282715,0.006852984428405762,0.017764568328857422,0.014291644096374512,0.014825105667114258,0.013902425765991211,0.05562107637524605,0.05994260311126709,0.05695176124572754,0.05347883701324463,0.054012298583984375,0.05308961868286133,0.32011428475379944,0.9110584259033203,9.999930625781417e-07,0.009882397018373013,9.999930625781417e-07,0.009882397018373013,9.999930625781417e-07,0.009882397018373013,9.999930625781417e-07,0.009882397018373013,9.999930625781417e-07,0.009882397018373013,0.4251348078250885,0.009882397018373013,9.999930625781417e-07,0.009882397018373013,0.2547439932823181,0.009882397018373013,9.999930625781417e-07,0.009882397018373013
9,forward_risk_parity,2025-08-22,2025-08-25,2025-09-05,-0.0068569062277674675,-0.0006752610206604004,0.0029908418655395508,0.006463766098022461,0.015230894088745117,0.006852984428405762,-0.003666102886199951,-0.007139027118682861,-0.015906155109405518,-0.007528245449066162,0.05376095697283745,0.05994260311126709,0.05695176124572754,0.05347883701324463,0.04471170902252197,0.05308961868286133,9.99999087980541e-07,0.9110584259033203,0.10152287036180496,0.009882397018373013,0.1071208119392395,0.009882397018373013,0.08752818405628204,0.009882397018373013,0.10672813653945923,0.009882397018373013,0.10329924523830414,0.009882397018373013,0.10937623679637909,0.009882397018373013,0.10639895498752594,0.009882397018373013,0.19318850338459015,0.009882397018373013,0.08483610302209854,0.009882397018373013
10,oracle_softmax,2025-08-22,2025-08-25,2025-09-05,0.00411379337310791,0.009455323219299316,0.0029908418655395508,0.006463766098022461,0.011030316352844238,0.006852984428405762,0.006464481353759766,0.0029915571212768555,-0.0015749931335449219,0.0026023387908935547,0.054601073265075684,0.05994260311126709,0.05695176124572754,0.05347883701324463,0.04891228675842285,0.05308961868286133,0.1415245085954666,0.9110584259033203,0.08737701922655106,0.009882397018373013,0.09705179184675217,0.009882397018373013,0.09947673231363297,0.009882397018373013,0.09702448546886444,0.009882397018373013,0.08970939368009567,0.009882397018373013,0.0970008373260498,0.009882397018373013,0.09779302030801773,0.009882397018373013,0.0923842266201973,0.009882397018373013,0.10065799206495285,0.009882397018373013
11,top2_blend,2025-08-22,2025-08-25,2025-09-05,0.051932286471128464,0.058945536613464355,0.0029908418655395508,0.006463766098022461,0.019388914108276367,0.006852984428405762,0.055954694747924805,0.052481770515441895,0.03955662250518799,0.052092552185058594,0.0529293529689312,0.05994260311126709,0.05695176124572754,0.05347883701324463,0.04055368900299072,0.05308961868286133,0.8784606456756592,0.9110584259033203,9.999920393966022e-07,0.009882397018373013,9.999920393966022e-07,0.009882397018373013,9.999920393966022e-07,0.009882397018373013,9.999920393966022e-07,0.009882397018373013,9.999920393966022e-07,0.009882397018373013,9.999920393966022e-07,0.009882397018373013,9.999920393966022e-07,0.009882397018373013,9.999920393966022e-07,0.009882397018373013,0.12153133749961853,0.009882397018373013
12,best_asset,2025-09-05,2025-09-08,2025-09-19,0.016666019335389137,0.04042971134185791,0.028274178504943848,0.026192784309387207,0.022980928421020508,0.035347580909729004,0.012155532836914062,0.014236927032470703,0.017448782920837402,0.005082130432128906,0.0075415014289319515,0.03130519390106201,0.003031015396118164,0.005112409591674805,0.008324265480041504,-0.004042387008666992,9.999910162150627e-07,0.37906569242477417,9.999910162150627e-07,0.007466658018529415,9.999910162150627e-07,0.04707761108875275,0.9999910593032837,0.21934671700000763,9.999910162150627e-07,0.05199126526713371,9.999910162150627e-07,0.007466658018529415,9.999910162150627e-07,0.04642486199736595,9.999910162150627e-07,0.03288037329912186,9.999910162150627e-07,0.00746665894985199,9.999910162150627e-07,0.20081354677677155
13,forward_mean_variance,2025-09-05,2025-09-08,2025-09-19,0.016248714178800583,0.04042971134185791,0.028274178504943848,0.026192784309387207,0.025067448616027832,0.035347580909729004,0.012155532836914062,0.014236927032470703,0.015362262725830078,0.005082130432128906,0.007124197669327259,0.03130519390106201,0.003031015396118164,0.005112409591674805,0.00623774528503418,-0.004042387008666992,9.999910162150627e-07,0.37906569242477417,9.999910162150627e-07,0.007466658018529415,9.999910162150627e-07,0.04707761108875275,0.9999910593032837,0.21934671700000763,9.999910162150627e-07,0.05199126526713371,9.999910162150627e-07,0.007466658018529415,9.999910162150627e-07,0.04642486199736595,9.999910162150627e-07,0.03288037329912186,9.999910162150627e-07,0.00746665894985199,9.999910162150627e-07,0.20081354677677155
14,forward_min_variance,2025-09-05,2025-09-08,2025-09-19,0.003726088907569647,0.027872323989868164,0.028274178504943848,0.026192784309387207,0.024893641471862793,0.035347580909729004,-0.0004018545150756836,0.001679539680480957,0.002978682518005371,-0.00747525691986084,0.0071589588187634945,0.03130519390106201,0.003031015396118164,0.005112409591674805,0.006411552429199219,-0.004042387008666992,0.20793363451957703,0.37906569242477417,9.999930625781417e-07,0.007466658018529415,9.999930625781417e-07,0.04707761108875275,0.392768532037735,0.21934671700000763,9.999930625781417e-07,0.05199126526713371,9.999930625781417e-07,0.007466658018529415,9.999930625781417e-07,0.04642486199736595,9.999930625781417e-07,0.03288037329912186,0.39929091930389404,0.00746665894985199,9.999930625781417e-07,0.20081354677677155
15,forward_risk_parity,2025-09-05,2025-09-08,2025-09-19,0.0018167853122577071,0.02669227123260498,0.028274178504943848,0.026192784309387207,0.02853989601135254,0.035347580909729004,-0.0015819072723388672,0.0004994869232177734,-0.0018476247787475586,-0.008655309677124023,0.00642970809713006,0.03130519390106201,0.003031015396118164,0.005112409591674805,0.0027652978897094727,-0.004042387008666992,0.11128249019384384,0.37906569242477417,0.06428811699151993,0.007466658018529415,0.10616367310285568,0.04707761108875275,0.11051605641841888,0.21934671700000763,0.10490252077579498,0.05199126526713371,0.0645642802119255,0.007466658018529415,0.10816323757171631,0.04642486199736595,0.09417775273323059,0.03288037329912186,0.14507409930229187,0.00746665894985199,0.09086784720420837,0.20081354677677155
16,oracle_softmax,2025-09-05,2025-09-08,2025-09-19,0.0031308294273912907,0.026643872261047363,0.028274178504943848,0.026192784309387207,0.021727681159973145,0.035347580909729004,-0.0016303062438964844,0.00045108795166015625,0.004916191101074219,-0.00870370864868164,0.007792151067405939,0.03130519390106201,0.003031015396118164,0.005112409591674805,0.009577512741088867,-0.004042387008666992,0.09890034794807434,0.37906569242477417,0.09165674448013306,0.007466658018529415,0.10114669054746628,0.04707761108875275,0.10878155380487442,0.21934671700000763,0.10113009065389633,0.05199126526713371,0.09425974637269974,0.007466658018529415,0.10112816095352173,0.04642486199736595,0.1008552610874176,0.03288037329912186,0.09459829330444336,0.00746665894985199,0.10754311084747314,0.20081354677677155
17,top2_blend,2025-09-05,2025-09-08,2025-09-19,0.015421045012772083,0.03950202465057373,0.028274178504943848,0.026192784309387207,0.024567365646362305,0.035347580909729004,0.011227846145629883,0.013309240341186523,0.014934659004211426,0.0041544437408447266,0.0072242142632603645,0.03130519390106201,0.003031015396118164,0.005112409591674805,0.006737828254699707,-0.004042387008666992,9.999919257097645e-07,0.37906569242477417,9.999919257097645e-07,0.007466658018529415,9.999919257097645e-07,0.04707761108875275,0.5120813846588135,0.21934671700000763,9.999919257097645e-07,0.05199126526713371,9.999919257097645e-07,0.007466658018529415,9.999919257097645e-07,0.04642486199736595,9.999919257097645e-07,0.03288037329912186,9.999919257097645e-07,0.00746665894985199,0.48791050910949707,0.20081354677677155
18,best_asset,2025-09-19,2025-09-22,2025-10-03,0.042249418795108795,0.05442476272583008,0.008302092552185059,0.015879154205322266,0.020453810691833496,0.006002545356750488,0.04612267017364502,0.03854560852050781,0.03397095203399658,0.04842221736907959,0.038386084139347076,0.05056142807006836,0.0422593355178833,0.034682273864746094,0.030107617378234863,0.04455888271331787,0.9999910593032837,0.9107477068901062,9.999910162150627e-07,0.009916923940181732,9.999910162150627e-07,0.009916922077536583,9.999910162150627e-07,0.009916922077536583,9.999910162150627e-07,0.009916922077536583,9.999910162150627e-07,0.009916925802826881,9.999910162150627e-07,0.009916922077536583,9.999910162150627e-07,0.009916922077536583,9.999910162150627e-07,0.009916923940181732,9.999910162150627e-07,0.009916922077536583
19,forward_mean_variance,2025-09-19,2025-09-22,2025-10-03,0.043987441807985306,0.05442476272583008,0.008302092552185059,0.015879154205322266,0.011763691902160645,0.006002545356750488,0.04612267017364502,0.03854560852050781,0.042661070823669434,0.04842221736907959,0.04012410715222359,0.05056142807006836,0.0422593355178833,0.034682273864746094,0.038797736167907715,0.04455888271331787,0.9999910593032837,0.9107477068901062,9.999910162150627e-07,0.009916923940181732,9.999910162150627e-07,0.009916922077536583,9.999910162150627e-07,0.009916922077536583,9.999910162150627e-07,0.009916922077536583,9.999910162150627e-07,0.009916925802826881,9.999910162150627e-07,0.009916922077536583,9.999910162150627e-07,0.009916922077536583,9.999910162150627e-07,0.009916923940181732,9.999910162150627e-07,0.009916922077536583
20,forward_min_variance,2025-09-19,2025-09-22,2025-10-03,0.0010016203159466386,0.012426376342773438,0.008302092552185059,0.015879154205322266,0.0167008638381958,0.006002545356750488,0.004124283790588379,-0.003452777862548828,-0.004274487495422363,0.006423830986022949,0.03913667052984238,0.05056142807006836,0.0422593355178833,0.034682273864746094,0.03386056423187256,0.04455888271331787,9.999920393966022e-07,0.9107477068901062,9.999920393966022e-07,0.009916923940181732,9.999920393966022e-07,0.009916922077536583,0.35743993520736694,0.009916922077536583,9.999920393966022e-07,0.009916922077536583,9.999920393966022e-07,0.009916925802826881,9.999920393966022e-07,0.009916922077536583,9.999920393966022e-07,0.009916922077536583,0.6425520777702332,0.009916923940181732,9.999920393966022e-07,0.009916922077536583
21,forward_risk_parity,2025-09-19,2025-09-22,2025-10-03,0.004077100660651922,0.015010833740234375,0.008302092552185059,0.015879154205322266,0.014245748519897461,0.006002545356750488,0.006708741188049316,-0.0008683204650878906,0.0007650852203369141,0.009008288383483887,0.039627693593502045,0.05056142807006836,0.0422593355178833,0.034682273864746094,0.0363156795501709,0.04455888271331787,0.08130063116550446,0.9107477068901062,0.08231177926063538,0.009916923940181732,0.10376670211553574,0.009916922077536583,0.1019233986735344,0.009916922077536583,0.10446763038635254,0.009916922077536583,0.08057818561792374,0.009916925802826881,0.10264015197753906,0.009916922077536583,0.10007987171411514,0.009916922077536583,0.16336868703365326,0.009916923940181732,0.0795629620552063,0.009916922077536583
22,oracle_softmax,2025-09-19,2025-09-22,2025-10-03,0.006933641619980335,0.0172044038772583,0.008302092552185059,0.015879154205322266,0.010930895805358887,0.006002545356750488,0.008902311325073242,0.0013252496719360352,0.006273508071899414,0.011201858520507812,0.04029066488146782,0.05056142807006836,0.0422593355178833,0.034682273864746094,0.03963053226470947,0.04455888271331787,0.125492125749588,0.9107477068901062,0.10372629016637802,0.009916923940181732,0.09516618400812149,0.009916922077536583,0.0947301909327507,0.009916922077536583,0.0951545238494873,0.009916922077536583,0.10432569682598114,0.009916925802826881,0.09534192085266113,0.009916922077536583,0.09466994553804398,0.009916922077536583,0.09911242872476578,0.009916923940181732,0.09228068590164185,0.009916922077536583
23,top2_blend,2025-09-19,2025-09-22,2025-10-03,0.033997129648923874,0.045063138008117676,0.008302092552185059,0.015879154205322266,0.014907121658325195,0.006002545356750488,0.03676104545593262,0.02918398380279541,0.03015601634979248,0.03906059265136719,0.03949541971087456,0.05056142807006836,0.0422593355178833,0.034682273864746094,0.035654306411743164,0.04455888271331787,0.697190523147583,0.9107477068901062,9.9999215308344e-07,0.009916923940181732,9.9999215308344e-07,0.009916922077536583,9.9999215308344e-07,0.009916922077536583,9.9999215308344e-07,0.009916922077536583,0.30280157923698425,0.009916925802826881,9.9999215308344e-07,0.009916922077536583,9.9999215308344e-07,0.009916922077536583,9.9999215308344e-07,0.009916923940181732,9.9999215308344e-07,0.009916922077536583
24,best_asset,2025-10-03,2025-10-06,2025-10-17,0.08867019414901733,0.08765685558319092,-0.007202744483947754,0.0026911497116088867,0.005302071571350098,0.0283278226852417,0.09485960006713867,0.08496570587158203,0.08235478401184082,0.05932903289794922,0.07971614599227905,0.07870280742645264,0.08590555191040039,0.07601165771484375,0.07340073585510254,0.05037498474121094,0.9999910593032837,0.9070592522621155,9.999910162150627e-07,0.01032890472561121,9.999910162150627e-07,0.010325474664568901,9.999910162150627e-07,0.010325884446501732,9.999910162150627e-07,0.010325487703084946,9.999910162150627e-07,0.01033253874629736,9.999910162150627e-07,0.010325479321181774,9.999910162150627e-07,0.010325509123504162,9.999910162150627e-07,0.010325754061341286,9.999910162150627e-07,0.010325816459953785
25,forward_mean_variance,2025-10-03,2025-10-06,2025-10-17,0.09095915406942368,0.08765685558319092,-0.007202744483947754,0.0026911497116088867,-0.006142735481262207,0.0283278226852417,0.09485960006713867,0.08496570587158203,0.09379959106445312,0.05932903289794922,0.0820051059126854,0.07870280742645264,0.08590555191040039,0.07601165771484375,0.08484554290771484,0.05037498474121094,0.9999910593032837,0.9070592522621155,9.999910162150627e-07,0.01032890472561121,9.999910162150627e-07,0.010325474664568901,9.999910162150627e-07,0.010325884446501732,9.999910162150627e-07,0.010325487703084946,9.999910162150627e-07,0.01033253874629736,9.999910162150627e-07,0.010325479321181774,9.999910162150627e-07,0.010325509123504162,9.999910162150627e-07,0.010325754061341286,9.999910162150627e-07,0.010325816459953785
26,forward_min_variance,2025-10-03,2025-10-06,2025-10-17,0.012434542179107666,0.009633660316467285,-0.007202744483947754,0.0026911497116088867,-0.0036356449127197266,0.0283278226852417,0.01683640480041504,0.0069425106048583984,0.013269305229187012,-0.018694162368774414,0.08150368928909302,0.07870280742645264,0.08590555191040039,0.07601165771484375,0.08233845233917236,0.05037498474121094,0.20463578402996063,0.9070592522621155,0.07480490207672119,0.01032890472561121,9.999930625781417e-07,0.010325474664568901,9.999930625781417e-07,0.010325884446501732,9.999930625781417e-07,0.010325487703084946,9.999930625781417e-07,0.01033253874629736,9.999930625781417e-07,0.010325479321181774,9.999930625781417e-07,0.010325509123504162,0.720552384853363,0.010325754061341286,9.999930625781417e-07,0.010325816459953785
27,forward_risk_parity,2025-10-03,2025-10-06,2025-10-17,0.006147158332169056,0.006372570991516113,-0.007202744483947754,0.0026911497116088867,0.011495828628540039,0.0283278226852417,0.013575315475463867,0.0036814212799072266,-0.005123257637023926,-0.021955251693725586,0.0784773975610733,0.07870280742645264,0.08590555191040039,0.07601165771484375,0.0672069787979126,0.05037498474121094,0.1441497653722763,0.9070592522621155,0.11851479858160019,0.01032890472561121,0.08752893656492233,0.010325474664568901,0.06578507274389267,0.010325884446501732,0.08749459683895111,0.010325487703084946,0.11066858470439911,0.01033253874629736,0.08852178603410721,0.010325479321181774,0.08542347699403763,0.010325509123504162,0.1417907327413559,0.010325754061341286,0.07012224197387695,0.010325816459953785
28,oracle_softmax,2025-10-03,2025-10-06,2025-10-17,0.009749543853104115,0.008608818054199219,-0.007202744483947754,0.0026911497116088867,0.0046651363372802734,0.0283278226852417,0.015811562538146973,0.005917668342590332,0.003943681716918945,-0.01971900463104248,0.07984353601932526,0.07870280742645264,0.08590555191040039,0.07601165771484375,0.07403767108917236,0.05037498474121094,0.1635545790195465,0.9070592522621155,0.0920100063085556,0.01032890472561121,0.09266529232263565,0.010325474664568901,0.09738375246524811,0.010325884446501732,0.09257175773382187,0.010325487703084946,0.09339210391044617,0.01033253874629736,0.09247412532567978,0.010325479321181774,0.0920792669057846,0.010325509123504162,0.09098813682794571,0.010325754061341286,0.092880979180336,0.010325816459953785
29,top2_blend,2025-10-03,2025-10-06,2025-10-17,0.08813820779323578,0.08643054962158203,-0.007202744483947754,0.0026911497116088867,0.001830458641052246,0.0283278226852417,0.09363329410552979,0.08373939990997314,0.08460009098052979,0.05810272693634033,0.08041046559810638,0.07870280742645264,0.08590555191040039,0.07601165771484375,0.07687234878540039,0.05037498474121094,0.9860065579414368,0.9070592522621155,9.999920393966022e-07,0.01032890472561121,9.999920393966022e-07,0.010325474664568901,0.013985468074679375,0.010325884446501732,9.999920393966022e-07,0.010325487703084946,9.999920393966022e-07,0.01033253874629736,9.999920393966022e-07,0.010325479321181774,9.999920393966022e-07,0.010325509123504162,9.999920393966022e-07,0.010325754061341286,9.999920393966022e-07,0.010325816459953785
30,best_asset,2025-10-17,2025-10-20,2025-10-31,0.025690685957670212,0.04309535026550293,0.026595592498779297,0.014051556587219238,0.01275479793548584,-0.0027960538864135742,0.016499757766723633,0.02904379367828369,0.03034055233001709,0.045891404151916504,-0.06394372880458832,-0.0465390682220459,-0.0731346607208252,-0.06059062480926514,-0.05929386615753174,-0.043743014335632324,9.999910162150627e-07,0.9064324498176575,9.999910162150627e-07,0.010303620249032974,9.999910162150627e-07,0.010303632356226444,9.999910162150627e-07,0.010303962975740433,9.999910162150627e-07,0.010303637012839317,9.999910162150627e-07,0.010303620249032974,9.999910162150627e-07,0.010303636081516743,9.999910162150627e-07,0.010303627699613571,9.999910162150627e-07,0.010303620249032974,0.9999910593032837,0.011138305999338627
31,forward_mean_variance,2025-10-17,2025-10-20,2025-10-31,0.02514258585870266,0.04309535026550293,0.026595592498779297,0.014051556587219238,0.01549530029296875,-0.0027960538864135742,0.016499757766723633,0.02904379367828369,0.02760004997253418,0.045891404151916504,-0.06449183076620102,-0.0465390682220459,-0.0731346607208252,-0.06059062480926514,-0.06203436851501465,-0.043743014335632324,9.999910162150627e-07,0.9064324498176575,9.999910162150627e-07,0.010303620249032974,9.999910162150627e-07,0.010303632356226444,9.999910162150627e-07,0.010303962975740433,9.999910162150627e-07,0.010303637012839317,9.999910162150627e-07,0.010303620249032974,9.999910162150627e-07,0.010303636081516743,9.999910162150627e-07,0.010303627699613571,9.999910162150627e-07,0.010303620249032974,0.9999910593032837,0.011138305999338627
32,forward_min_variance,2025-10-17,2025-10-20,2025-10-31,-0.01935042068362236,0.0003248453140258789,0.026595592498779297,0.014051556587219238,0.024107813835144043,-0.0027960538864135742,-0.026270747184753418,-0.01372671127319336,-0.023782968521118164,0.003120899200439453,-0.06621433794498444,-0.0465390682220459,-0.0731346607208252,-0.06059062480926514,-0.07064688205718994,-0.043743014335632324,9.999920393966022e-07,0.9064324498176575,0.38858562707901,0.010303620249032974,9.999920393966022e-07,0.010303632356226444,9.999920393966022e-07,0.010303962975740433,9.999920393966022e-07,0.010303637012839317,9.999920393966022e-07,0.010303620249032974,9.999920393966022e-07,0.010303636081516743,9.999920393966022e-07,0.010303627699613571,0.6114063858985901,0.010303620249032974,9.999920393966022e-07,0.011138305999338627
33,forward_risk_parity,2025-10-17,2025-10-20,2025-10-31,-0.004545366857200861,0.01322627067565918,0.026595592498779297,0.014051556587219238,0.014589667320251465,-0.0027960538864135742,-0.013369321823120117,-0.0008252859115600586,-0.0013633966445922852,0.016022324562072754,-0.0643107071518898,-0.0465390682220459,-0.0731346607208252,-0.06059062480926514,-0.06112873554229736,-0.043743014335632324,0.06283240765333176,0.9064324498176575,0.12540827691555023,0.010303620249032974,0.09650702029466629,0.010303632356226444,0.07133939117193222,0.010303962975740433,0.09576582163572311,0.010303637012839317,0.114905446767807,0.010303620249032974,0.0961487665772438,0.010303636081516743,0.09181332588195801,0.010303627699613571,0.17329677939414978,0.010303620249032974,0.07198277860879898,0.011138305999338627
34,oracle_softmax,2025-10-17,2025-10-20,2025-10-31,0.0003964543284382671,0.0179215669631958,0.026595592498779297,0.014051556587219238,0.013357043266296387,-0.0027960538864135742,-0.008674025535583496,0.0038700103759765625,0.004564523696899414,0.020717620849609375,-0.06406418234109879,-0.0465390682220459,-0.0731346607208252,-0.06059062480926514,-0.059896111488342285,-0.043743014335632324,0.06582292169332504,0.9064324498176575,0.0906963050365448,0.010303620249032974,0.10632459819316864,0.010303632356226444,0.11658766120672226,0.010303962975740433,0.10653286427259445,0.010303637012839317,0.0932760015130043,0.010303620249032974,0.10657084733247757,0.010303636081516743,0.10539687424898148,0.010303627699613571,0.09117281436920166,0.010303620249032974,0.1176191121339798,0.011138305999338627
35,top2_blend,2025-10-17,2025-10-20,2025-10-31,0.02245537005364895,0.042374610900878906,0.026595592498779297,0.014051556587219238,0.025327682495117188,-0.0027960538864135742,0.01577901840209961,0.028323054313659668,0.01704692840576172,0.04517066478729248,-0.0664583072066307,-0.0465390682220459,-0.0731346607208252,-0.06059062480926514,-0.07186675071716309,-0.043743014335632324,9.999920393966022e-07,0.9064324498176575,9.999920393966022e-07,0.010303620249032974,9.999920393966022e-07,0.010303632356226444,0.49133244156837463,0.010303962975740433,9.999920393966022e-07,0.010303637012839317,9.999920393966022e-07,0.010303620249032974,9.999920393966022e-07,0.010303636081516743,9.999920393966022e-07,0.010303627699613571,9.999920393966022e-07,0.010303620249032974,0.5086595416069031,0.011138305999338627
36,best_asset,2025-10-31,2025-11-03,2025-11-14,0.03113161399960518,0.021297097206115723,-0.01485210657119751,-0.008201837539672852,-0.0071656107902526855,-0.013172268867492676,0.03614920377731323,0.029498934745788574,0.028462707996368408,0.0344693660736084,0.028197992593050003,0.018363475799560547,0.03321558237075806,0.0265653133392334,0.025529086589813232,0.03153574466705322,0.9999910593032837,0.9106540679931641,9.999910162150627e-07,0.009927286766469479,9.999910162150627e-07,0.009927286766469479,9.999910162150627e-07,0.009927286766469479,9.999910162150627e-07,0.009927286766469479,9.999910162150627e-07,0.009927286766469479,9.999910162150627e-07,0.009927286766469479,9.999910162150627e-07,0.009927286766469479,9.999910162150627e-07,0.009927659295499325,9.999910162150627e-07,0.009927286766469479
37,forward_mean_variance,2025-10-31,2025-11-03,2025-11-14,0.03236449882388115,0.021297097206115723,-0.01485210657119751,-0.008201837539672852,-0.013330042362213135,-0.013172268867492676,0.03614920377731323,0.029498934745788574,0.03462713956832886,0.0344693660736084,0.029430877417325974,0.018363475799560547,0.03321558237075806,0.0265653133392334,0.03169351816177368,0.03153574466705322,0.9999910593032837,0.9106540679931641,9.999910162150627e-07,0.009927286766469479,9.999910162150627e-07,0.009927286766469479,9.999910162150627e-07,0.009927286766469479,9.999910162150627e-07,0.009927286766469479,9.999910162150627e-07,0.009927286766469479,9.999910162150627e-07,0.009927286766469479,9.999910162150627e-07,0.009927286766469479,9.999910162150627e-07,0.009927659295499325,9.999910162150627e-07,0.009927286766469479
38,forward_min_variance,2025-10-31,2025-11-03,2025-11-14,0.01646522246301174,0.007482647895812988,-0.01485210657119751,-0.008201837539672852,-0.002905905246734619,-0.013172268867492676,0.022334754467010498,0.01568448543548584,0.010388553142547607,0.020654916763305664,0.0273460503667593,0.018363475799560547,0.03321558237075806,0.0265653133392334,0.021269381046295166,0.03153574466705322,9.999910162150627e-07,0.9106540679931641,9.999910162150627e-07,0.009927286766469479,9.999910162150627e-07,0.009927286766469479,9.999910162150627e-07,0.009927286766469479,9.999910162150627e-07,0.009927286766469479,9.999910162150627e-07,0.009927286766469479,9.999910162150627e-07,0.009927286766469479,9.999910162150627e-07,0.009927286766469479,0.9999910593032837,0.009927659295499325,9.999910162150627e-07,0.009927286766469479
39,forward_risk_parity,2025-10-31,2025-11-03,2025-11-14,0.004937159828841686,-0.005538046360015869,-0.01485210657119751,-0.008201837539672852,-0.010369062423706055,-0.013172268867492676,0.00931406021118164,0.0026637911796569824,0.0048310160636901855,0.007634222507476807,0.028838682919740677,0.018363475799560547,0.03321558237075806,0.0265653133392334,0.0287325382232666,0.03153574466705322,0.0719134733080864,0.9106540679931641,0.12184516340494156,0.009927286766469479,0.09443086385726929,0.009927286766469479,0.06669145822525024,0.009927286766469479,0.09306268393993378,0.009927286766469479,0.10498199611902237,0.009927286766469479,0.09459024667739868,0.009927286766469479,0.09107141941785812,0.009927286766469479,0.19059886038303375,0.009927659295499325,0.070813849568367,0.009927286766469479
40,oracle_softmax,2025-10-31,2025-11-03,2025-11-14,0.0045404075644910336,-0.006488978862762451,-0.01485210657119751,-0.008201837539672852,-0.013139963150024414,-0.013172268867492676,0.008363127708435059,0.0017128586769104004,0.006650984287261963,0.006683290004730225,0.02939286269247532,0.018363475799560547,0.03321558237075806,0.0265653133392334,0.03150343894958496,0.03153574466705322,0.1187235414981842,0.9106540679931641,0.10928589850664139,0.009927286766469479,0.09578937292098999,0.009927286766469479,0.0861639603972435,0.009927286766469479,0.09557401388883591,0.009927286766469479,0.10803624242544174,0.009927286766469479,0.09566816687583923,0.009927286766469479,0.09459035098552704,0.009927286766469479,0.10927965492010117,0.009927659295499325,0.08688879758119583,0.009927286766469479
41,top2_blend,2025-10-31,2025-11-03,2025-11-14,0.02807081863284111,0.01775944232940674,-0.01485210657119751,-0.008201837539672852,-0.009549915790557861,-0.013172268867492676,0.03261154890060425,0.02596127986907959,0.0273093581199646,0.030931711196899414,0.02867485210299492,0.018363475799560547,0.03321558237075806,0.0265653133392334,0.027913391590118408,0.03153574466705322,0.7397500872612,0.9106540679931641,0.26024192571640015,0.009927286766469479,9.999920393966022e-07,0.009927286766469479,9.999920393966022e-07,0.009927286766469479,9.999920393966022e-07,0.009927286766469479,9.999920393966022e-07,0.009927286766469479,9.999920393966022e-07,0.009927286766469479,9.999920393966022e-07,0.009927286766469479,9.999920393966022e-07,0.009927659295499325,9.999920393966022e-07,0.009927286766469479
42,best_asset,2025-11-14,2025-11-17,2025-11-28,0.01775519922375679,0.031705379486083984,0.017055153846740723,0.015830516815185547,0.011894822120666504,0.021823525428771973,0.014650225639343262,0.015874862670898438,0.01981055736541748,0.009881854057312012,0.016185928136110306,0.0301361083984375,0.013080954551696777,0.014305591583251953,0.018241286277770996,0.008312582969665527,0.9999910593032837,0.9098387956619263,9.999910162150627e-07,0.010017912834882736,9.999910162150627e-07,0.010017912834882736,9.999910162150627e-07,0.010017912834882736,9.999910162150627e-07,0.010017912834882736,9.999910162150627e-07,0.010017912834882736,9.999910162150627e-07,0.010017912834882736,9.999910162150627e-07,0.010017912834882736,9.999910162150627e-07,0.010017912834882736,9.999910162150627e-07,0.010017912834882736
43,forward_mean_variance,2025-11-14,2025-11-17,2025-11-28,0.017193317413330078,0.031705379486083984,0.017055153846740723,0.015830516815185547,0.014704227447509766,0.021823525428771973,0.014650225639343262,0.015874862670898438,0.01700115203857422,0.009881854057312012,0.015624046325683594,0.0301361083984375,0.013080954551696777,0.014305591583251953,0.015431880950927734,0.008312582969665527,0.9999910593032837,0.9098387956619263,9.999910162150627e-07,0.010017912834882736,9.999910162150627e-07,0.010017912834882736,9.999910162150627e-07,0.010017912834882736,9.999910162150627e-07,0.010017912834882736,9.999910162150627e-07,0.010017912834882736,9.999910162150627e-07,0.010017912834882736,9.999910162150627e-07,0.010017912834882736,9.999910162150627e-07,0.010017912834882736,9.999910162150627e-07,0.010017912834882736
44,forward_min_variance,2025-11-14,2025-11-17,2025-11-28,0.010572170838713646,0.025797009468078613,0.017055153846740723,0.015830516815185547,0.018268108367919922,0.021823525428771973,0.00874185562133789,0.009966492652893066,0.007528901100158691,0.003973484039306641,0.014911269769072533,0.0301361083984375,0.013080954551696777,0.014305591583251953,0.011868000030517578,0.008312582969665527,0.5687706470489502,0.9098387956619263,9.999920393966022e-07,0.010017912834882736,9.999920393966022e-07,0.010017912834882736,9.999920393966022e-07,0.010017912834882736,9.999920393966022e-07,0.010017912834882736,9.999920393966022e-07,0.010017912834882736,9.999920393966022e-07,0.010017912834882736,9.999920393966022e-07,0.010017912834882736,0.4312213659286499,0.010017912834882736,9.999920393966022e-07,0.010017912834882736
45,forward_risk_parity,2025-11-14,2025-11-17,2025-11-28,0.003144550370052457,0.01750493049621582,0.017055153846740723,0.015830516815185547,0.013945817947387695,0.021823525428771973,0.00044977664947509766,0.0016744136810302734,0.003559112548828125,-0.004318594932556152,0.015775728970766068,0.0301361083984375,0.013080954551696777,0.014305591583251953,0.016190290451049805,0.008312582969665527,0.19249890744686127,0.9098387956619263,0.08972571045160294,0.010017912834882736,0.08989346027374268,0.010017912834882736,0.06879736483097076,0.010017912834882736,0.09004022926092148,0.010017912834882736,0.09095224738121033,0.010017912834882736,0.09008637815713882,0.010017912834882736,0.08602782338857651,0.010017912834882736,0.12410200387239456,0.010017912834882736,0.07787588238716125,0.010017912834882736
46,oracle_softmax,2025-11-14,2025-11-17,2025-11-28,0.002201175782829523,0.01621246337890625,0.017055153846740723,0.015830516815185547,0.012200355529785156,0.021823525428771973,-0.0008426904678344727,0.0003819465637207031,0.004012107849121094,-0.005611062049865723,0.016124820336699486,0.0301361083984375,0.013080954551696777,0.014305591583251953,0.017935752868652344,0.008312582969665527,0.10991071909666061,0.9098387956619263,0.09142504632472992,0.010017912834882736,0.1007087454199791,0.010017912834882736,0.10066748410463333,0.010017912834882736,0.10066185146570206,0.010017912834882736,0.09312073886394501,0.010017912834882736,0.10070358961820602,0.010017912834882736,0.10218223929405212,0.010017912834882736,0.10110849887132645,0.010017912834882736,0.09951107949018478,0.010017912834882736
47,top2_blend,2025-11-14,2025-11-17,2025-11-28,0.012501644901931286,0.02714824676513672,0.017055153846740723,0.015830516815185547,0.015376925468444824,0.021823525428771973,0.010093092918395996,0.011317729949951172,0.011771321296691895,0.005324721336364746,0.015489506535232067,0.0301361083984375,0.013080954551696777,0.014305591583251953,0.014759182929992676,0.008312582969665527,0.6185271143913269,0.9098387956619263,9.999920393966022e-07,0.010017912834882736,9.999920393966022e-07,0.010017912834882736,9.999920393966022e-07,0.010017912834882736,9.999920393966022e-07,0.010017912834882736,9.999920393966022e-07,0.010017912834882736,9.999920393966022e-07,0.010017912834882736,0.3814649283885956,0.010017912834882736,9.999920393966022e-07,0.010017912834882736,9.999920393966022e-07,0.010017912834882736
48,best_asset,2025-11-28,2025-12-01,2025-12-12,0.01830657757818699,0.019490599632263184,-0.0023854970932006836,0.002812504768371582,0.006472349166870117,0.0002492666244506836,0.021876096725463867,0.0166780948638916,0.013018250465393066,0.0192413330078125,0.016637051478028297,0.017821073532104492,0.020206570625305176,0.01500856876373291,0.011348724365234375,0.01757180690765381,0.9999910593032837,0.9094185829162598,9.999910162150627e-07,0.010064600966870785,9.999910162150627e-07,0.010064600966870785,9.999910162150627e-07,0.010064600966870785,9.999910162150627e-07,0.010064600966870785,9.999910162150627e-07,0.010064606554806232,9.999910162150627e-07,0.010064600966870785,9.999910162150627e-07,0.010064600966870785,9.999910162150627e-07,0.010064600966870785,9.999910162150627e-07,0.010064600966870785
49,forward_mean_variance,2025-11-28,2025-12-01,2025-12-12,0.019025718793272972,0.019490599632263184,-0.0023854970932006836,0.002812504768371582,0.0028766393661499023,0.0002492666244506836,0.021876096725463867,0.0166780948638916,0.01661396026611328,0.0192413330078125,0.01735619269311428,0.017821073532104492,0.020206570625305176,0.01500856876373291,0.01494443416595459,0.01757180690765381,0.9999910593032837,0.9094185829162598,9.999910162150627e-07,0.010064600966870785,9.999910162150627e-07,0.010064600966870785,9.999910162150627e-07,0.010064600966870785,9.999910162150627e-07,0.010064600966870785,9.999910162150627e-07,0.010064606554806232,9.999910162150627e-07,0.010064600966870785,9.999910162150627e-07,0.010064600966870785,9.999910162150627e-07,0.010064600966870785,9.999910162150627e-07,0.010064600966870785
50,forward_min_variance,2025-11-28,2025-12-01,2025-12-12,0.006167948246002197,0.006383657455444336,-0.0023854970932006836,0.002812504768371582,0.0016307830810546875,0.0002492666244506836,0.00876915454864502,0.003571152687072754,0.0047528743743896484,0.006134390830993652,0.017605364322662354,0.017821073532104492,0.020206570625305176,0.01500856876373291,0.016190290451049805,0.01757180690765381,0.5298513174057007,0.9094185829162598,9.99992948891304e-07,0.010064600966870785,9.99992948891304e-07,0.010064600966870785,9.99992948891304e-07,0.010064600966870785,9.99992948891304e-07,0.010064600966870785,0.05370798707008362,0.010064606554806232,9.99992948891304e-07,0.010064600966870785,9.99992948891304e-07,0.010064600966870785,9.99992948891304e-07,0.010064600966870785,0.4164336025714874,0.010064600966870785
51,forward_risk_parity,2025-11-28,2025-12-01,2025-12-12,0.0060554384253919125,0.006194591522216797,-0.0023854970932006836,0.002812504768371582,0.001248002052307129,0.0002492666244506836,0.00858008861541748,0.003382086753845215,0.004946589469909668,0.005945324897766113,0.017681920900940895,0.017821073532104492,0.020206570625305176,0.01500856876373291,0.016573071479797363,0.01757180690765381,0.30409857630729675,0.9094185829162598,0.07581234723329544,0.010064600966870785,0.07869432121515274,0.010064600966870785,0.076771579682827,0.010064600966870785,0.07828643172979355,0.010064600966870785,0.07862229645252228,0.010064606554806232,0.07835478335618973,0.010064600966870785,0.07083118706941605,0.010064600966870785,0.06025136262178421,0.010064600966870785,0.09827712178230286,0.010064600966870785
52,oracle_softmax,2025-11-28,2025-12-01,2025-12-12,0.0037015199195593596,0.0034208297729492188,-0.0023854970932006836,0.002812504768371582,-0.0008512139320373535,0.0002492666244506836,0.005806326866149902,0.0006083250045776367,0.004272043704986572,0.003171563148498535,0.018101762980222702,0.017821073532104492,0.020206570625305176,0.01500856876373291,0.018672287464141846,0.01757180690765381,0.11032756417989731,0.9094185829162598,0.1054355725646019,0.010064600966870785,0.09669606387615204,0.010064600966870785,0.09294061362743378,0.010064600966870785,0.09675667434930801,0.010064600966870785,0.10725296288728714,0.010064606554806232,0.0967186912894249,0.010064600966870785,0.0975925475358963,0.010064600966870785,0.10459958016872406,0.010064600966870785,0.09167972207069397,0.010064600966870785
53,top2_blend,2025-11-28,2025-12-01,2025-12-12,0.016279613599181175,0.0175173282623291,-0.0023854970932006836,0.002812504768371582,0.0067408084869384766,0.0002492666244506836,0.019902825355529785,0.01470482349395752,0.010776519775390625,0.017268061637878418,0.016583358868956566,0.017821073532104492,0.020206570625305176,0.01500856876373291,0.011080265045166016,0.01757180690765381,0.5687223672866821,0.9094185829162598,9.999920393966022e-07,0.010064600966870785,9.999920393966022e-07,0.010064600966870785,9.999920393966022e-07,0.010064600966870785,9.999920393966022e-07,0.010064600966870785,0.43126964569091797,0.010064606554806232,9.999920393966022e-07,0.010064600966870785,9.999920393966022e-07,0.010064600966870785,9.999920393966022e-07,0.010064600966870785,9.999920393966022e-07,0.010064600966870785
54,best_asset,2025-12-12,2025-12-15,2025-12-26,0.03802238777279854,0.0538637638092041,0.015532970428466797,0.020235419273376465,0.017787814140319824,0.02765488624572754,0.038330793380737305,0.03362834453582764,0.03607594966888428,0.026208877563476562,0.03468726947903633,0.050528645515441895,0.0349956750869751,0.03029322624206543,0.03274083137512207,0.022873759269714355,0.9999910593032837,0.9109496474266052,9.999910162150627e-07,0.009894482791423798,9.999910162150627e-07,0.009894482791423798,9.999910162150627e-07,0.009894482791423798,9.999910162150627e-07,0.009894482791423798,9.999910162150627e-07,0.009894482791423798,9.999910162150627e-07,0.009894482791423798,9.999910162150627e-07,0.009894482791423798,9.999910162150627e-07,0.009894482791423798,9.999910162150627e-07,0.009894482791423798
55,forward_mean_variance,2025-12-12,2025-12-15,2025-12-26,0.03713575750589371,0.0538637638092041,0.015532970428466797,0.020235419273376465,0.022220969200134277,0.02765488624572754,0.038330793380737305,0.03362834453582764,0.031642794609069824,0.026208877563476562,0.0338006392121315,0.050528645515441895,0.0349956750869751,0.03029322624206543,0.028307676315307617,0.022873759269714355,0.9999910593032837,0.9109496474266052,9.999910162150627e-07,0.009894482791423798,9.999910162150627e-07,0.009894482791423798,9.999910162150627e-07,0.009894482791423798,9.999910162150627e-07,0.009894482791423798,9.999910162150627e-07,0.009894482791423798,9.999910162150627e-07,0.009894482791423798,9.999910162150627e-07,0.009894482791423798,9.999910162150627e-07,0.009894482791423798,9.999910162150627e-07,0.009894482791423798
56,forward_min_variance,2025-12-12,2025-12-15,2025-12-26,0.0032417892944067717,0.020203113555908203,0.015532970428466797,0.020235419273376465,0.023387551307678223,0.02765488624572754,0.004670143127441406,-3.230571746826172e-05,-0.0031844377517700195,-0.007451772689819336,0.03356732055544853,0.050528645515441895,0.0349956750869751,0.03029322624206543,0.027141094207763672,0.022873759269714355,0.16030968725681305,0.9109496474266052,0.4604637026786804,0.009894482791423798,9.99992948891304e-07,0.009894482791423798,9.99992948891304e-07,0.009894482791423798,9.99992948891304e-07,0.009894482791423798,9.99992948891304e-07,0.009894482791423798,9.99992948891304e-07,0.009894482791423798,9.99992948891304e-07,0.009894482791423798,0.37921959161758423,0.009894482791423798,9.99992948891304e-07,0.009894482791423798
57,forward_risk_parity,2025-12-12,2025-12-15,2025-12-26,0.005928099155426025,0.022187352180480957,0.015532970428466797,0.020235419273376465,0.019877195358276367,0.02765488624572754,0.00665438175201416,0.0019519329071044922,0.00231015682220459,-0.005467534065246582,0.03426939249038696,0.050528645515441895,0.0349956750869751,0.03029322624206543,0.030651450157165527,0.022873759269714355,0.170057475566864,0.9109496474266052,0.10940878093242645,0.009894482791423798,0.0840097963809967,0.009894482791423798,0.06315384805202484,0.009894482791423798,0.08379849791526794,0.009894482791423798,0.10260571539402008,0.009894482791423798,0.0836712047457695,0.009894482791423798,0.08337589353322983,0.009894482791423798,0.15645340085029602,0.009894482791423798,0.06346537917852402,0.009894482791423798
58,oracle_softmax,2025-12-12,2025-12-15,2025-12-26,0.005284297280013561,0.02115952968597412,0.015532970428466797,0.020235419273376465,0.017957091331481934,0.02765488624572754,0.005626559257507324,0.0009241104125976562,0.0032024383544921875,-0.006495356559753418,0.03465341404080391,0.050528645515441895,0.0349956750869751,0.03029322624206543,0.03257155418395996,0.022873759269714355,0.12203982472419739,0.9109496474266052,0.09944435209035873,0.009894482791423798,0.09689153730869293,0.009894482791423798,0.09843964874744415,0.009894482791423798,0.09696611016988754,0.009894482791423798,0.10097800195217133,0.009894482791423798,0.09699344635009766,0.009894482791423798,0.09597478061914444,0.009894482791423798,0.09192940592765808,0.009894482791423798,0.10034289211034775,0.009894482791423798
59,top2_blend,2025-12-12,2025-12-15,2025-12-26,0.028863752260804176,0.04462277889251709,0.015532970428466797,0.020235419273376465,0.017376065254211426,0.02765488624572754,0.029089808464050293,0.024387359619140625,0.027246713638305664,0.01696789264678955,0.03476961702108383,0.050528645515441895,0.0349956750869751,0.03029322624206543,0.03315258026123047,0.022873759269714355,0.7072990536689758,0.9109496474266052,9.9999215308344e-07,0.009894482791423798,9.9999215308344e-07,0.009894482791423798,9.9999215308344e-07,0.009894482791423798,9.9999215308344e-07,0.009894482791423798,0.2926930785179138,0.009894482791423798,9.9999215308344e-07,0.009894482791423798,9.9999215308344e-07,0.009894482791423798,9.9999215308344e-07,0.009894482791423798,9.9999215308344e-07,0.009894482791423798
60,best_asset,2025-12-26,2025-12-29,2026-01-09,0.01963176764547825,0.027383804321289062,0.005446910858154297,0.008873701095581055,0.014555811882019043,0.015156745910644531,0.021936893463134766,0.018510103225708008,0.01282799243927002,0.012227058410644531,0.0011216640705242753,0.008873701095581055,0.003426790237426758,0.0,-0.005682110786437988,-0.0062830448150634766,9.999910162150627e-07,0.10000000149011612,9.999910162150627e-07,0.10000000149011612,9.999910162150627e-07,0.10000000149011612,9.999910162150627e-07,0.10000000149011612,9.999910162150627e-07,0.10000000149011612,0.9999910593032837,0.10000000149011612,9.999910162150627e-07,0.10000000149011612,9.999910162150627e-07,0.10000000149011612,9.999910162150627e-07,0.10000000149011612,9.999910162150627e-07,0.10000000149011612
61,forward_mean_variance,2025-12-26,2025-12-29,2026-01-09,0.02118709124624729,0.027383804321289062,0.005446910858154297,0.008873701095581055,0.006779193878173828,0.015156745910644531,0.021936893463134766,0.018510103225708008,0.020604610443115234,0.012227058410644531,0.0026769875548779964,0.008873701095581055,0.003426790237426758,0.0,0.0020945072174072266,-0.0062830448150634766,9.999910162150627e-07,0.10000000149011612,9.999910162150627e-07,0.10000000149011612,9.999910162150627e-07,0.10000000149011612,9.999910162150627e-07,0.10000000149011612,9.999910162150627e-07,0.10000000149011612,0.9999910593032837,0.10000000149011612,9.999910162150627e-07,0.10000000149011612,9.999910162150627e-07,0.10000000149011612,9.999910162150627e-07,0.10000000149011612,9.999910162150627e-07,0.10000000149011612
62,forward_min_variance,2025-12-26,2025-12-29,2026-01-09,-0.004398322198539972,0.0013343095779418945,0.005446910858154297,0.008873701095581055,0.004458785057067871,0.015156745910644531,-0.004112601280212402,-0.00753939151763916,-0.0031244754791259766,-0.013822436332702637,0.003141069319099188,0.008873701095581055,0.003426790237426758,0.0,0.004414916038513184,-0.0062830448150634766,9.999940857596812e-07,0.10000000149011612,0.11740449070930481,0.10000000149011612,0.18996253609657288,0.10000000149011612,9.999940857596812e-07,0.10000000149011612,9.999940857596812e-07,0.10000000149011612,9.999940857596812e-07,0.10000000149011612,9.999940857596812e-07,0.10000000149011612,9.999940857596812e-07,0.10000000149011612,0.10625933855772018,0.10000000149011612,0.586367666721344,0.10000000149011612
63,forward_risk_parity,2025-12-26,2025-12-29,2026-01-09,0.002801656723022461,0.008792400360107422,0.005446910858154297,0.008873701095581055,0.005749344825744629,0.015156745910644531,0.003345489501953125,-8.130073547363281e-05,0.003043055534362793,-0.006364345550537109,0.0028829574584960938,0.008873701095581055,0.003426790237426758,0.0,0.0031243562698364258,-0.0062830448150634766,0.03808232769370079,0.10000000149011612,0.10402751713991165,0.10000000149011612,0.11272112280130386,0.10000000149011612,0.09369396418333054,0.10000000149011612,0.11159443110227585,0.10000000149011612,0.09664706140756607,0.10000000149011612,0.11197906732559204,0.10000000149011612,0.1025860533118248,0.10000000149011612,0.08869023621082306,0.10000000149011612,0.13997821509838104,0.10000000149011612
64,oracle_softmax,2025-12-26,2025-12-29,2026-01-09,0.003945398144423962,0.009641528129577637,0.005446910858154297,0.008873701095581055,0.004276275634765625,0.015156745910644531,0.00419461727142334,0.000767827033996582,0.005365252494812012,-0.0055152177810668945,0.0031775713432580233,0.008873701095581055,0.003426790237426758,0.0,0.00459742546081543,-0.0062830448150634766,0.09158960729837418,0.10000000149011612,0.10959197580814362,0.10000000149011612,0.09780482202768326,0.10000000149011612,0.09717787802219391,0.10000000149011612,0.09777616709470749,0.10000000149011612,0.11153123527765274,0.10000000149011612,0.09778735041618347,0.10000000149011612,0.09930769354104996,0.10000000149011612,0.1073119044303894,0.10000000149011612,0.09012137353420258,0.10000000149011612
65,top2_blend,2025-12-26,2025-12-29,2026-01-09,0.019833946600556374,0.026004791259765625,0.005446910858154297,0.008873701095581055,0.0066498517990112305,0.015156745910644531,0.020557880401611328,0.01713109016418457,0.019354939460754395,0.010848045349121094,0.002702855970710516,0.008873701095581055,0.003426790237426758,0.0,0.0022238492965698242,-0.0062830448150634766,9.999920393966022e-07,0.10000000149011612,0.47180235385894775,0.10000000149011612,9.999920393966022e-07,0.10000000149011612,9.999920393966022e-07,0.10000000149011612,9.999920393966022e-07,0.10000000149011612,0.5281896591186523,0.10000000149011612,9.999920393966022e-07,0.10000000149011612,9.999920393966022e-07,0.10000000149011612,9.999920393966022e-07,0.10000000149011612,9.999920393966022e-07,0.10000000149011612
66,best_asset,2026-01-09,2026-01-12,2026-01-23,0.10465671867132187,0.10502445697784424,-0.006973326206207275,0.009025096893310547,0.0022476911544799805,0.04694974422454834,0.11199778318405151,0.09599936008453369,0.10277676582336426,0.0580747127532959,0.09350957721471786,0.09387731552124023,0.10085064172744751,0.08485221862792969,0.09162962436676025,0.046927571296691895,0.9999910593032837,0.8980002999305725,9.999910162150627e-07,0.011324918828904629,9.999910162150627e-07,0.011324835009872913,9.999910162150627e-07,0.011324835009872913,9.999910162150627e-07,0.011324835941195488,9.999910162150627e-07,0.011324889026582241,9.999910162150627e-07,0.011324835009872913,9.999910162150627e-07,0.011324837803840637,9.999910162150627e-07,0.01140088215470314,9.999910162150627e-07,0.011324835009872913
67,forward_mean_variance,2026-01-09,2026-01-12,2026-01-23,0.10510227829217911,0.10502445697784424,-0.006973326206207275,0.009025096893310547,1.990795135498047e-05,0.04694974422454834,0.11199778318405151,0.09599936008453369,0.10500454902648926,0.0580747127532959,0.0939551368355751,0.09387731552124023,0.10085064172744751,0.08485221862792969,0.09385740756988525,0.046927571296691895,0.9999910593032837,0.8980002999305725,9.999910162150627e-07,0.011324918828904629,9.999910162150627e-07,0.011324835009872913,9.999910162150627e-07,0.011324835009872913,9.999910162150627e-07,0.011324835941195488,9.999910162150627e-07,0.011324889026582241,9.999910162150627e-07,0.011324835009872913,9.999910162150627e-07,0.011324837803840637,9.999910162150627e-07,0.01140088215470314,9.999910162150627e-07,0.011324835009872913
68,forward_min_variance,2026-01-09,2026-01-12,2026-01-23,0.031377196311950684,0.03194689750671387,-0.006973326206207275,0.009025096893310547,0.0032575130462646484,0.04694974422454834,0.03892022371292114,0.02292180061340332,0.02868938446044922,-0.015002846717834473,0.09330761432647705,0.09387731552124023,0.10085064172744751,0.08485221862792969,0.09061980247497559,0.046927571296691895,0.2980056405067444,0.8980002999305725,9.999940857596812e-07,0.011324918828904629,0.20995354652404785,0.011324835009872913,9.999940857596812e-07,0.011324835009872913,9.999940857596812e-07,0.011324835941195488,0.05309236794710159,0.011324889026582241,9.999940857596812e-07,0.011324835009872913,9.999940857596812e-07,0.011324837803840637,0.43894249200820923,0.01140088215470314,9.999940857596812e-07,0.011324835009872913
69,forward_risk_parity,2026-01-09,2026-01-12,2026-01-23,0.0255941990762949,0.025495290756225586,-0.006973326206207275,0.009025096893310547,-8.553266525268555e-05,0.04694974422454834,0.03246861696243286,0.01647019386291504,0.02558082342147827,-0.021454453468322754,0.0939762219786644,0.09387731552124023,0.10085064172744751,0.08485221862792969,0.09396284818649292,0.046927571296691895,0.25091731548309326,0.8980002999305725,0.08883574604988098,0.011324918828904629,0.08073891699314117,0.011324835009872913,0.07014353573322296,0.011324835009872913,0.08029031753540039,0.011324835941195488,0.08936307579278946,0.011324889026582241,0.08041056990623474,0.011324835009872913,0.08187656104564667,0.011324837803840637,0.11226027458906174,0.01140088215470314,0.06516370922327042,0.011324835009872913
70,oracle_softmax,2026-01-09,2026-01-12,2026-01-23,0.016907954588532448,0.017228126525878906,-0.006973326206207275,0.009025096893310547,0.002009868621826172,0.04694974422454834,0.02420145273208618,0.00820302963256836,0.015218257904052734,-0.029721617698669434,0.09355714172124863,0.09387731552124023,0.10085064172744751,0.08485221862792969,0.09186744689941406,0.046927571296691895,0.17346377670764923,0.8980002999305725,0.09981371462345123,0.011324918828904629,0.08860206604003906,0.011324835009872913,0.08895992487668991,0.011324835009872913,0.08858603984117508,0.011324835941195488,0.10375578701496124,0.011324889026582241,0.08856207132339478,0.011324835009872913,0.08944031596183777,0.011324837803840637,0.09456498175859451,0.01140088215470314,0.08425131440162659,0.011324835009872913
71,top2_blend,2026-01-09,2026-01-12,2026-01-23,0.09087493270635605,0.09144914150238037,-0.006973326206207275,0.009025096893310547,0.003280043601989746,0.04694974422454834,0.09842246770858765,0.08242404460906982,0.08816909790039062,0.04449939727783203,0.09330310672521591,0.09387731552124023,0.10085064172744751,0.08485221862792969,0.09059727191925049,0.046927571296691895,0.844274640083313,0.8980002999305725,9.9999215308344e-07,0.011324918828904629,9.9999215308344e-07,0.011324835009872913,9.9999215308344e-07,0.011324835009872913,9.9999215308344e-07,0.011324835941195488,0.15571750700473785,0.011324889026582241,9.9999215308344e-07,0.011324835009872913,9.9999215308344e-07,0.011324837803840637,9.9999215308344e-07,0.01140088215470314,9.9999215308344e-07,0.011324835009872913
72,best_asset,2026-01-23,2026-01-26,2026-02-06,0.041052211076021194,0.04453611373901367,0.0020170211791992188,0.005144476890563965,0.005668759346008301,0.015930771827697754,0.04251909255981445,0.03939163684844971,0.03886735439300537,0.028605341911315918,-0.006843877024948597,-0.003359973430633545,-0.005376994609832764,-0.00850445032119751,-0.009028732776641846,-0.0192907452583313,9.999910162150627e-07,0.888443648815155,9.999910162150627e-07,0.01239515095949173,9.999910162150627e-07,0.01239515095949173,9.999910162150627e-07,0.01239515095949173,9.999910162150627e-07,0.01239515095949173,9.999910162150627e-07,0.01239515095949173,9.999910162150627e-07,0.01239515095949173,9.999910162150627e-07,0.01239515095949173,0.9999910593032837,0.012395156547427177,9.999910162150627e-07,0.01239515095949173
73,forward_mean_variance,2026-01-23,2026-01-26,2026-02-06,0.04283064603805542,0.04453611373901367,0.0020170211791992188,0.005144476890563965,-0.003223419189453125,0.015930771827697754,0.04251909255981445,0.03939163684844971,0.0477595329284668,0.028605341911315918,-0.005065441131591797,-0.003359973430633545,-0.005376994609832764,-0.00850445032119751,-0.00013655424118041992,-0.0192907452583313,9.999910162150627e-07,0.888443648815155,9.999910162150627e-07,0.01239515095949173,9.999910162150627e-07,0.01239515095949173,9.999910162150627e-07,0.01239515095949173,9.999910162150627e-07,0.01239515095949173,9.999910162150627e-07,0.01239515095949173,9.999910162150627e-07,0.01239515095949173,9.999910162150627e-07,0.01239515095949173,0.9999910593032837,0.012395156547427177,9.999910162150627e-07,0.01239515095949173
74,forward_min_variance,2026-01-23,2026-01-26,2026-02-06,0.03880072757601738,0.04453611373901367,0.0020170211791992188,0.005144476890563965,0.016926169395446777,0.015930771827697754,0.04251909255981445,0.03939163684844971,0.027609944343566895,0.028605341911315918,-0.009095358662307262,-0.003359973430633545,-0.005376994609832764,-0.00850445032119751,-0.020286142826080322,-0.0192907452583313,9.999910162150627e-07,0.888443648815155,9.999910162150627e-07,0.01239515095949173,9.999910162150627e-07,0.01239515095949173,9.999910162150627e-07,0.01239515095949173,9.999910162150627e-07,0.01239515095949173,9.999910162150627e-07,0.01239515095949173,9.999910162150627e-07,0.01239515095949173,9.999910162150627e-07,0.01239515095949173,0.9999910593032837,0.012395156547427177,9.999910162150627e-07,0.01239515095949173
75,forward_risk_parity,2026-01-23,2026-01-26,2026-02-06,0.006464564707130194,0.008864998817443848,0.0020170211791992188,0.005144476890563965,0.00025141239166259766,0.015930771827697754,0.006847977638244629,0.003720521926879883,0.00861358642578125,-0.007065773010253906,-0.005760407540947199,-0.003359973430633545,-0.005376994609832764,-0.00850445032119751,-0.0036113858222961426,-0.0192907452583313,0.0416734516620636,0.888443648815155,0.09226754307746887,0.01239515095949173,0.11093494296073914,0.01239515095949173,0.08129506558179855,0.01239515095949173,0.1125464215874672,0.01239515095949173,0.0897931382060051,0.01239515095949173,0.1107761338353157,0.01239515095949173,0.10376469045877457,0.01239515095949173,0.17464520037174225,0.012395156547427177,0.08230341970920563,0.01239515095949173
76,oracle_softmax,2026-01-23,2026-01-26,2026-02-06,0.0058509232476353645,0.007783651351928711,0.0020170211791992188,0.005144476890563965,-0.002087116241455078,0.015930771827697754,0.005766630172729492,0.002639174461364746,0.009870767593383789,-0.008147120475769043,-0.005292701534926891,-0.003359973430633545,-0.005376994609832764,-0.00850445032119751,-0.0012728571891784668,-0.0192907452583313,0.09345495700836182,0.888443648815155,0.11222950369119644,0.01239515095949173,0.09791532158851624,0.01239515095949173,0.08518484234809875,0.01239515095949173,0.09779322147369385,0.01239515095949173,0.11169634759426117,0.01239515095949173,0.09791518747806549,0.01239515095949173,0.09730026870965958,0.01239515095949173,0.12621352076530457,0.012395156547427177,0.08029670268297195,0.01239515095949173
77,top2_blend,2026-01-23,2026-01-26,2026-02-06,0.0340915322303772,0.03753352165222168,0.0020170211791992188,0.005144476890563965,0.005459189414978027,0.015930771827697754,0.03551650047302246,0.032389044761657715,0.03207433223724365,0.021602749824523926,-0.006801962852478027,-0.003359973430633545,-0.005376994609832764,-0.00850445032119751,-0.008819162845611572,-0.0192907452583313,9.999920393966022e-07,0.888443648815155,0.3591986894607544,0.01239515095949173,9.999920393966022e-07,0.01239515095949173,9.999920393966022e-07,0.01239515095949173,9.999920393966022e-07,0.01239515095949173,9.999920393966022e-07,0.01239515095949173,9.999920393966022e-07,0.01239515095949173,9.999920393966022e-07,0.01239515095949173,0.6407933235168457,0.012395156547427177,9.999920393966022e-07,0.01239515095949173
78,best_asset,2026-02-06,2026-02-09,2026-02-20,0.0294538252055645,0.031912803649902344,-0.001723170280456543,0.007118701934814453,0.005063176155090332,0.022280216217041016,0.03363597393035889,0.02479410171508789,0.02684962749481201,0.009632587432861328,0.004659724421799183,0.007118701934814453,0.008841872215270996,0.0,0.002055525779724121,-0.015161514282226562,9.999910162150627e-07,0.09999999403953552,9.999910162150627e-07,0.10000000894069672,9.999910162150627e-07,0.09999998658895493,9.999910162150627e-07,0.09999997168779373,9.999910162150627e-07,0.09999998658895493,0.9999910593032837,0.10000003129243851,9.999910162150627e-07,0.09999998658895493,9.999910162150627e-07,0.09999998658895493,9.999910162150627e-07,0.10000006854534149,9.999910162150627e-07,0.09999997168779373
79,forward_mean_variance,2026-02-06,2026-02-09,2026-02-20,0.029622960835695267,0.031912803649902344,-0.001723170280456543,0.007118701934814453,0.00421750545501709,0.022280216217041016,0.03363597393035889,0.02479410171508789,0.027695298194885254,0.009632587432861328,0.0048288581892848015,0.007118701934814453,0.008841872215270996,0.0,0.0029011964797973633,-0.015161514282226562,9.999910162150627e-07,0.09999999403953552,9.999910162150627e-07,0.10000000894069672,9.999910162150627e-07,0.09999998658895493,9.999910162150627e-07,0.09999997168779373,9.999910162150627e-07,0.09999998658895493,0.9999910593032837,0.10000003129243851,9.999910162150627e-07,0.09999998658895493,9.999910162150627e-07,0.09999998658895493,9.999910162150627e-07,0.10000006854534149,9.999910162150627e-07,0.09999997168779373
80,forward_min_variance,2026-02-06,2026-02-09,2026-02-20,0.006531930062919855,0.009742498397827148,-0.001723170280456543,0.007118701934814453,0.00882112979888916,0.022280216217041016,0.011465668678283691,0.0026237964630126953,0.0009213685989379883,-0.012537717819213867,0.00390813359990716,0.007118701934814453,0.008841872215270996,0.0,-0.001702427864074707,-0.015161514282226562,9.9999215308344e-07,0.09999999403953552,0.3454352617263794,0.10000000894069672,9.9999215308344e-07,0.09999998658895493,9.9999215308344e-07,0.09999997168779373,9.9999215308344e-07,0.09999998658895493,9.9999215308344e-07,0.10000003129243851,9.9999215308344e-07,0.09999998658895493,9.9999215308344e-07,0.09999998658895493,0.6545568704605103,0.10000006854534149,9.9999215308344e-07,0.09999997168779373
81,forward_risk_parity,2026-02-06,2026-02-09,2026-02-20,0.003598976181820035,0.006384849548339844,-0.001723170280456543,0.007118701934814453,0.006697654724121094,0.022280216217041016,0.008108019828796387,-0.0007338523864746094,-0.00031280517578125,-0.015895366668701172,0.004332828335464001,0.007118701934814453,0.008841872215270996,0.0,0.0004210472106933594,-0.015161514282226562,0.03396264463663101,0.09999999403953552,0.12747803330421448,0.10000000894069672,0.1033836081624031,0.09999998658895493,0.07424821704626083,0.09999997168779373,0.10275242477655411,0.09999998658895493,0.10930843651294708,0.10000003129243851,0.10298878699541092,0.09999998658895493,0.10243632644414902,0.09999998658895493,0.16125330328941345,0.10000006854534149,0.08218822628259659,0.09999997168779373
82,oracle_softmax,2026-02-06,2026-02-09,2026-02-20,0.005751681514084339,0.0083695650100708,-0.001723170280456543,0.007118701934814453,0.005857706069946289,0.022280216217041016,0.010092735290527344,0.0012508630752563477,0.0025118589401245117,-0.013910651206970215,0.0045008184388279915,0.007118701934814453,0.008841872215270996,0.0,0.001260995864868164,-0.015161514282226562,0.11358876526355743,0.09999999403953552,0.11012326925992966,0.10000000894069672,0.09445763379335403,0.09999998658895493,0.09472277015447617,0.09999997168779373,0.09452679008245468,0.09999998658895493,0.11566527932882309,0.10000003129243851,0.0944148600101471,0.09999998658895493,0.09435641765594482,0.09999998658895493,0.09687932580709457,0.10000006854534149,0.09126488864421844,0.09999997168779373
83,top2_blend,2026-02-06,2026-02-09,2026-02-20,0.026555275544524193,0.030829906463623047,-0.001723170280456543,0.007118701934814453,0.014141440391540527,0.022280216217041016,0.03255307674407959,0.023711204528808594,0.01668846607208252,0.008549690246582031,0.0028440714813768864,0.007118701934814453,0.008841872215270996,0.0,-0.007022738456726074,-0.015161514282226562,0.47516924142837524,0.09999999403953552,9.9999215308344e-07,0.10000000894069672,9.9999215308344e-07,0.09999998658895493,9.9999215308344e-07,0.09999997168779373,9.9999215308344e-07,0.09999998658895493,0.5248228907585144,0.10000003129243851,9.9999215308344e-07,0.09999998658895493,9.9999215308344e-07,0.09999998658895493,9.9999215308344e-07,0.10000006854534149,9.9999215308344e-07,0.09999997168779373
84,best_asset,2026-02-20,2026-02-23,2026-03-06,0.03557685762643814,0.010434746742248535,-0.024730682373046875,-0.027436137199401855,-0.0350949764251709,-0.03646498918533325,0.03516542911529541,0.03787088394165039,0.045529723167419434,0.04689973592758179,0.0315578356385231,0.006415724754333496,0.03114640712738037,0.03385186195373535,0.041510701179504395,0.04288071393966675,0.9999910593032837,0.902092456817627,9.999910162150627e-07,0.010878616943955421,9.999910162150627e-07,0.010878616943955421,9.999910162150627e-07,0.010878616943955421,9.999910162150627e-07,0.010878616943955421,9.999910162150627e-07,0.010878616943955421,9.999910162150627e-07,0.010878616943955421,9.999910162150627e-07,0.010878616943955421,9.999910162150627e-07,0.010878616943955421,9.999910162150627e-07,0.010878616943955421
85,forward_mean_variance,2026-02-20,2026-02-23,2026-03-06,0.032261013984680176,0.010434746742248535,-0.024730682373046875,-0.027436137199401855,-0.01851576566696167,-0.03646498918533325,0.03516542911529541,0.03787088394165039,0.028950512409210205,0.04689973592758179,0.028241991996765137,0.006415724754333496,0.03114640712738037,0.03385186195373535,0.024931490421295166,0.04288071393966675,0.9999910593032837,0.902092456817627,9.999910162150627e-07,0.010878616943955421,9.999910162150627e-07,0.010878616943955421,9.999910162150627e-07,0.010878616943955421,9.999910162150627e-07,0.010878616943955421,9.999910162150627e-07,0.010878616943955421,9.999910162150627e-07,0.010878616943955421,9.999910162150627e-07,0.010878616943955421,9.999910162150627e-07,0.010878616943955421,9.999910162150627e-07,0.010878616943955421
86,forward_min_variance,2026-02-20,2026-02-23,2026-03-06,-0.0010995268821716309,-0.025620877742767334,-0.024730682373046875,-0.027436137199401855,-0.03199118375778198,-0.03646498918533325,-0.000890195369720459,0.0018152594566345215,0.0063703060150146484,0.010844111442565918,0.0309370756149292,0.006415724754333496,0.03114640712738037,0.03385186195373535,0.03840690851211548,0.04288071393966675,0.08689078688621521,0.902092456817627,9.999930625781417e-07,0.010878616943955421,9.999930625781417e-07,0.010878616943955421,9.999930625781417e-07,0.010878616943955421,0.4280931353569031,0.010878616943955421,9.999930625781417e-07,0.010878616943955421,9.999930625781417e-07,0.010878616943955421,9.999930625781417e-07,0.010878616943955421,0.48500916361808777,0.010878616943955421,9.999930625781417e-07,0.010878616943955421
87,forward_risk_parity,2026-02-20,2026-02-23,2026-03-06,-0.0025262832641601562,-0.024671971797943115,-0.024730682373046875,-0.027436137199401855,-0.02011287212371826,-0.03646498918533325,5.8710575103759766e-05,0.0027641654014587402,-0.0045590996742248535,0.011793017387390137,0.028561413288116455,0.006415724754333496,0.03114640712738037,0.03385186195373535,0.026528596878051758,0.04288071393966675,0.11358395218849182,0.902092456817627,0.0675993338227272,0.010878616943955421,0.11379227042198181,0.010878616943955421,0.07961267232894897,0.010878616943955421,0.11387428641319275,0.010878616943955421,0.06018124893307686,0.010878616943955421,0.11376786231994629,0.010878616943955421,0.10716366767883301,0.010878616943955421,0.12684814631938934,0.010878616943955421,0.10357663035392761,0.010878616943955421
88,oracle_softmax,2026-02-20,2026-02-23,2026-03-06,-0.001017153263092041,-0.02496325969696045,-0.024730682373046875,-0.027436137199401855,-0.029114961624145508,-0.03646498918533325,-0.00023257732391357422,0.0024728775024414062,0.004151701927185059,0.011501729488372803,0.030361831188201904,0.006415724754333496,0.03114640712738037,0.03385186195373535,0.035530686378479004,0.04288071393966675,0.12467466294765472,0.902092456817627,0.08078671991825104,0.010878616943955421,0.10098166763782501,0.010878616943955421,0.10710488259792328,0.010878616943955421,0.10095898061990738,0.010878616943955421,0.08121990412473679,0.010878616943955421,0.10104472190141678,0.010878616943955421,0.1001700833439827,0.010878616943955421,0.0960080474615097,0.010878616943955421,0.1070503294467926,0.010878616943955421
89,top2_blend,2026-02-20,2026-02-23,2026-03-06,0.033622968941926956,0.010434746742248535,-0.024730682373046875,-0.027436137199401855,-0.025325536727905273,-0.03646498918533325,0.03516542911529541,0.03787088394165039,0.03576028347015381,0.04689973592758179,0.029603946954011917,0.006415724754333496,0.03114640712738037,0.03385186195373535,0.03174126148223877,0.04288071393966675,0.9999910593032837,0.902092456817627,9.999910162150627e-07,0.010878616943955421,9.999910162150627e-07,0.010878616943955421,9.999910162150627e-07,0.010878616943955421,9.999910162150627e-07,0.010878616943955421,9.999910162150627e-07,0.010878616943955421,9.999910162150627e-07,0.010878616943955421,9.999910162150627e-07,0.010878616943955421,9.999910162150627e-07,0.010878616943955421,9.999910162150627e-07,0.010878616943955421
90,best_asset,2026-03-06,2026-03-09,2026-03-20,0.009079230017960072,-0.027546048164367676,-0.03277713060379028,-0.04565882682800293,-0.0490838885307312,-0.07017874717712402,0.005231082439422607,0.018112778663635254,0.021537840366363525,0.04263269901275635,-0.009033667854964733,-0.04565894603729248,-0.012881815433502197,-1.1920928955078125e-07,0.0034249424934387207,0.024519801139831543,9.999910162150627e-07,0.09999905526638031,9.999910162150627e-07,0.10000816732645035,9.999910162150627e-07,0.09999904781579971,9.999910162150627e-07,0.09999904781579971,9.999910162150627e-07,0.09999904781579971,9.999910162150627e-07,0.09999944269657135,9.999910162150627e-07,0.09999904781579971,9.999910162150627e-07,0.09999904781579971,0.9999910593032837,0.0999990925192833,9.999910162150627e-07,0.09999904781579971
91,forward_mean_variance,2026-03-06,2026-03-09,2026-03-20,0.008988249115645885,-0.027546048164367676,-0.03277713060379028,-0.04565882682800293,-0.04862898588180542,-0.07017874717712402,0.005231082439422607,0.018112778663635254,0.021082937717437744,0.04263269901275635,-0.00912464875727892,-0.04565894603729248,-0.012881815433502197,-1.1920928955078125e-07,0.0029700398445129395,0.024519801139831543,9.999910162150627e-07,0.09999905526638031,9.999910162150627e-07,0.10000816732645035,9.999910162150627e-07,0.09999904781579971,9.999910162150627e-07,0.09999904781579971,9.999910162150627e-07,0.09999904781579971,9.999910162150627e-07,0.09999944269657135,9.999910162150627e-07,0.09999904781579971,9.999910162150627e-07,0.09999904781579971,0.9999910593032837,0.0999990925192833,9.999910162150627e-07,0.09999904781579971
92,forward_min_variance,2026-03-06,2026-03-09,2026-03-20,0.006650471594184637,-0.027546048164367676,-0.03277713060379028,-0.04565882682800293,-0.03694009780883789,-0.07017874717712402,0.005231082439422607,0.018112778663635254,0.009394049644470215,0.04263269901275635,-0.01146242581307888,-0.04565894603729248,-0.012881815433502197,-1.1920928955078125e-07,-0.00871884822845459,0.024519801139831543,9.999910162150627e-07,0.09999905526638031,9.999910162150627e-07,0.10000816732645035,9.999910162150627e-07,0.09999904781579971,9.999910162150627e-07,0.09999904781579971,9.999910162150627e-07,0.09999904781579971,9.999910162150627e-07,0.09999944269657135,9.999910162150627e-07,0.09999904781579971,9.999910162150627e-07,0.09999904781579971,0.9999910593032837,0.0999990925192833,9.999910162150627e-07,0.09999904781579971
93,forward_risk_parity,2026-03-06,2026-03-09,2026-03-20,-0.008160650730133057,-0.042746782302856445,-0.03277713060379028,-0.04565882682800293,-0.03888815641403198,-0.07017874717712402,-0.009969651699066162,0.0029120445251464844,-0.003858625888824463,0.027431964874267578,-0.011072814464569092,-0.04565894603729248,-0.012881815433502197,-1.1920928955078125e-07,-0.006770789623260498,0.024519801139831543,0.08317036181688309,0.09999905526638031,0.07454567402601242,0.10000816732645035,0.10987266898155212,0.09999904781579971,0.09038829803466797,0.09999904781579971,0.11013050377368927,0.09999904781579971,0.06656091660261154,0.09999944269657135,0.1101359948515892,0.09999904781579971,0.10648126155138016,0.09999904781579971,0.15903742611408234,0.0999990925192833,0.0896768867969513,0.09999904781579971
94,oracle_softmax,2026-03-06,2026-03-09,2026-03-20,-0.005307924933731556,-0.04165756702423096,-0.03277713060379028,-0.04565882682800293,-0.04770570993423462,-0.07017874717712402,-0.008880436420440674,0.004001259803771973,0.006048142910003662,0.028521180152893066,-0.00930930394679308,-0.04565894603729248,-0.012881815433502197,-1.1920928955078125e-07,0.0020467638969421387,0.024519801139831543,0.06052374094724655,0.09999905526638031,0.09576772898435593,0.10000816732645035,0.10630052536725998,0.09999904781579971,0.10863448679447174,0.09999904781579971,0.10651646554470062,0.09999904781579971,0.0972098857164383,0.09999944269657135,0.10628974437713623,0.09999904781579971,0.1061173602938652,0.09999904781579971,0.10991282016038895,0.0999990925192833,0.1027272418141365,0.09999904781579971
95,top2_blend,2026-03-06,2026-03-09,2026-03-20,-0.005415439605712891,-0.04565882682800293,-0.03277713060379028,-0.04565882682800293,-0.06717443466186523,-0.07017874717712402,-0.012881696224212646,0.0,0.021515607833862305,0.024519920349121094,-0.005415558815002441,-0.04565894603729248,-0.012881815433502197,-1.1920928955078125e-07,0.021515488624572754,0.024519801139831543,0.10000000149011612,0.09999905526638031,0.10000000149011612,0.10000816732645035,0.10000000149011612,0.09999904781579971,0.10000000149011612,0.09999904781579971,0.10000000149011612,0.09999904781579971,0.10000000149011612,0.09999944269657135,0.10000000149011612,0.09999904781579971,0.10000000149011612,0.09999904781579971,0.10000000149011612,0.0999990925192833,0.10000000149011612,0.09999904781579971
96,best_asset,2026-03-20,2026-03-23,2026-04-02,0.032241784036159515,0.04791915416717529,0.01119387149810791,0.020883917808532715,0.0246732234954834,0.03319072723388672,0.03672528266906738,0.027035236358642578,0.023245930671691895,0.014728426933288574,0.022552454844117165,0.03822982311248779,0.027035951614379883,0.017345905303955078,0.013556599617004395,0.005039095878601074,9.999910162150627e-07,0.04108802229166031,0.9999910593032837,0.2828732132911682,9.999910162150627e-07,0.011799580417573452,9.999910162150627e-07,0.011755707673728466,9.999910162150627e-07,0.011908400803804398,9.999910162150627e-07,0.4732549488544464,9.999910162150627e-07,0.011804529465734959,9.999910162150627e-07,0.011798991821706295,9.999910162150627e-07,0.13196268677711487,9.999910162150627e-07,0.011753940023481846
97,forward_mean_variance,2026-03-20,2026-03-23,2026-04-02,0.03371409326791763,0.04791915416717529,0.01119387149810791,0.020883917808532715,0.017311692237854004,0.03319072723388672,0.03672528266906738,0.027035236358642578,0.03060746192932129,0.014728426933288574,0.024024760350584984,0.03822982311248779,0.027035951614379883,0.017345905303955078,0.02091813087463379,0.005039095878601074,9.999910162150627e-07,0.04108802229166031,0.9999910593032837,0.2828732132911682,9.999910162150627e-07,0.011799580417573452,9.999910162150627e-07,0.011755707673728466,9.999910162150627e-07,0.011908400803804398,9.999910162150627e-07,0.4732549488544464,9.999910162150627e-07,0.011804529465734959,9.999910162150627e-07,0.011798991821706295,9.999910162150627e-07,0.13196268677711487,9.999910162150627e-07,0.011753940023481846
98,forward_min_variance,2026-03-20,2026-03-23,2026-04-02,0.0024299025535583496,0.018497705459594727,0.01119387149810791,0.020883917808532715,0.026625394821166992,0.03319072723388672,0.007303833961486816,-0.0023862123489379883,-0.008127689361572266,-0.014693021774291992,0.022162020206451416,0.03822982311248779,0.027035951614379883,0.017345905303955078,0.0116044282913208,0.005039095878601074,0.008727355860173702,0.04108802229166031,9.999920393966022e-07,0.2828732132911682,9.999920393966022e-07,0.011799580417573452,9.999920393966022e-07,0.011755707673728466,9.999920393966022e-07,0.011908400803804398,9.999920393966022e-07,0.4732549488544464,9.999920393966022e-07,0.011804529465734959,9.999920393966022e-07,0.011798991821706295,0.9912646412849426,0.13196268677711487,9.999920393966022e-07,0.011753940023481846
99,forward_risk_parity,2026-03-20,2026-03-23,2026-04-02,0.005318629555404186,0.020471811294555664,0.01119387149810791,0.020883917808532715,0.022052288055419922,0.03319072723388672,0.009277939796447754,-0.0004121065139770508,-0.0015804767608642578,-0.012718915939331055,0.02307664230465889,0.03822982311248779,0.027035951614379883,0.017345905303955078,0.01617753505706787,0.005039095878601074,0.0940423384308815,0.04108802229166031,0.08290959149599075,0.2828732132911682,0.09911363571882248,0.011799580417573452,0.07936292886734009,0.011755707673728466,0.09825761616230011,0.011908400803804398,0.07937785238027573,0.4732549488544464,0.09897956997156143,0.011804529465734959,0.09761527180671692,0.011798991821706295,0.20072002708911896,0.13196268677711487,0.06962116807699203,0.011753940023481846
100,oracle_softmax,2026-03-20,2026-03-23,2026-04-02,0.00879060011357069,0.022311925888061523,0.01119387149810791,0.020883917808532715,0.0138930082321167,0.03319072723388672,0.011118054389953613,0.0014280080795288086,0.008418917655944824,-0.010878801345825195,0.024708498269319534,0.03822982311248779,0.027035951614379883,0.017345905303955078,0.024336814880371094,0.005039095878601074,0.1110142171382904,0.04108802229166031,0.11727326363325119,0.2828732132911682,0.09440159052610397,0.011799580417573452,0.09134966135025024,0.011755707673728466,0.09408082813024521,0.011908400803804398,0.11311913281679153,0.4732549488544464,0.09432672709226608,0.011804529465734959,0.09558796137571335,0.011798991821706295,0.09817654639482498,0.13196268677711487,0.09067008644342422,0.011753940023481846
101,top2_blend,2026-03-20,2026-03-23,2026-04-02,0.030296575278043747,0.04511582851409912,0.01119387149810791,0.020883917808532715,0.02038264274597168,0.03319072723388672,0.03392195701599121,0.024231910705566406,0.02473318576812744,0.011925101280212402,0.02341056987643242,0.03822982311248779,0.027035951614379883,0.017345905303955078,0.017847180366516113,0.005039095878601074,9.999920393966022e-07,0.04108802229166031,0.5334535837173462,0.2828732132911682,9.999920393966022e-07,0.011799580417573452,9.999920393966022e-07,0.011755707673728466,9.999920393966022e-07,0.011908400803804398,0.4665384888648987,0.4732549488544464,9.999920393966022e-07,0.011804529465734959,9.999920393966022e-07,0.011798991821706295,9.999920393966022e-07,0.13196268677711487,9.999920393966022e-07,0.011753940023481846
102,best_asset,2026-04-02,2026-04-06,2026-04-14,0.025133848190307617,0.07847881317138672,0.05890250205993652,0.0578465461730957,0.062150001525878906,0.04320681095123291,0.019576311111450195,0.020632266998291016,0.016328811645507812,0.03527200222015381,0.0045015811920166016,0.0578465461730957,-0.0010559558868408203,0.0,-0.004303455352783203,0.014639735221862793,9.999910162150627e-07,0.10000000149011612,9.999910162150627e-07,0.10000000149011612,9.999910162150627e-07,0.10000000149011612,9.999910162150627e-07,0.10000000149011612,9.999910162150627e-07,0.10000000149011612,9.999910162150627e-07,0.10000000149011612,9.999910162150627e-07,0.10000000149011612,9.999910162150627e-07,0.10000000149011612,9.999910162150627e-07,0.10000000149011612,0.9999910593032837,0.10000000149011612
103,forward_mean_variance,2026-04-02,2026-04-06,2026-04-14,0.026070594787597656,0.07847881317138672,0.05890250205993652,0.0578465461730957,0.05746626853942871,0.04320681095123291,0.019576311111450195,0.020632266998291016,0.021012544631958008,0.03527200222015381,0.005438327789306641,0.0578465461730957,-0.0010559558868408203,0.0,0.0003802776336669922,0.014639735221862793,9.999910162150627e-07,0.10000000149011612,9.999910162150627e-07,0.10000000149011612,9.999910162150627e-07,0.10000000149011612,9.999910162150627e-07,0.10000000149011612,9.999910162150627e-07,0.10000000149011612,9.999910162150627e-07,0.10000000149011612,9.999910162150627e-07,0.10000000149011612,9.999910162150627e-07,0.10000000149011612,9.999910162150627e-07,0.10000000149011612,0.9999910593032837,0.10000000149011612
104,forward_min_variance,2026-04-02,2026-04-06,2026-04-14,-0.01950857602059841,0.033464670181274414,0.05890250205993652,0.0578465461730957,0.060291409492492676,0.04320681095123291,-0.02543783187866211,-0.02438187599182129,-0.02682673931121826,-0.009742140769958496,0.00487329950556159,0.0578465461730957,-0.0010559558868408203,0.0,-0.0024448633193969727,0.014639735221862793,0.4883221387863159,0.10000000149011612,9.9999215308344e-07,0.10000000149011612,9.9999215308344e-07,0.10000000149011612,9.9999215308344e-07,0.10000000149011612,9.9999215308344e-07,0.10000000149011612,9.9999215308344e-07,0.10000000149011612,9.9999215308344e-07,0.10000000149011612,9.9999215308344e-07,0.10000000149011612,0.511669933795929,0.10000000149011612,9.9999215308344e-07,0.10000000149011612
105,forward_risk_parity,2026-04-02,2026-04-06,2026-04-14,0.0014692783588543534,0.05462086200714111,0.05890250205993652,0.0578465461730957,0.06118309497833252,0.04320681095123291,-0.00428164005279541,-0.00322568416595459,-0.006562232971191406,0.011414051055908203,0.0046949624083936214,0.0578465461730957,-0.0010559558868408203,0.0,-0.0033365488052368164,0.014639735221862793,0.20691128075122833,0.10000000149011612,0.06403889507055283,0.10000000149011612,0.09881390631198883,0.10000000149011612,0.08154807984828949,0.10000000149011612,0.09644303470849991,0.10000000149011612,0.0623038187623024,0.10000000149011612,0.09735353291034698,0.10000000149011612,0.09620209038257599,0.10000000149011612,0.10524386167526245,0.10000000149011612,0.09114149957895279,0.10000000149011612
106,oracle_softmax,2026-04-02,2026-04-06,2026-04-14,0.005368590354919434,0.059006333351135254,0.05890250205993652,0.0578465461730957,0.0636138916015625,0.04320681095123291,0.00010383129119873047,0.0011597871780395508,-0.004607558250427246,0.015799522399902344,0.004208803176879883,0.0578465461730957,-0.0010559558868408203,0.0,-0.005767345428466797,0.014639735221862793,0.08767732232809067,0.10000000149011612,0.09985987097024918,0.10000000149011612,0.10020503401756287,0.10000000149011612,0.11016418784856796,0.10000000149011612,0.10028205811977386,0.10000000149011612,0.10448720306158066,0.10000000149011612,0.10012491047382355,0.10000000149011612,0.09994757920503616,0.10000000149011612,0.08447103947401047,0.10000000149011612,0.11278068274259567,0.10000000149011612
107,top2_blend,2026-04-02,2026-04-06,2026-04-14,0.023468827828764915,0.07657504081726074,0.05890250205993652,0.0578465461730957,0.06095623970031738,0.04320681095123291,0.01767253875732422,0.01872849464416504,0.01561880111694336,0.03336822986602783,0.004740333650261164,0.0578465461730957,-0.0010559558868408203,0.0,-0.0031096935272216797,0.014639735221862793,9.999920393966022e-07,0.10000000149011612,9.999920393966022e-07,0.10000000149011612,9.999920393966022e-07,0.10000000149011612,0.48721495270729065,0.10000000149011612,9.999920393966022e-07,0.10000000149011612,9.999920393966022e-07,0.10000000149011612,9.999920393966022e-07,0.10000000149011612,9.999920393966022e-07,0.10000000149011612,9.999920393966022e-07,0.10000000149011612,0.5127770304679871,0.10000000149011612
