RebalanceDate,train_start,train_end,sample_size,objective,success,message,expected_return,expected_volatility,turnover,constraint_violations
2015-07-10,2015-01-05,2015-07-10,130,min_variance,True,Optimization terminated successfully,0.015577511536238223,0.08952748225950884,0.0,
2015-07-17,2015-01-05,2015-07-17,135,min_variance,True,Optimization terminated successfully,0.0230040360522697,0.0884654448571523,0.005225892686982744,
2015-07-24,2015-01-05,2015-07-24,140,min_variance,True,Optimization terminated successfully,-0.02091280777939828,0.0887397154344387,0.012072266078464997,
2015-07-31,2015-01-05,2015-07-31,145,min_variance,True,Optimization terminated successfully,-0.011175616954971726,0.08832360939697133,0.014845561381155545,
2015-08-07,2015-01-05,2015-08-07,150,min_variance,True,Optimization terminated successfully,-0.02592028695800494,0.0872488972255675,0.011112360015127165,
2015-08-14,2015-01-05,2015-08-14,155,min_variance,True,Optimization terminated successfully,-0.004384071758740983,0.08778573119753447,0.005252000227078411,
2015-08-21,2015-01-05,2015-08-21,160,min_variance,True,Optimization terminated successfully,-0.0318032811791467,0.08908658272643596,0.031387343611032535,
2015-08-28,2015-01-05,2015-08-28,165,min_variance,True,Optimization terminated successfully,-0.03476647947727683,0.09688942704457412,0.11507219003901997,
2015-09-04,2015-01-05,2015-09-04,170,min_variance,True,Optimization terminated successfully,-0.06779394603342273,0.09780397895396141,0.02058952482594941,
2015-09-11,2015-01-05,2015-09-11,174,min_variance,True,Optimization terminated successfully,-0.061023463521903645,0.0990624986319204,0.009413037724203079,
2015-09-18,2015-01-05,2015-09-18,179,min_variance,True,Optimization terminated successfully,-0.037413482671173746,0.09891929881049553,0.0057339857202948555,
2015-09-25,2015-01-05,2015-09-25,184,min_variance,True,Optimization terminated successfully,-0.042431592826840836,0.09900951041012117,0.01858689988120906,
2015-10-02,2015-01-05,2015-10-02,189,min_variance,True,Optimization terminated successfully,-0.041356857366331684,0.10225673156476714,0.025016294641464428,
2015-10-09,2015-01-05,2015-10-09,194,min_variance,True,Optimization terminated successfully,-0.009438010655961414,0.10193910190323395,0.0014968440627351025,
2015-10-16,2015-01-05,2015-10-16,199,min_variance,True,Optimization terminated successfully,0.006499463700321287,0.10121241476360773,0.009344057519701209,
2015-10-23,2015-01-05,2015-10-23,204,min_variance,True,Optimization terminated successfully,0.011602502956630236,0.10089451157859063,0.016212161140636915,
2015-10-30,2015-01-05,2015-10-30,209,min_variance,True,Optimization terminated successfully,-0.0005442737653855827,0.09998386142206636,0.0018031528334652314,
2015-11-06,2015-01-05,2015-11-06,214,min_variance,True,Optimization terminated successfully,-0.025007037279779317,0.09973748531625042,0.005447868296866712,
2015-11-13,2015-01-05,2015-11-13,219,min_variance,True,Optimization terminated successfully,-0.04809832239960993,0.09917001748613394,0.006931143435645612,
2015-11-20,2015-01-05,2015-11-20,224,min_variance,True,Optimization terminated successfully,-0.03304149095090344,0.09924805223644367,0.0033533028767847393,
2015-11-27,2015-01-05,2015-11-27,228,min_variance,True,Optimization terminated successfully,-0.04212135774896544,0.09881828589876943,0.0031340401180168388,
2015-12-04,2015-01-05,2015-12-04,233,min_variance,True,Optimization terminated successfully,-0.024820488921275915,0.10125184393869381,0.008044035940120941,
2015-12-11,2015-01-05,2015-12-11,238,min_variance,True,Optimization terminated successfully,-0.04845099477021336,0.10098631810787703,0.007447719329069334,
2015-12-18,2015-01-05,2015-12-18,243,min_variance,True,Optimization terminated successfully,-0.05371779000068265,0.10276592950201426,0.004470119964258118,
2015-12-24,2015-01-05,2015-12-24,247,min_variance,True,Optimization terminated successfully,-0.03431305397728464,0.10256422501310647,0.00047569217719245667,
2015-12-31,2015-01-05,2015-12-31,251,min_variance,True,Optimization terminated successfully,-0.047042230538532855,0.10231151641647698,0.008348776232910398,
2016-01-08,2015-01-09,2016-01-08,252,min_variance,True,Optimization terminated successfully,-0.06202614071878645,0.10227303719993125,0.0014727823405622609,
2016-01-15,2015-01-16,2016-01-15,252,min_variance,True,Optimization terminated successfully,-0.08909208483519314,0.10218789698836749,0.015412907879167059,
2016-01-22,2015-01-23,2016-01-22,252,min_variance,True,Optimization terminated successfully,-0.11313522350554746,0.10059514552370771,0.003137013489331153,
2016-01-29,2015-01-30,2016-01-29,252,min_variance,True,Optimization terminated successfully,-0.06742630138333405,0.10124362207968025,0.011076249134567728,
2016-02-05,2015-02-06,2016-02-05,252,min_variance,True,Optimization terminated successfully,-0.06608311994836487,0.10193949825477797,0.0022819608929383894,
2016-02-12,2015-02-13,2016-02-12,252,min_variance,True,Optimization terminated successfully,-0.024110845040615975,0.1021846432246201,0.009344636203893947,
2016-02-19,2015-02-20,2016-02-19,252,min_variance,True,Optimization terminated successfully,-0.011169169121379512,0.10343968982369096,0.0094143066275712,
2016-02-26,2015-02-27,2016-02-26,252,min_variance,True,Optimization terminated successfully,-0.009714019754239706,0.10392250502659496,0.00198579003870425,
2016-03-04,2015-03-06,2016-03-04,252,min_variance,True,Optimization terminated successfully,0.025592060586832388,0.10488009419903939,0.0009353742826455624,
2016-03-11,2015-03-13,2016-03-11,252,min_variance,True,Optimization terminated successfully,0.053503259672407176,0.10272057057052912,0.0015811850787257609,
2016-03-18,2015-03-20,2016-03-18,252,min_variance,True,Optimization terminated successfully,0.04797951502647632,0.10253184674167891,0.004961998296167086,
2016-03-24,2015-03-26,2016-03-24,252,min_variance,True,Optimization terminated successfully,0.02368234605499766,0.1030446757068003,0.005801043846302728,
2016-04-01,2015-04-02,2016-04-01,252,min_variance,True,Optimization terminated successfully,0.03111845377952396,0.1037634627586662,0.001553272914989079,
2016-04-08,2015-04-10,2016-04-08,252,min_variance,True,Optimization terminated successfully,0.02981103907481484,0.10342184512924096,0.0,
2016-04-15,2015-04-17,2016-04-15,252,min_variance,True,Optimization terminated successfully,0.030008164718090168,0.10324055800231244,0.0013868204184327715,
2016-04-22,2015-04-24,2016-04-22,252,min_variance,True,Optimization terminated successfully,0.03246980391965063,0.10367736951771384,0.0018842977459367916,
2016-04-29,2015-05-01,2016-04-29,252,min_variance,True,Optimization terminated successfully,0.06361603734070542,0.10230833430833432,0.0019841434469611563,
2016-05-06,2015-05-08,2016-05-06,252,min_variance,True,Optimization terminated successfully,0.05946171486012307,0.10248470951738113,0.000399781191852161,
2016-05-13,2015-05-15,2016-05-13,252,min_variance,True,Optimization terminated successfully,0.02599826745652421,0.10219659415608343,0.001616567843833766,
2016-05-20,2015-05-22,2016-05-20,252,min_variance,True,Optimization terminated successfully,0.022932363543067928,0.10249582601485291,0.0007085461945044447,
2016-05-27,2015-06-01,2016-05-27,252,min_variance,True,Optimization terminated successfully,0.027638266479433127,0.10171345281689341,0.0021619986768677546,
2016-06-03,2015-06-05,2016-06-03,252,min_variance,True,Optimization terminated successfully,0.05066004781869375,0.10221909318475689,0.005983507993256754,
2016-06-10,2015-06-12,2016-06-10,252,min_variance,True,Optimization terminated successfully,0.05729732394045177,0.10213383104249081,0.0015178369079982268,
2016-06-17,2015-06-19,2016-06-17,252,min_variance,True,Optimization terminated successfully,0.04883214961663542,0.10162238743457798,0.005854211736143047,
2016-06-24,2015-06-26,2016-06-24,252,min_variance,True,Optimization terminated successfully,0.06667223929136633,0.10229432936812066,0.012232296414668048,
2016-07-01,2015-07-06,2016-07-01,252,min_variance,True,Optimization terminated successfully,0.10185063940986848,0.10334855590042721,0.0033988875352062584,
2016-07-08,2015-07-10,2016-07-08,252,min_variance,True,Optimization terminated successfully,0.12422608976585314,0.10367922572372927,0.0,
2016-07-15,2015-07-17,2016-07-15,252,min_variance,True,Optimization terminated successfully,0.1060682619376919,0.10373533204439908,0.006145185980401383,
2016-07-22,2015-07-24,2016-07-22,252,min_variance,True,Optimization terminated successfully,0.13848574011006556,0.1026928233453545,0.008933710378320449,
2016-07-29,2015-07-31,2016-07-29,252,min_variance,True,Optimization terminated successfully,0.14716731422903426,0.10274836628372552,0.01556317758694856,
2016-08-05,2015-08-07,2016-08-05,252,min_variance,True,Optimization terminated successfully,0.1489721952096173,0.10268983927770513,0.0023159833291101946,
2016-08-12,2015-08-14,2016-08-12,252,min_variance,True,Optimization terminated successfully,0.13639889425979915,0.10178643801736412,0.002680584836755774,
2016-08-19,2015-08-21,2016-08-19,252,min_variance,True,Optimization terminated successfully,0.13324905217200478,0.10187349914481568,0.006897401627931317,
2016-08-26,2015-08-28,2016-08-26,252,min_variance,True,Optimization terminated successfully,0.14365394914936389,0.09582166054550674,0.04275162330038095,
2016-09-02,2015-09-04,2016-09-02,252,min_variance,True,Optimization terminated successfully,0.15721669511800035,0.09467327111802076,0.018737872337826266,
2016-09-09,2015-09-11,2016-09-09,252,min_variance,True,Optimization terminated successfully,0.14989078013339135,0.09415415242135962,0.014896211239939144,
2016-09-16,2015-09-18,2016-09-16,252,min_variance,True,Optimization terminated successfully,0.12795058855955627,0.09440421710572651,0.004015005437615967,
2016-09-23,2015-09-25,2016-09-23,252,min_variance,True,Optimization terminated successfully,0.15110465767717055,0.09426425654355722,0.005275550941670098,
2016-09-30,2015-10-02,2016-09-30,252,min_variance,True,Optimization terminated successfully,0.16301254192138342,0.09225367752119841,0.01799152414381663,
2016-10-07,2015-10-09,2016-10-07,252,min_variance,True,Optimization terminated successfully,0.10331083966311061,0.09229261383058178,0.010268491821243078,
2016-10-14,2015-10-16,2016-10-14,252,min_variance,True,Optimization terminated successfully,0.07661570094258773,0.09226852670969152,0.009192546851877082,
2016-10-21,2015-10-23,2016-10-21,252,min_variance,True,Optimization terminated successfully,0.08271594307510768,0.09179158823627047,0.0017965241445474824,
2016-10-28,2015-10-30,2016-10-28,252,min_variance,True,Optimization terminated successfully,0.0788917032222906,0.09152601126970866,0.00880513673963216,
2016-11-04,2015-11-06,2016-11-04,252,min_variance,True,Optimization terminated successfully,0.09140745531716138,0.09100403141435214,0.004494742084594005,
2016-11-11,2015-11-13,2016-11-11,252,min_variance,True,Optimization terminated successfully,0.1060850159765414,0.09142191522546311,0.019372873540463166,
2016-11-18,2015-11-20,2016-11-18,252,min_variance,True,Optimization terminated successfully,0.09509958834638971,0.09055767809497385,0.004235868653386307,
2016-11-25,2015-11-27,2016-11-25,252,min_variance,True,Optimization terminated successfully,0.09578520404527652,0.09096756195142656,0.009935056423905627,
2016-12-02,2015-12-04,2016-12-02,252,min_variance,True,Optimization terminated successfully,0.1023024393528831,0.09013189312185786,0.02341889539584853,
2016-12-09,2015-12-11,2016-12-09,252,min_variance,True,Optimization terminated successfully,0.10803465018141048,0.08752582667254183,0.009630908605350376,
2016-12-16,2015-12-18,2016-12-16,252,min_variance,True,Optimization terminated successfully,0.10976383687864741,0.08485376490121585,0.004606081427095902,
2016-12-23,2015-12-28,2016-12-23,252,min_variance,True,Optimization terminated successfully,0.09458763332224582,0.08422457286388517,0.0035393467587714906,
2016-12-30,2016-01-04,2016-12-30,252,min_variance,True,Optimization terminated successfully,0.10718143097168967,0.0838346335630528,0.0023596134712883434,
2017-01-06,2016-01-08,2017-01-06,252,min_variance,True,Optimization terminated successfully,0.13530519500326355,0.08395367474721586,0.009823383978457709,
2017-01-13,2016-01-15,2017-01-13,252,min_variance,True,Optimization terminated successfully,0.1634700779696808,0.08232176302670928,0.01593668757739023,
2017-01-20,2016-01-22,2017-01-20,252,min_variance,True,Optimization terminated successfully,0.173477906221512,0.08182384577783254,0.010452584659342411,
2017-01-27,2016-01-29,2017-01-27,252,min_variance,True,Optimization terminated successfully,0.16421748363405597,0.08000867565897837,0.01998819872457635,
2017-02-03,2016-02-05,2017-02-03,252,min_variance,True,Optimization terminated successfully,0.1536368445495428,0.07755607354291388,0.014924074033147543,
2017-02-10,2016-02-12,2017-02-10,252,min_variance,True,Optimization terminated successfully,0.16601669852788922,0.07661259403167114,0.032229014515592055,
2017-02-17,2016-02-22,2017-02-17,252,min_variance,True,Optimization terminated successfully,0.15057310345695393,0.07487111824543552,0.0026062826893930996,
2017-02-24,2016-02-26,2017-02-24,252,min_variance,True,Optimization terminated successfully,0.14957900121232431,0.07439462420419159,0.010650705621325661,
2017-03-03,2016-03-04,2017-03-03,252,min_variance,True,Optimization terminated successfully,0.1260254471129064,0.07354587651454186,0.012836120756123719,
2017-03-10,2016-03-11,2017-03-10,252,min_variance,True,Optimization terminated successfully,0.11543447348526653,0.0732821576593324,0.0018392880864124689,
2017-03-17,2016-03-18,2017-03-17,252,min_variance,True,Optimization terminated successfully,0.11234312271525862,0.07299344465534252,0.009479595781465677,
2017-03-24,2016-03-28,2017-03-24,252,min_variance,True,Optimization terminated successfully,0.12195876643812315,0.07210032150475053,0.00806001626845572,
2017-03-31,2016-04-04,2017-03-31,252,min_variance,True,Optimization terminated successfully,0.11222852181969911,0.0709265187395895,0.013976977001733892,
2017-04-07,2016-04-11,2017-04-07,252,min_variance,True,Optimization terminated successfully,0.11651000026019066,0.07049000718684348,0.0114286004379444,
2017-04-13,2016-04-15,2017-04-13,252,min_variance,True,Optimization terminated successfully,0.11265111071801356,0.07010730533468507,0.0027950789076275073,
2017-04-21,2016-04-22,2017-04-21,252,min_variance,True,Optimization terminated successfully,0.10862904247079576,0.07016663265575544,0.0075781272864436505,
2017-04-28,2016-04-29,2017-04-28,252,min_variance,True,Optimization terminated successfully,0.11894420739464559,0.06980638799914482,0.016828896187689027,
2017-05-05,2016-05-06,2017-05-05,252,min_variance,True,Optimization terminated successfully,0.11774804086055957,0.06949468112693849,0.00445718344833454,
2017-05-12,2016-05-13,2017-05-12,252,min_variance,True,Optimization terminated successfully,0.11529299295049196,0.06827991862284562,0.008392980598605215,
2017-05-19,2016-05-20,2017-05-19,252,min_variance,True,Optimization terminated successfully,0.13040374446308378,0.06797299431343068,0.005422114330239675,
2017-05-26,2016-05-27,2017-05-26,252,min_variance,True,Optimization terminated successfully,0.13816237705416443,0.06800575206811225,0.0035688530004095442,
2017-06-02,2016-06-03,2017-06-02,252,min_variance,True,Optimization terminated successfully,0.1466120749984423,0.06834732409248212,0.002213248632004103,
2017-06-09,2016-06-10,2017-06-09,252,min_variance,True,Optimization terminated successfully,0.11381482073076893,0.06814137409157604,0.02756751906984721,
2017-06-16,2016-06-17,2017-06-16,252,min_variance,True,Optimization terminated successfully,0.1169235825357485,0.06812275966523453,0.0016958150146908907,
2017-06-23,2016-06-24,2017-06-23,252,min_variance,True,Optimization terminated successfully,0.11839657378314755,0.06792594003969903,0.004487093973847417,
2017-06-30,2016-07-01,2017-06-30,252,min_variance,True,Optimization terminated successfully,0.08737811604450338,0.06471785635603457,0.15500243000323194,
2017-07-07,2016-07-08,2017-07-07,252,min_variance,True,Optimization terminated successfully,0.06864644761145852,0.06468518339062904,0.012642695237239047,
2017-07-14,2016-07-15,2017-07-14,252,min_variance,True,Optimization terminated successfully,0.06871758764124776,0.06409420436977614,0.006583660492340427,
2017-07-21,2016-07-22,2017-07-21,252,min_variance,True,Optimization terminated successfully,0.0783064908452238,0.06403882980715402,0.00350768745826936,
2017-07-28,2016-07-29,2017-07-28,252,min_variance,True,Optimization terminated successfully,0.07937055838613835,0.06375483533136941,0.003062653435609652,
2017-08-04,2016-08-05,2017-08-04,252,min_variance,True,Optimization terminated successfully,0.07220065021943692,0.0636125728143099,0.0020262796333646834,
2017-08-11,2016-08-12,2017-08-11,252,min_variance,True,Optimization terminated successfully,0.07174653968511234,0.06406615896245649,0.0060160310177977735,
2017-08-18,2016-08-19,2017-08-18,252,min_variance,True,Optimization terminated successfully,0.06064497543285609,0.0646916895730901,0.007564592066870102,
2017-08-25,2016-08-26,2017-08-25,252,min_variance,True,Optimization terminated successfully,0.07767673700956762,0.06438142186647663,0.005579022221989027,
2017-09-01,2016-09-02,2017-09-01,252,min_variance,True,Optimization terminated successfully,0.10059817246591762,0.06476972968018888,0.004525996972227997,
2017-09-08,2016-09-09,2017-09-08,252,min_variance,True,Optimization terminated successfully,0.09225589025283128,0.06399314296878866,0.005742765554503565,
2017-09-15,2016-09-16,2017-09-15,252,min_variance,True,Optimization terminated successfully,0.11438333060182368,0.059946926210382785,0.026371404737855347,
2017-09-22,2016-09-23,2017-09-22,252,min_variance,True,Optimization terminated successfully,0.09370419303219646,0.0588413439950098,0.002431431710182344,
2017-09-29,2016-09-30,2017-09-29,252,min_variance,True,Optimization terminated successfully,0.10726799994733338,0.058266596430876026,0.01028592757909938,
2017-10-06,2016-10-07,2017-10-06,252,min_variance,True,Optimization terminated successfully,0.12538617755928272,0.055612490796264284,0.01842725540867529,
2017-10-13,2016-10-14,2017-10-13,252,min_variance,True,Optimization terminated successfully,0.14308791637624635,0.05462981835158198,0.006547635798044155,
2017-10-20,2016-10-21,2017-10-20,252,min_variance,True,Optimization terminated successfully,0.1375596008631095,0.05425820544047223,0.0013000674901242348,
2017-10-27,2016-10-28,2017-10-27,252,min_variance,True,Optimization terminated successfully,0.13802620091417495,0.054813169060224626,0.0014491248667263257,
2017-11-03,2016-11-04,2017-11-03,252,min_variance,True,Optimization terminated successfully,0.1435366300163555,0.05480642683294132,0.0032259456421818433,
2017-11-10,2016-11-11,2017-11-10,252,min_variance,True,Optimization terminated successfully,0.13575990521191866,0.05379621310501605,0.018199950735474008,
2017-11-17,2016-11-18,2017-11-17,252,min_variance,True,Optimization terminated successfully,0.14234664348737372,0.052611026986635015,0.011865878161588905,
2017-11-24,2016-11-25,2017-11-24,252,min_variance,True,Optimization terminated successfully,0.15038690495735943,0.05190887213460449,0.004610040481204641,
2017-12-01,2016-12-02,2017-12-01,252,min_variance,True,Optimization terminated successfully,0.1661496403600216,0.051781238362946826,0.007815768358056197,
2017-12-08,2016-12-09,2017-12-08,252,min_variance,True,Optimization terminated successfully,0.144099436969246,0.05152610905935568,0.00764094160069681,
2017-12-15,2016-12-16,2017-12-15,252,min_variance,True,Optimization terminated successfully,0.1602726874488718,0.05068432379785143,0.00602576440999289,
2017-12-22,2016-12-23,2017-12-22,252,min_variance,True,Optimization terminated successfully,0.16728425776643635,0.050834680439249776,0.0015327992699039061,
2017-12-29,2016-12-30,2017-12-29,252,min_variance,True,Optimization terminated successfully,0.16767048699371886,0.05042854478965476,0.0,
2018-01-05,2017-01-06,2018-01-05,252,min_variance,True,Optimization terminated successfully,0.17442584743792053,0.05026405163150161,0.003776750324345546,
2018-01-12,2017-01-13,2018-01-12,252,min_variance,True,Optimization terminated successfully,0.18496891904515017,0.05103063233568994,0.0008332278416971484,
2018-01-19,2017-01-20,2018-01-19,252,min_variance,True,Optimization terminated successfully,0.18729539982154633,0.051062147289277174,0.005704797266246425,
2018-01-26,2017-01-27,2018-01-26,252,min_variance,True,Optimization terminated successfully,0.20116914846450723,0.05163848984365753,0.0008402458328237995,
2018-02-02,2017-02-03,2018-02-02,252,min_variance,True,Optimization terminated successfully,0.16557351509858587,0.05584640642839612,0.015880307751735656,
2018-02-09,2017-02-10,2018-02-09,252,min_variance,True,Optimization terminated successfully,0.10840194903551761,0.06500665995697355,0.10910383937976981,
2018-02-16,2017-02-17,2018-02-16,252,min_variance,True,Optimization terminated successfully,0.13036634464680114,0.06731947874779659,0.004163556036658578,
2018-02-23,2017-02-24,2018-02-23,252,min_variance,True,Optimization terminated successfully,0.11864526716232449,0.06843411049776861,0.002690645250430085,
2018-03-02,2017-03-03,2018-03-02,252,min_variance,True,Optimization terminated successfully,0.10659100166745328,0.06955839990630726,0.010346453242350562,
2018-03-09,2017-03-10,2018-03-09,252,min_variance,True,Optimization terminated successfully,0.14059623512443623,0.06991588183620451,0.008286972710061846,
2018-03-16,2017-03-17,2018-03-16,252,min_variance,True,Optimization terminated successfully,0.11628383372330979,0.06873293630565692,0.006791569108622331,
2018-03-23,2017-03-24,2018-03-23,252,min_variance,True,Optimization terminated successfully,0.09819793727901346,0.07086620150110917,0.012593741420804355,
2018-03-29,2017-03-30,2018-03-29,252,min_variance,True,Optimization terminated successfully,0.09246579115541505,0.07403443357152156,0.016604648086253865,
2018-04-06,2017-04-06,2018-04-06,252,min_variance,True,Optimization terminated successfully,0.08868974024268508,0.07458382730039041,0.01537115488445226,
2018-04-13,2017-04-13,2018-04-13,252,min_variance,True,Optimization terminated successfully,0.09184822734096278,0.07480677761605165,0.005010091144948325,
2018-04-20,2017-04-21,2018-04-20,252,min_variance,True,Optimization terminated successfully,0.08797157162230854,0.07518262133558355,0.0035860473316308428,
2018-04-27,2017-04-28,2018-04-27,252,min_variance,True,Optimization terminated successfully,0.08418686888312182,0.07536900864819597,0.0031947300597462147,
2018-05-04,2017-05-05,2018-05-04,252,min_variance,True,Optimization terminated successfully,0.09565040845230191,0.07527512016272177,0.010063825379270669,
2018-05-11,2017-05-12,2018-05-11,252,min_variance,True,Optimization terminated successfully,0.10836161025815635,0.07548478352311642,0.002598615559838535,
2018-05-18,2017-05-19,2018-05-18,252,min_variance,True,Optimization terminated successfully,0.08593027224242762,0.07626955314083989,0.0019581917326673415,
2018-05-25,2017-05-26,2018-05-25,252,min_variance,True,Optimization terminated successfully,0.07931067619495474,0.07610714758965723,0.0,
2018-06-01,2017-06-02,2018-06-01,252,min_variance,True,Optimization terminated successfully,0.06825175228155404,0.07628885239159992,0.007199600351672025,
2018-06-08,2017-06-09,2018-06-08,252,min_variance,True,Optimization terminated successfully,0.07106488196392091,0.07588383377085248,0.006372131039490581,
2018-06-15,2017-06-16,2018-06-15,252,min_variance,True,Optimization terminated successfully,0.07543350920344492,0.07618126287368396,0.004137876344500885,
2018-06-22,2017-06-23,2018-06-22,252,min_variance,True,Optimization terminated successfully,0.06848895522106396,0.0762621441308468,0.000989663849340211,
2018-06-29,2017-06-30,2018-06-29,252,min_variance,True,Optimization terminated successfully,0.06006612146315236,0.07642179055915549,0.0025056365194075225,
2018-07-06,2017-07-07,2018-07-06,252,min_variance,True,Optimization terminated successfully,0.07767338588094033,0.07617513362277303,0.0019937838411311637,
2018-07-13,2017-07-14,2018-07-13,252,min_variance,True,Optimization terminated successfully,0.07394670046321493,0.07690019847974863,0.002459331364377565,
2018-07-20,2017-07-21,2018-07-20,252,min_variance,True,Optimization terminated successfully,0.05184002241083854,0.07682939340130697,0.0014130881946076979,
2018-07-27,2017-07-28,2018-07-27,252,min_variance,True,Optimization terminated successfully,0.041510961094797946,0.07709857188992605,0.0037500695064081047,
2018-08-03,2017-08-04,2018-08-03,252,min_variance,True,Optimization terminated successfully,0.03568837805831647,0.07740122966111807,0.0007527593903532138,
2018-08-10,2017-08-11,2018-08-10,252,min_variance,True,Optimization terminated successfully,0.02938936305992771,0.0770650478218325,0.004477043621187393,
2018-08-17,2017-08-18,2018-08-17,252,min_variance,True,Optimization terminated successfully,0.019689813987915847,0.07883680921095657,0.008130366639389236,
2018-08-24,2017-08-25,2018-08-24,252,min_variance,True,Optimization terminated successfully,0.03605373030729118,0.08012157973850435,0.00918375270505703,
2018-08-31,2017-09-01,2018-08-31,252,min_variance,True,Optimization terminated successfully,0.011075602608640517,0.07951228651519093,0.008343516075626611,
2018-09-07,2017-09-08,2018-09-07,252,min_variance,True,Optimization terminated successfully,-0.006233794041226509,0.0792405557725048,0.006301764589629638,
2018-09-14,2017-09-15,2018-09-14,252,min_variance,True,Optimization terminated successfully,0.0005730448975162089,0.07915018345620707,0.0035266633774196088,
2018-09-21,2017-09-22,2018-09-21,252,min_variance,True,Optimization terminated successfully,0.02179913847778795,0.07893082345621855,0.00448040569380001,
2018-09-28,2017-09-29,2018-09-28,252,min_variance,True,Optimization terminated successfully,0.015530587557707781,0.0785932645093227,0.006061605084079685,
2018-10-05,2017-10-06,2018-10-05,252,min_variance,True,Optimization terminated successfully,0.02037616978885759,0.07885442142775805,0.0,
2018-10-12,2017-10-13,2018-10-12,252,min_variance,True,Optimization terminated successfully,0.0014249798687445622,0.08023110676022754,0.0016263649837495457,
2018-10-19,2017-10-20,2018-10-19,252,min_variance,True,Optimization terminated successfully,0.005312700678195184,0.08018654097446075,0.011820095802936165,
2018-10-26,2017-10-27,2018-10-26,252,min_variance,True,Optimization terminated successfully,0.005116688055705077,0.08092914353359769,0.017550420809301442,
2018-11-02,2017-11-03,2018-11-02,252,min_variance,True,Optimization terminated successfully,0.005341516825910993,0.08167191772078533,0.0011390887569792119,
2018-11-09,2017-11-10,2018-11-09,252,min_variance,True,Optimization terminated successfully,-0.006971132448054557,0.08232494765139399,0.007468632395236652,
2018-11-16,2017-11-17,2018-11-16,252,min_variance,True,Optimization terminated successfully,-0.001965564597817049,0.08312172038780573,0.003274545437532056,
2018-11-23,2017-11-24,2018-11-23,252,min_variance,True,Optimization terminated successfully,-0.023533592997813796,0.08253454179433309,0.01585209690575029,
2018-11-30,2017-12-01,2018-11-30,252,min_variance,True,Optimization terminated successfully,-0.009084779280787214,0.0830073933200373,0.00871487707719873,
2018-12-07,2017-12-07,2018-12-07,252,min_variance,True,Optimization terminated successfully,0.0010354973551071102,0.08347921569599379,2.989783760343201e-06,
2018-12-14,2017-12-14,2018-12-14,252,min_variance,True,Optimization terminated successfully,-0.007384328302673237,0.08329483001930175,0.0,
2018-12-21,2017-12-21,2018-12-21,252,min_variance,True,Optimization terminated successfully,-0.026697333138372165,0.08411812053351862,0.0,
2018-12-28,2017-12-28,2018-12-28,252,min_variance,True,Optimization terminated successfully,-0.01624804723626838,0.08582911323159283,0.0,
2019-01-04,2018-01-04,2019-01-04,252,min_variance,True,Optimization terminated successfully,-0.026457679751919372,0.08528045902497812,0.0,
2019-01-11,2018-01-11,2019-01-11,252,min_variance,True,Optimization terminated successfully,-0.021819150441059153,0.08548823836668114,0.0,
2019-01-18,2018-01-19,2019-01-18,252,min_variance,True,Optimization terminated successfully,-0.027864526768878305,0.084778420276939,0.0,
2019-01-25,2018-01-25,2019-01-25,252,min_variance,True,Optimization terminated successfully,-0.03866837033090224,0.08501061160612361,0.0,
2019-02-01,2018-02-01,2019-02-01,252,min_variance,True,Optimization terminated successfully,-0.016799395476659505,0.0848369281112311,0.0,
2019-02-08,2018-02-08,2019-02-08,252,min_variance,True,Optimization terminated successfully,0.01296335960259606,0.08273029264706937,0.0,
2019-02-15,2018-02-15,2019-02-15,252,min_variance,True,Optimization terminated successfully,0.0023101754460692556,0.08059745670097956,0.0,
2019-02-22,2018-02-22,2019-02-22,252,min_variance,True,Optimization terminated successfully,0.02182445534148867,0.08089616970257998,0.0,
2019-03-01,2018-03-01,2019-03-01,252,min_variance,True,Optimization terminated successfully,0.0046146165993775235,0.0806710948839097,0.0,
2019-03-08,2018-03-08,2019-03-08,252,min_variance,True,Optimization terminated successfully,-0.0016644129350382262,0.0801704897761066,0.0,
2019-03-15,2018-03-15,2019-03-15,252,min_variance,True,Optimization terminated successfully,0.0052343009165546055,0.08095552508093207,0.0002395788033027202,
2019-03-22,2018-03-22,2019-03-22,252,min_variance,True,Optimization terminated successfully,0.008449954208528114,0.08010626780038121,0.0002395788033027202,
2019-03-29,2018-03-29,2019-03-29,252,min_variance,True,Optimization terminated successfully,0.01767673116096324,0.07814614679773689,0.007958069855389716,
2019-04-05,2018-04-06,2019-04-05,252,min_variance,True,Optimization terminated successfully,0.01669365395678658,0.07800748631017954,0.0,
2019-04-12,2018-04-13,2019-04-12,252,min_variance,True,Optimization terminated successfully,0.01333764135936737,0.07798273559484936,0.0050224704290581235,
2019-04-18,2018-04-19,2019-04-18,252,min_variance,True,Optimization terminated successfully,-0.006611630616826507,0.0780133239445413,0.0022092063311792975,
2019-04-26,2018-04-26,2019-04-26,252,min_variance,True,Optimization terminated successfully,0.02377040710522595,0.07754357077854505,0.0002854743506759405,
2019-05-03,2018-05-03,2019-05-03,252,min_variance,True,Optimization terminated successfully,0.030450356838362024,0.07773395592337672,0.0005801461513307295,
2019-05-10,2018-05-10,2019-05-10,252,min_variance,True,Optimization terminated successfully,0.017228744820004804,0.07762588069823917,0.00041038404381998916,
2019-05-17,2018-05-17,2019-05-17,252,min_variance,True,Optimization terminated successfully,0.018232010833444043,0.07647103321826798,0.003954445001733892,
2019-05-24,2018-05-24,2019-05-24,252,min_variance,True,Optimization terminated successfully,0.016003775976763612,0.07646150512009862,0.00038341316394507885,
2019-05-31,2018-05-31,2019-05-31,252,min_variance,True,Optimization terminated successfully,0.015498584900232721,0.07654664662176616,0.004144369507816964,
2019-06-07,2018-06-07,2019-06-07,252,min_variance,True,Optimization terminated successfully,0.04435302810251694,0.07769125394304323,0.0011070832389445673,
2019-06-14,2018-06-14,2019-06-14,252,min_variance,True,Optimization terminated successfully,0.04387184468139539,0.07805766942926011,0.002530054823944139,
2019-06-21,2018-06-21,2019-06-21,252,min_variance,True,Optimization terminated successfully,0.09678817852458266,0.07995340626342688,0.003558693381074951,
2019-06-28,2018-06-28,2019-06-28,252,min_variance,True,Optimization terminated successfully,0.11930699774892653,0.08009342261737684,0.006620667845689515,
2019-07-05,2018-07-05,2019-07-05,252,min_variance,True,Optimization terminated successfully,0.1181232929401013,0.08209617731685787,0.01212019552091731,
2019-07-12,2018-07-12,2019-07-12,252,min_variance,True,Optimization terminated successfully,0.12576583042224473,0.08266982752779672,0.005833672557905428,
2019-07-19,2018-07-19,2019-07-19,252,min_variance,True,Optimization terminated successfully,0.12826818560726605,0.08432026064215754,0.008922055015346458,
2019-07-26,2018-07-26,2019-07-26,252,min_variance,True,Optimization terminated successfully,0.12422822668736447,0.08430077020948686,0.0,
2019-08-02,2018-08-02,2019-08-02,252,min_variance,True,Optimization terminated successfully,0.13571263331485786,0.08572195547494546,0.009590242626120071,
2019-08-09,2018-08-09,2019-08-09,252,min_variance,True,Optimization terminated successfully,0.15587829401088954,0.08733669227962679,0.005707040960020532,
2019-08-16,2018-08-16,2019-08-16,252,min_variance,True,Optimization terminated successfully,0.18745438753991087,0.08569468855751916,0.010790694655537059,
2019-08-23,2018-08-23,2019-08-23,252,min_variance,True,Optimization terminated successfully,0.17068366236323448,0.08557894865969859,0.0050749274536106,
2019-08-30,2018-08-30,2019-08-30,252,min_variance,True,Optimization terminated successfully,0.1669718208325066,0.08411539529664117,0.003837619568524686,
2019-09-06,2018-09-06,2019-09-06,252,min_variance,True,Optimization terminated successfully,0.17169902764817713,0.08537299806878024,0.010746403842124441,
2019-09-13,2018-09-13,2019-09-13,252,min_variance,True,Optimization terminated successfully,0.1622178268214778,0.08588437259631661,0.0013969121793466766,
2019-09-20,2018-09-20,2019-09-20,252,min_variance,True,Optimization terminated successfully,0.17188459508811635,0.08610007608560186,0.0021049225481675486,
2019-09-27,2018-09-27,2019-09-27,252,min_variance,True,Optimization terminated successfully,0.16385809957779884,0.08651558326133227,0.00479868983729817,
2019-10-04,2018-10-04,2019-10-04,252,min_variance,True,Optimization terminated successfully,0.1624581200544292,0.08669892427309939,0.0018639088382003122,
2019-10-11,2018-10-11,2019-10-11,252,min_variance,True,Optimization terminated successfully,0.1757101241475711,0.08605921371619069,0.0065122893114508695,
2019-10-18,2018-10-18,2019-10-18,252,min_variance,True,Optimization terminated successfully,0.16079258746047986,0.0855804780532289,0.002820459535759129,
2019-10-25,2018-10-25,2019-10-25,252,min_variance,True,Optimization terminated successfully,0.18664611134464004,0.08477766496504004,0.008865898182618931,
2019-11-01,2018-11-01,2019-11-01,252,min_variance,True,Optimization terminated successfully,0.19538213679216695,0.08469257762295414,0.007497329025546673,
2019-11-08,2018-11-08,2019-11-08,252,min_variance,True,Optimization terminated successfully,0.15642670311972406,0.08484488501792893,0.011382500504197535,
2019-11-15,2018-11-15,2019-11-15,252,min_variance,True,Optimization terminated successfully,0.186276598095098,0.08326863314250546,0.0023232253400353453,
2019-11-22,2018-11-23,2019-11-22,252,min_variance,True,Optimization terminated successfully,0.1844255841093203,0.08250101004962784,0.006655169435586056,
2019-11-29,2018-11-29,2019-11-29,252,min_variance,True,Optimization terminated successfully,0.1771342796004217,0.0816002891364766,0.007321223082909251,
2019-12-06,2018-12-07,2019-12-06,252,min_variance,True,Optimization terminated successfully,0.17511109530551702,0.08053365192496025,0.010826876114274575,
2019-12-13,2018-12-14,2019-12-13,252,min_variance,True,Optimization terminated successfully,0.1895413600310299,0.08038156705271973,0.004170497337579099,
2019-12-20,2018-12-21,2019-12-20,252,min_variance,True,Optimization terminated successfully,0.22093224363796046,0.0788512865039121,0.008078475599479079,
2019-12-27,2018-12-28,2019-12-27,252,min_variance,True,Optimization terminated successfully,0.22835608591243906,0.07414479843170237,0.03801002290958491,
2020-01-03,2019-01-04,2020-01-03,252,min_variance,True,Optimization terminated successfully,0.24082751205244812,0.07404839641641768,0.007734521035502651,
2020-01-10,2019-01-11,2020-01-10,252,min_variance,True,Optimization terminated successfully,0.22559998022481312,0.07296030949736416,0.0151400710305451,
2020-01-17,2019-01-18,2020-01-17,252,min_variance,True,Optimization terminated successfully,0.2241462988940424,0.07291726897140403,0.0025801899811658258,
2020-01-24,2019-01-25,2020-01-24,252,min_variance,True,Optimization terminated successfully,0.22720672490420318,0.07271023107950529,0.0023802508120760457,
2020-01-31,2019-02-01,2020-01-31,252,min_variance,True,Optimization terminated successfully,0.1940079927668557,0.07163755979520765,0.005434597604474761,
2020-02-07,2019-02-08,2020-02-07,252,min_variance,True,Optimization terminated successfully,0.20844155151988344,0.0716412735873068,0.0009035758910638236,
2020-02-14,2019-02-15,2020-02-14,252,min_variance,True,Optimization terminated successfully,0.2115324363811042,0.07145457966925307,0.0006555803916115099,
2020-02-21,2019-02-22,2020-02-21,252,min_variance,True,Optimization terminated successfully,0.21494171357067515,0.07045978429726715,0.0007191351381842239,
2020-02-28,2019-03-01,2020-02-28,252,min_variance,True,Optimization terminated successfully,0.14149013537917093,0.08172120903213977,0.027147754003855912,
2020-03-06,2019-03-08,2020-03-06,252,min_variance,True,Optimization terminated successfully,0.19975087323127733,0.08707802115926498,0.036925051442945556,
2020-03-13,2019-03-15,2020-03-13,252,min_variance,True,Optimization terminated successfully,0.12929373482937653,0.11558382714446844,0.23884701158593155,
2020-03-20,2019-03-22,2020-03-20,252,min_variance,True,Optimization terminated successfully,0.06246835343421394,0.13173407720426578,0.03129338287556102,
2020-03-27,2019-03-29,2020-03-27,252,min_variance,True,Optimization terminated successfully,0.1685573141911669,0.1487005739376551,0.005229355055469689,
2020-04-03,2019-04-05,2020-04-03,252,min_variance,True,Optimization terminated successfully,0.1585613743971581,0.15241947750950072,0.007406339160966044,
2020-04-09,2019-04-11,2020-04-09,252,min_variance,True,Optimization terminated successfully,0.20909576486953793,0.15848201700307718,0.006881315037226249,
2020-04-17,2019-04-18,2020-04-17,252,min_variance,True,Optimization terminated successfully,0.23697063576337873,0.15959786685051114,0.022606713102115483,
2020-04-24,2019-04-26,2020-04-24,252,min_variance,True,Optimization terminated successfully,0.24516935961013303,0.16157253384040632,0.010969563602696818,
2020-05-01,2019-05-03,2020-05-01,252,min_variance,True,Optimization terminated successfully,0.2370328423594774,0.16256596160285547,0.006876528493904528,
2020-05-08,2019-05-10,2020-05-08,252,min_variance,True,Optimization terminated successfully,0.2509250459851393,0.16333517120867974,0.007107452943342432,
2020-05-15,2019-05-17,2020-05-15,252,min_variance,True,Optimization terminated successfully,0.2590253993134174,0.16365128774941518,0.002619499772604693,
2020-05-22,2019-05-24,2020-05-22,252,min_variance,True,Optimization terminated successfully,0.27488260020616306,0.1641270660073209,0.0,
2020-05-29,2019-05-31,2020-05-29,252,min_variance,True,Optimization terminated successfully,0.27980028514940386,0.1643489221652858,0.007638789797824709,
2020-06-05,2019-06-07,2020-06-05,252,min_variance,True,Optimization terminated successfully,0.240885646532693,0.16469237833528635,0.009896772620247463,
2020-06-12,2019-06-14,2020-06-12,252,min_variance,True,Optimization terminated successfully,0.2395360152053643,0.1664577014485638,0.0,
2020-06-19,2019-06-21,2020-06-19,252,min_variance,True,Optimization terminated successfully,0.22085643608204014,0.16536126318072192,0.0,
2020-06-26,2019-06-28,2020-06-26,252,min_variance,True,Optimization terminated successfully,0.21778307472885405,0.16551274954921638,0.001677911162459668,
2020-07-02,2019-07-05,2020-07-02,252,min_variance,True,Optimization terminated successfully,0.21967140744182787,0.1646292026991183,0.0032903414786149,
2020-07-10,2019-07-12,2020-07-10,252,min_variance,True,Optimization terminated successfully,0.24095282289050696,0.16405489401344928,0.0022856370063361053,
2020-07-17,2019-07-19,2020-07-17,252,min_variance,True,Optimization terminated successfully,0.22645862187078244,0.16375034175942466,0.0011018681188474447,
2020-07-24,2019-07-26,2020-07-24,252,min_variance,True,Optimization terminated successfully,0.27475428588405826,0.16368157593659138,0.004294374733122178,
2020-07-31,2019-08-02,2020-07-31,252,min_variance,True,Optimization terminated successfully,0.29679541947490906,0.16381006791461206,0.0025412940985752516,
2020-08-07,2019-08-09,2020-08-07,252,min_variance,True,Optimization terminated successfully,0.29807421213093294,0.16459760376945487,0.002934012114738274,
2020-08-14,2019-08-16,2020-08-14,252,min_variance,True,Optimization terminated successfully,0.26485052329197856,0.17015270313227862,0.02046010327148436,
2020-08-21,2019-08-23,2020-08-21,252,min_variance,True,Optimization terminated successfully,0.26791522143390195,0.17263622184944818,0.010313615878647937,
2020-08-28,2019-08-30,2020-08-28,252,min_variance,True,Optimization terminated successfully,0.2718208887873207,0.1734589515296824,0.005647790105248036,
2020-09-04,2019-09-09,2020-09-04,252,min_variance,True,Optimization terminated successfully,0.254745190010928,0.1734971889220722,0.018066320383666575,
2020-09-11,2019-09-13,2020-09-11,252,min_variance,True,Optimization terminated successfully,0.24630097853323746,0.17414526299860147,0.015076263825587756,
2020-09-18,2019-09-20,2020-09-18,252,min_variance,True,Optimization terminated successfully,0.24698274355819536,0.17426303869178433,0.0030737607557737145,
2020-09-25,2019-09-27,2020-09-25,252,min_variance,True,Optimization terminated successfully,0.21291871900548998,0.17608422257675274,0.0030875198848754294,
2020-10-02,2019-10-04,2020-10-02,252,min_variance,True,Optimization terminated successfully,0.23626642411057935,0.17620213920269684,0.006544488823806544,
2020-10-09,2019-10-11,2020-10-09,252,min_variance,True,Optimization terminated successfully,0.26027806794635405,0.17718622717618637,0.0,
2020-10-16,2019-10-18,2020-10-16,252,min_variance,True,Optimization terminated successfully,0.2447825046144464,0.1776999321329093,0.0,
2020-10-23,2019-10-25,2020-10-23,252,min_variance,True,Optimization terminated successfully,0.23921542185414796,0.17784489658111388,0.0,
2020-10-30,2019-11-01,2020-10-30,252,min_variance,True,Optimization terminated successfully,0.20532118963260626,0.179057577154565,0.0,
2020-11-06,2019-11-08,2020-11-06,252,min_variance,True,Optimization terminated successfully,0.2697136216674872,0.1799470807116203,0.0,
2020-11-13,2019-11-15,2020-11-13,252,min_variance,True,Optimization terminated successfully,0.2510017404392848,0.18221531408244288,0.0,
2020-11-20,2019-11-22,2020-11-20,252,min_variance,True,Optimization terminated successfully,0.2450306156963661,0.18240889689955894,0.0,
2020-11-27,2019-11-29,2020-11-27,252,min_variance,True,Optimization terminated successfully,0.22009113819249607,0.1830661612889598,0.0,
2020-12-04,2019-12-06,2020-12-04,252,min_variance,True,Optimization terminated successfully,0.23718185410634607,0.18398605739991267,0.0,
2020-12-11,2019-12-13,2020-12-11,252,min_variance,True,Optimization terminated successfully,0.23309846380322513,0.18470378928491715,0.0,
2020-12-18,2019-12-20,2020-12-18,252,min_variance,True,Optimization terminated successfully,0.24438754763853918,0.18542345882004777,0.0,
2020-12-24,2019-12-27,2020-12-24,252,min_variance,True,Optimization terminated successfully,0.22559243950267965,0.18546623567168063,0.0,
2020-12-31,2020-01-03,2020-12-31,252,min_variance,True,Optimization terminated successfully,0.22801310326164892,0.18542666289958903,0.0,
2021-01-08,2020-01-10,2021-01-08,252,min_variance,True,Optimization terminated successfully,0.20281908378869012,0.18713956727004752,0.0,
2021-01-15,2020-01-17,2021-01-15,252,min_variance,True,Optimization terminated successfully,0.18422265801968685,0.1874832309534818,0.0,
2021-01-22,2020-01-24,2021-01-22,252,min_variance,True,Optimization terminated successfully,0.19672535475422026,0.18831071384697598,0.0,
2021-01-29,2020-01-31,2021-01-29,252,min_variance,True,Optimization terminated successfully,0.17863385817465546,0.1887849344660191,0.0,
2021-02-05,2020-02-07,2021-02-05,252,min_variance,True,Optimization terminated successfully,0.18066879323970697,0.18950284254832095,0.0,
2021-02-12,2020-02-14,2021-02-12,252,min_variance,True,Optimization terminated successfully,0.18073051770297305,0.18973503392630867,0.0,
2021-02-19,2020-02-21,2021-02-19,252,min_variance,True,Optimization terminated successfully,0.1448519133695521,0.19000852003585258,0.0,
2021-02-26,2020-02-28,2021-02-26,252,min_variance,True,Optimization terminated successfully,0.1449272625734812,0.1902886880433371,0.0,
2021-03-05,2020-03-06,2021-03-05,252,min_variance,True,Optimization terminated successfully,0.11367775880896691,0.1874906520734335,0.0,
2021-03-12,2020-03-13,2021-03-12,252,min_variance,True,Optimization terminated successfully,0.23220021124075313,0.17693256235682572,0.0,
2021-03-19,2020-03-20,2021-03-19,252,min_variance,True,Optimization terminated successfully,0.30894946483897473,0.16420236736975752,0.054688285461287484,
2021-03-26,2020-03-27,2021-03-26,252,min_variance,True,Optimization terminated successfully,0.22073562770176042,0.1478189249207392,0.032714661822646374,
2021-04-01,2020-04-02,2021-04-01,252,min_variance,True,Optimization terminated successfully,0.27203963308752216,0.14463378356852835,0.02418117195551764,
2021-04-09,2020-04-09,2021-04-09,252,min_variance,True,Optimization terminated successfully,0.23510134262772853,0.13661708617648965,0.03532569164116703,
2021-04-16,2020-04-17,2021-04-16,252,min_variance,True,Optimization terminated successfully,0.2206083793710548,0.13422613747185097,0.0059709519132204745,
2021-04-23,2020-04-24,2021-04-23,252,min_variance,True,Optimization terminated successfully,0.21781771572448966,0.13193725897829206,0.00936508047649487,
2021-04-30,2020-05-01,2021-04-30,252,min_variance,True,Optimization terminated successfully,0.2139767893853573,0.13030130285867378,0.004859268862297596,
2021-05-07,2020-05-08,2021-05-07,252,min_variance,True,Optimization terminated successfully,0.2369502444557393,0.12980468937076559,0.009205103709264445,
2021-05-14,2020-05-15,2021-05-14,252,min_variance,True,Optimization terminated successfully,0.23318420738505616,0.13080784894703612,0.0001642597993741226,
2021-05-21,2020-05-22,2021-05-21,252,min_variance,True,Optimization terminated successfully,0.22929183734130168,0.1298659596374399,0.007550542937811905,
2021-05-28,2020-06-01,2021-05-28,252,min_variance,True,Optimization terminated successfully,0.22455967163303353,0.12964625385407091,0.0,
2021-06-04,2020-06-05,2021-06-04,252,min_variance,True,Optimization terminated successfully,0.21827647912468506,0.13045728278166455,0.0009951546212343127,
2021-06-11,2020-06-12,2021-06-11,252,min_variance,True,Optimization terminated successfully,0.24008165342234156,0.12573047622869205,0.04177641578905006,
2021-06-18,2020-06-19,2021-06-18,252,min_variance,True,Optimization terminated successfully,0.1867243437157136,0.127128420984819,0.018574644314842237,
2021-06-25,2020-06-26,2021-06-25,252,min_variance,True,Optimization terminated successfully,0.2046254562698092,0.1264136927417428,0.008472361297609449,
2021-07-02,2020-07-06,2021-07-02,252,min_variance,True,Optimization terminated successfully,0.20850286076994265,0.12559927056576234,0.014668048340291673,
2021-07-09,2020-07-10,2021-07-09,252,min_variance,True,Optimization terminated successfully,0.20581062685883528,0.12516575221816645,0.0023723400456376895,
2021-07-16,2020-07-17,2021-07-16,252,min_variance,True,Optimization terminated successfully,0.1929744068332311,0.12491042969892749,0.004827595477215785,
2021-07-23,2020-07-24,2021-07-23,252,min_variance,True,Optimization terminated successfully,0.17364989439153772,0.12471612048683335,0.010529113327765877,
2021-07-30,2020-07-31,2021-07-30,252,min_variance,True,Optimization terminated successfully,0.15651031727464806,0.12401087481459776,0.0019567871546451185,
2021-08-06,2020-08-07,2021-08-06,252,min_variance,True,Optimization terminated successfully,0.10530697262059452,0.1232667027929815,0.0033038076565809205,
2021-08-13,2020-08-14,2021-08-13,252,min_variance,True,Optimization terminated successfully,0.12125052813645354,0.11978843600650337,0.032627250307213806,
2021-08-20,2020-08-21,2021-08-20,252,min_variance,True,Optimization terminated successfully,0.10662867477606244,0.11800883756969259,0.024755571881194482,
2021-08-27,2020-08-28,2021-08-27,252,min_variance,True,Optimization terminated successfully,0.11651195823955132,0.1184108173370563,0.0010607045412028573,
2021-09-03,2020-09-04,2021-09-03,252,min_variance,True,Optimization terminated successfully,0.13220237455256129,0.11573143778758267,0.017348803971456245,
2021-09-10,2020-09-11,2021-09-10,252,min_variance,True,Optimization terminated successfully,0.13696944833921249,0.1138379482810721,0.027664527835514097,
2021-09-17,2020-09-18,2021-09-17,252,min_variance,True,Optimization terminated successfully,0.12290234135004571,0.11388751351793815,0.007050458017483829,
2021-09-24,2020-09-25,2021-09-24,252,min_variance,True,Optimization terminated successfully,0.16020714356134946,0.11052601031517613,0.003848425444978376,
2021-10-01,2020-10-02,2021-10-01,252,min_variance,True,Optimization terminated successfully,0.12020435449741865,0.11070434052407316,0.0016207909781806309,
2021-10-08,2020-10-09,2021-10-08,252,min_variance,True,Optimization terminated successfully,0.11708662818281589,0.10884600528140084,0.006698701999453133,
2021-10-15,2020-10-16,2021-10-15,252,min_variance,True,Optimization terminated successfully,0.12134126229869074,0.10833063826868576,0.00041251356955010476,
2021-10-22,2020-10-23,2021-10-22,252,min_variance,True,Optimization terminated successfully,0.14283817361010404,0.10812839332671569,0.003495951214575216,
2021-10-29,2020-10-30,2021-10-29,252,min_variance,True,Optimization terminated successfully,0.18918521548685246,0.1043903748997163,0.023964303493137634,
2021-11-05,2020-11-06,2021-11-05,252,min_variance,True,Optimization terminated successfully,0.16175965289549277,0.10082411159127512,0.015219553137936992,
2021-11-12,2020-11-13,2021-11-12,252,min_variance,True,Optimization terminated successfully,0.17600304751527598,0.10008707352800726,0.01659965073436817,
2021-11-19,2020-11-20,2021-11-19,252,min_variance,True,Optimization terminated successfully,0.17067849102967145,0.09887306554846773,0.009424071468143225,
2021-11-26,2020-11-27,2021-11-26,252,min_variance,True,Optimization terminated successfully,0.14893288395705498,0.10034209593949485,0.0024777353809360696,
2021-12-03,2020-12-04,2021-12-03,252,min_variance,True,Optimization terminated successfully,0.12025006380269618,0.10053724035340741,0.025570346022094292,
2021-12-10,2020-12-11,2021-12-10,252,min_variance,True,Optimization terminated successfully,0.1383700759611134,0.10084641654677803,0.015182449483771676,
2021-12-17,2020-12-18,2021-12-17,252,min_variance,True,Optimization terminated successfully,0.10824584267178483,0.10076700199568031,0.009249145825733468,
2021-12-23,2020-12-24,2021-12-23,252,min_variance,True,Optimization terminated successfully,0.1290335284272883,0.10166486845227107,0.00789960430762035,
2021-12-31,2021-01-04,2021-12-31,252,min_variance,True,Optimization terminated successfully,0.12270010186057972,0.10181812103435252,0.0017973122471898195,
2022-01-07,2021-01-11,2022-01-07,252,min_variance,True,Optimization terminated successfully,0.10096339606826904,0.10142877105558233,0.022459552088567564,
2022-01-14,2021-01-19,2022-01-14,252,min_variance,True,Optimization terminated successfully,0.11815856483589325,0.10167666076201759,0.0031088467504660766,
2022-01-21,2021-01-25,2022-01-21,252,min_variance,True,Optimization terminated successfully,0.07252170700624039,0.1016228158076484,0.015468777153465979,
2022-01-28,2021-02-01,2022-01-28,252,min_variance,True,Optimization terminated successfully,0.08818063191555003,0.10140542619059152,0.012790312199497333,
2022-02-04,2021-02-08,2022-02-04,252,min_variance,True,Optimization terminated successfully,0.08232367132151176,0.10198668422849604,0.02063642308516292,
2022-02-11,2021-02-16,2022-02-11,252,min_variance,True,Optimization terminated successfully,0.0787856091889649,0.10266882128921304,0.010500588450261916,
2022-02-18,2021-02-23,2022-02-18,252,min_variance,True,Optimization terminated successfully,0.09159435316951597,0.10234347358147061,0.01225337098354018,
2022-02-25,2021-03-01,2022-02-25,252,min_variance,True,Optimization terminated successfully,0.12534382710814476,0.09930274207782794,0.017718581291328084,
2022-03-04,2021-03-08,2022-03-04,252,min_variance,True,Optimization terminated successfully,0.14724578668313537,0.09732586756718534,0.0193443074294867,
2022-03-11,2021-03-15,2022-03-11,252,min_variance,True,Optimization terminated successfully,0.11853429551639481,0.09674626844040542,0.00424458016769913,
2022-03-18,2021-03-22,2022-03-18,252,min_variance,True,Optimization terminated successfully,0.12758262279365745,0.09794934841452488,0.0019393596086371145,
2022-03-25,2021-03-29,2022-03-25,252,min_variance,True,Optimization terminated successfully,0.14099944588346544,0.0978457188426645,0.0023864021912809175,
2022-04-01,2021-04-06,2022-04-01,252,min_variance,True,Optimization terminated successfully,0.12157245820165812,0.09642231529162291,0.005512936852388628,
2022-04-08,2021-04-13,2022-04-08,252,min_variance,True,Optimization terminated successfully,0.11500202061976372,0.09680016134551359,0.005464680260685806,
2022-04-14,2021-04-19,2022-04-14,252,min_variance,True,Optimization terminated successfully,0.09329093677325866,0.09634117828310333,0.007128041968390536,
2022-04-22,2021-04-26,2022-04-22,252,min_variance,True,Optimization terminated successfully,0.0706418318913005,0.0975486404341185,0.00588350098721227,
2022-04-29,2021-05-03,2022-04-29,252,min_variance,True,Optimization terminated successfully,0.04916929997362467,0.1008228136893704,0.0202331321657295,
2022-05-06,2021-05-10,2022-05-06,252,min_variance,True,Optimization terminated successfully,0.0193228328190833,0.10262069485328369,0.01831686766108301,
2022-05-13,2021-05-17,2022-05-13,252,min_variance,True,Optimization terminated successfully,-0.011449808459934834,0.1035706038287679,0.00038706762923335086,
2022-05-20,2021-05-24,2022-05-20,252,min_variance,True,Optimization terminated successfully,-0.02159203415011218,0.10476540300118492,0.010250734472807138,
2022-05-27,2021-06-01,2022-05-27,252,min_variance,True,Optimization terminated successfully,-0.006698449872511521,0.10565246444775105,0.009044387826569217,
2022-06-03,2021-06-07,2022-06-03,252,min_variance,True,Optimization terminated successfully,-0.010149323461125083,0.10630250428608998,0.006562293224389143,
2022-06-10,2021-06-14,2022-06-10,252,min_variance,True,Optimization terminated successfully,-0.01825522243775265,0.10692053443035254,0.008095754626039176,
2022-06-17,2021-06-21,2022-06-17,252,min_variance,True,Optimization terminated successfully,-0.0015717071078656941,0.10952356939787702,0.01960785560139136,
2022-06-24,2021-06-25,2022-06-24,252,min_variance,True,Optimization terminated successfully,0.004267488014890217,0.10943530197301658,0.007544755755974797,
2022-07-01,2021-07-02,2022-07-01,252,min_variance,True,Optimization terminated successfully,-0.014762712263897611,0.10957737765927791,0.004427807223136293,
2022-07-08,2021-07-09,2022-07-08,252,min_variance,True,Optimization terminated successfully,-0.04262173745582052,0.11053104590479262,0.006590262932864688,
2022-07-15,2021-07-16,2022-07-15,252,min_variance,True,Optimization terminated successfully,-0.07147114869729217,0.11100837182872388,0.0011930757200971642,
2022-07-22,2021-07-23,2022-07-22,252,min_variance,True,Optimization terminated successfully,-0.04864056886478996,0.11186546741822118,0.001169810509774855,
2022-07-29,2021-07-30,2022-07-29,252,min_variance,True,Optimization terminated successfully,-0.03235063855104881,0.11353364789496523,0.006667660990279489,
2022-08-05,2021-08-06,2022-08-05,252,min_variance,True,Optimization terminated successfully,-0.018021921448453392,0.11448615517377138,0.0029523614326636416,
2022-08-12,2021-08-13,2022-08-12,252,min_variance,True,Optimization terminated successfully,0.02017962183989002,0.11308957746893303,0.013835084150186888,
2022-08-19,2021-08-20,2022-08-19,252,min_variance,True,Optimization terminated successfully,-0.01138691302906897,0.11327419540893201,0.0003573382509830525,
2022-08-26,2021-08-27,2022-08-26,252,min_variance,True,Optimization terminated successfully,-0.0368366594045751,0.11501617324226417,0.009768709955025462,
2022-09-02,2021-09-03,2022-09-02,252,min_variance,True,Optimization terminated successfully,-0.0689824141760166,0.11495221542336485,0.00031910869567960964,
2022-09-09,2021-09-10,2022-09-09,252,min_variance,True,Optimization terminated successfully,-0.047322284917985,0.11491863656297244,0.007424911844881837,
2022-09-16,2021-09-17,2022-09-16,252,min_variance,True,Optimization terminated successfully,-0.0612090361170993,0.11708415358764494,0.004506840793419009,
2022-09-23,2021-09-24,2022-09-23,252,min_variance,True,Optimization terminated successfully,-0.0840361394189879,0.11833538013378114,0.0,
2022-09-30,2021-10-01,2022-09-30,252,min_variance,True,Optimization terminated successfully,-0.07863671019008153,0.11980167604175514,0.0,
2022-10-07,2021-10-08,2022-10-07,252,min_variance,True,Optimization terminated successfully,-0.06530639630751575,0.1249086839018558,0.0,
2022-10-14,2021-10-15,2022-10-14,252,min_variance,True,Optimization terminated successfully,-0.11028418028995093,0.1255332032411945,0.0,
2022-10-21,2021-10-22,2022-10-21,252,min_variance,True,Optimization terminated successfully,-0.09323172431778914,0.1275508191810175,0.0,
2022-10-28,2021-10-29,2022-10-28,252,min_variance,True,Optimization terminated successfully,-0.09469425681849689,0.12741137280597747,0.0,
2022-11-04,2021-11-05,2022-11-04,252,min_variance,True,Optimization terminated successfully,-0.09299770944703373,0.1304833851984558,0.0,
2022-11-11,2021-11-12,2022-11-11,252,min_variance,True,Optimization terminated successfully,-0.06410060822504299,0.1372869059944192,0.0,
2022-11-18,2021-11-19,2022-11-18,252,min_variance,True,Optimization terminated successfully,-0.07663870317313318,0.13735658433449663,0.0,
2022-11-25,2021-11-26,2022-11-25,252,min_variance,True,Optimization terminated successfully,-0.04204190237595771,0.13649473116529937,0.0,
2022-12-02,2021-12-03,2022-12-02,252,min_variance,True,Optimization terminated successfully,-0.005666487940529864,0.1381290331235804,0.0,
2022-12-09,2021-12-10,2022-12-09,252,min_variance,True,Optimization terminated successfully,-0.02515378231684079,0.13890769010977358,0.0,
2022-12-16,2021-12-17,2022-12-16,252,min_variance,True,Optimization terminated successfully,-0.04203701255860742,0.14022564007080077,0.0,
2022-12-23,2021-12-27,2022-12-23,252,min_variance,True,Optimization terminated successfully,-0.0473304965309209,0.14079950709936953,0.0,
2022-12-30,2021-12-31,2022-12-30,252,min_variance,True,Optimization terminated successfully,-0.04470264316607705,0.14114903368492226,0.0,
2023-01-06,2022-01-06,2023-01-06,252,min_variance,True,Optimization terminated successfully,-0.015551458291966073,0.14276966355798296,0.0,
2023-01-13,2022-01-13,2023-01-13,252,min_variance,True,Optimization terminated successfully,0.003855200112795984,0.1427461797353269,0.0,
2023-01-20,2022-01-20,2023-01-20,252,min_variance,True,Optimization terminated successfully,0.011026653709319385,0.14278161315371637,0.0,
2023-01-27,2022-01-27,2023-01-27,252,min_variance,True,Optimization terminated successfully,0.039789039800853306,0.14201243781339407,0.0,
2023-02-03,2022-02-03,2023-02-03,252,min_variance,True,Optimization terminated successfully,0.009907129504116183,0.14372793049587684,0.0,
2023-02-10,2022-02-10,2023-02-10,252,min_variance,True,Optimization terminated successfully,-0.003601298432270819,0.1435119462419837,0.0,
2023-02-17,2022-02-17,2023-02-17,252,min_variance,True,Optimization terminated successfully,-0.020470885131324,0.14305394323516218,0.0,
2023-02-24,2022-02-24,2023-02-24,252,min_variance,True,Optimization terminated successfully,-0.03725311427810226,0.143507511591294,0.0,
2023-03-03,2022-03-03,2023-03-03,252,min_variance,True,Optimization terminated successfully,-0.031431484666526406,0.14367294913811748,0.0,
2023-03-10,2022-03-10,2023-03-10,252,min_variance,True,Optimization terminated successfully,-0.05637636922311307,0.14316063861644723,0.0,
2023-03-17,2022-03-17,2023-03-17,252,min_variance,True,Optimization terminated successfully,0.003415387405462378,0.1438397101517677,0.0,
2023-03-24,2022-03-24,2023-03-24,252,min_variance,True,Optimization terminated successfully,-0.00592879323273293,0.14435214042032332,0.0,
2023-03-31,2022-03-31,2023-03-31,252,min_variance,True,Optimization terminated successfully,-0.002629073836507921,0.1439742100051673,0.0,
2023-04-06,2022-04-06,2023-04-06,252,min_variance,True,Optimization terminated successfully,0.019937834913234205,0.14414750147929778,0.0,
2023-04-14,2022-04-13,2023-04-14,252,min_variance,True,Optimization terminated successfully,0.01309172134309302,0.14533502182491384,0.0,
2023-04-21,2022-04-21,2023-04-21,252,min_variance,True,Optimization terminated successfully,0.004499220122811853,0.1451239651592469,0.0,
2023-04-28,2022-04-28,2023-04-28,252,min_variance,True,Optimization terminated successfully,0.05434257530803661,0.1437296061999669,0.0,
2023-05-05,2022-05-05,2023-05-05,252,min_variance,True,Optimization terminated successfully,0.05404637270268979,0.14205078002558244,0.0,
2023-05-12,2022-05-12,2023-05-12,252,min_variance,True,Optimization terminated successfully,0.08888086519387056,0.14004086619326117,0.0,
2023-05-19,2022-05-19,2023-05-19,252,min_variance,True,Optimization terminated successfully,0.09623423034309436,0.1396189078601392,0.001276698121952552,
2023-05-26,2022-05-26,2023-05-26,252,min_variance,True,Optimization terminated successfully,0.06755715005208986,0.13957643149046142,0.0012766981219525248,
2023-06-02,2022-06-02,2023-06-02,252,min_variance,True,Optimization terminated successfully,0.06810122188672976,0.1394387216886826,0.006825543033117221,
2023-06-09,2022-06-09,2023-06-09,252,min_variance,True,Optimization terminated successfully,0.06991486415375807,0.13870973871842668,0.008048592299844448,
2023-06-16,2022-06-16,2023-06-16,252,min_variance,True,Optimization terminated successfully,0.1104102273896212,0.13445622722038025,0.010434901871878788,
2023-06-23,2022-06-23,2023-06-23,252,min_variance,True,Optimization terminated successfully,0.09417946020587745,0.13459242423367654,0.007178996506982033,
2023-06-30,2022-06-30,2023-06-30,252,min_variance,True,Optimization terminated successfully,0.10492416106081093,0.1341763315136682,0.009107579289901135,
2023-07-07,2022-07-07,2023-07-07,252,min_variance,True,Optimization terminated successfully,0.1283765544580956,0.1330709410958651,0.009603791233175119,
2023-07-14,2022-07-14,2023-07-14,252,min_variance,True,Optimization terminated successfully,0.1531611359194774,0.13318253782218267,0.004180645282285234,
2023-07-21,2022-07-21,2023-07-21,252,min_variance,True,Optimization terminated successfully,0.15884952249248277,0.1326790418071998,0.004761039408555878,
2023-07-28,2022-07-28,2023-07-28,252,min_variance,True,Optimization terminated successfully,0.1411299201961693,0.13209137862655426,0.009599921374475767,
2023-08-04,2022-08-04,2023-08-04,252,min_variance,True,Optimization terminated successfully,0.10461370565005115,0.1316122227944661,0.0032453794841723616,
2023-08-11,2022-08-11,2023-08-11,252,min_variance,True,Optimization terminated successfully,0.08027702996968,0.13103713768491057,0.004277670756054813,
2023-08-18,2022-08-18,2023-08-18,252,min_variance,True,Optimization terminated successfully,0.06866789769827383,0.13049888627315445,0.0028913718137773834,
2023-08-25,2022-08-25,2023-08-25,252,min_variance,True,Optimization terminated successfully,0.09493187741803402,0.1300835619077156,0.0019378444011736162,
2023-09-01,2022-09-01,2023-09-01,252,min_variance,True,Optimization terminated successfully,0.14487583147375535,0.12822995901555562,0.011653700393169958,
2023-09-08,2022-09-08,2023-09-08,252,min_variance,True,Optimization terminated successfully,0.12789712407235637,0.1277449152592551,0.00034866237547245875,
2023-09-15,2022-09-15,2023-09-15,252,min_variance,True,Optimization terminated successfully,0.13927052795766795,0.1249900147872571,0.01886660162731721,
2023-09-22,2022-09-22,2023-09-22,252,min_variance,True,Optimization terminated successfully,0.152632102377115,0.12414613896238086,0.001963160859431129,
2023-09-29,2022-09-29,2023-09-29,252,min_variance,True,Optimization terminated successfully,0.135783859129483,0.1217896883829433,0.0027862218296074446,
2023-10-06,2022-10-06,2023-10-06,252,min_variance,True,Optimization terminated successfully,0.10513805105286356,0.11771952716706326,0.014610480957478689,
2023-10-13,2022-10-13,2023-10-13,252,min_variance,True,Optimization terminated successfully,0.17747958411679524,0.11745182841145375,0.026696795887162034,
2023-10-20,2022-10-20,2023-10-20,252,min_variance,True,Optimization terminated successfully,0.18377791770465263,0.11479665046710598,0.01693236251037919,
2023-10-27,2022-10-27,2023-10-27,252,min_variance,True,Optimization terminated successfully,0.1519027850101604,0.11303844635260317,0.005546146967003562,
2023-11-03,2022-11-03,2023-11-03,252,min_variance,True,Optimization terminated successfully,0.1905243710786424,0.11197838808410762,0.003760166154487793,
2023-11-10,2022-11-10,2023-11-10,252,min_variance,True,Optimization terminated successfully,0.1583742130010071,0.1080810137250939,0.006930188292673889,
2023-11-17,2022-11-17,2023-11-17,252,min_variance,True,Optimization terminated successfully,0.13466674413588534,0.10009537623415217,0.024693695163826246,
2023-11-24,2022-11-23,2023-11-24,252,min_variance,True,Optimization terminated successfully,0.1494094476527743,0.09971728898753378,0.0019681053800412185,
2023-12-01,2022-12-01,2023-12-01,252,min_variance,True,Optimization terminated successfully,0.1531106868567989,0.09738268809732847,0.019068282157017086,
2023-12-08,2022-12-08,2023-12-08,252,min_variance,True,Optimization terminated successfully,0.15015395994553135,0.09633354358395964,0.00601589750132131,
2023-12-15,2022-12-15,2023-12-15,252,min_variance,True,Optimization terminated successfully,0.15301138357147995,0.09731285431001048,0.0075626286734916115,
2023-12-22,2022-12-22,2023-12-22,252,min_variance,True,Optimization terminated successfully,0.17874050467314329,0.095372817348872,0.003697643826398478,
2023-12-29,2022-12-29,2023-12-29,252,min_variance,True,Optimization terminated successfully,0.19845571558522712,0.09410148639004962,0.004033800375412483,
2024-01-05,2023-01-05,2024-01-05,252,min_variance,True,Optimization terminated successfully,0.1626745838150298,0.09366825027229375,0.0019310782110404934,
2024-01-12,2023-01-12,2024-01-12,252,min_variance,True,Optimization terminated successfully,0.15233040782431218,0.09051608147400446,0.0034342594645686286,
2024-01-19,2023-01-19,2024-01-19,252,min_variance,True,Optimization terminated successfully,0.15237599822058956,0.09062291681348678,0.00026476441416886675,
2024-01-26,2023-01-26,2024-01-26,252,min_variance,True,Optimization terminated successfully,0.13350593982329526,0.09023249793494002,0.004768233505747482,
2024-02-02,2023-02-02,2024-02-02,252,min_variance,True,Optimization terminated successfully,0.13001146548884257,0.09019137196543484,0.0005012998866446018,
2024-02-09,2023-02-09,2024-02-09,252,min_variance,True,Optimization terminated successfully,0.15318355863429273,0.0880988867046768,0.005950728355171131,
2024-02-16,2023-02-16,2024-02-16,252,min_variance,True,Optimization terminated successfully,0.1538982955775783,0.08898699530902167,0.0011341177879100606,
2024-02-23,2023-02-23,2024-02-23,252,min_variance,True,Optimization terminated successfully,0.19176478926420687,0.08822371547969768,0.003631519616193596,
2024-03-01,2023-03-02,2024-03-01,252,min_variance,True,Optimization terminated successfully,0.21036656820209373,0.08874508451138748,0.005524404593793858,
2024-03-08,2023-03-09,2024-03-08,252,min_variance,True,Optimization terminated successfully,0.23146860358806848,0.0868462949439392,0.0028198796617455724,
2024-03-15,2023-03-16,2024-03-15,252,min_variance,True,Optimization terminated successfully,0.21227065906890474,0.08624327199618131,0.0003571386835811152,
2024-03-22,2023-03-23,2024-03-22,252,min_variance,True,Optimization terminated successfully,0.20435138140837697,0.0859872562351413,0.004118108426809014,
2024-03-28,2023-03-29,2024-03-28,252,min_variance,True,Optimization terminated successfully,0.21347575857823853,0.08599334490145412,0.004646519257347742,
2024-04-05,2023-04-05,2024-04-05,252,min_variance,True,Optimization terminated successfully,0.20273661068688714,0.08696012363115257,0.0055009571573380045,
2024-04-12,2023-04-13,2024-04-12,252,min_variance,True,Optimization terminated successfully,0.20236046355937543,0.0894786733935361,0.0038236310290515885,
2024-04-19,2023-04-20,2024-04-19,252,min_variance,True,Optimization terminated successfully,0.19188558982658713,0.08834175052552283,0.006958528145745713,
2024-04-26,2023-04-27,2024-04-26,252,min_variance,True,Optimization terminated successfully,0.2105169608444043,0.08840616966910614,0.010055104428027012,
2024-05-03,2023-05-04,2024-05-03,252,min_variance,True,Optimization terminated successfully,0.1903215830192595,0.08980638136855035,0.004982944296275299,
2024-05-10,2023-05-11,2024-05-10,252,min_variance,True,Optimization terminated successfully,0.20816340722281998,0.0908767660099922,0.009410762654545962,
2024-05-17,2023-05-18,2024-05-17,252,min_variance,True,Optimization terminated successfully,0.2359040149348739,0.0914580761060766,0.007650481681085536,
2024-05-24,2023-05-25,2024-05-24,252,min_variance,True,Optimization terminated successfully,0.23244232017043823,0.09246321667577743,0.013661196284655702,
2024-05-31,2023-06-01,2024-05-31,252,min_variance,True,Optimization terminated successfully,0.21918141417827253,0.09260656361633317,0.003272249435545327,
2024-06-07,2023-06-08,2024-06-07,252,min_variance,True,Optimization terminated successfully,0.2144242458343006,0.09420303552322908,0.025507540015677788,
2024-06-14,2023-06-15,2024-06-14,252,min_variance,True,Optimization terminated successfully,0.21645270320260476,0.09419311494357305,0.002835213093838579,
2024-06-21,2023-06-22,2024-06-21,252,min_variance,True,Optimization terminated successfully,0.22227930583822647,0.09363173559030324,0.006391836133095047,
2024-06-28,2023-06-29,2024-06-28,252,min_variance,True,Optimization terminated successfully,0.22555427313059762,0.09360589824554369,0.00581544247550006,
2024-07-05,2023-07-06,2024-07-05,252,min_variance,True,Optimization terminated successfully,0.2373563075494438,0.09372630327633431,0.005084565757657922,
2024-07-12,2023-07-13,2024-07-12,252,min_variance,True,Optimization terminated successfully,0.23439759504086483,0.09335082375579581,0.0005418670657900973,
2024-07-19,2023-07-20,2024-07-19,252,min_variance,True,Optimization terminated successfully,0.20385040838397928,0.09521248681359167,0.005962699582714004,
2024-07-26,2023-07-27,2024-07-26,252,min_variance,True,Optimization terminated successfully,0.19739146297634658,0.0974441793079011,0.010564564217106914,
2024-08-02,2023-08-03,2024-08-02,252,min_variance,True,Optimization terminated successfully,0.2086570101545446,0.09838704063158421,0.012194929381784458,
2024-08-09,2023-08-10,2024-08-09,252,min_variance,True,Optimization terminated successfully,0.2185842811927427,0.10250360573899862,0.019176398443792625,
2024-08-16,2023-08-17,2024-08-16,252,min_variance,True,Optimization terminated successfully,0.2683516643269056,0.10336373936025754,0.0048280344452816815,
2024-08-23,2023-08-24,2024-08-23,252,min_variance,True,Optimization terminated successfully,0.2665726399101564,0.10372728198239892,0.0025780862778085056,
2024-08-30,2023-08-31,2024-08-30,252,min_variance,True,Optimization terminated successfully,0.2505954269169806,0.10283937835907084,0.0068072048897061255,
2024-09-06,2023-09-07,2024-09-06,252,min_variance,True,Optimization terminated successfully,0.23744415422120896,0.10437232038396403,0.01257940449390868,
2024-09-13,2023-09-14,2024-09-13,252,min_variance,True,Optimization terminated successfully,0.2761078906879868,0.10525494986763369,0.0015707226198766748,
2024-09-20,2023-09-21,2024-09-20,252,min_variance,True,Optimization terminated successfully,0.2931560179102338,0.10616629436504388,0.00850427848350857,
2024-09-27,2023-09-28,2024-09-27,252,min_variance,True,Optimization terminated successfully,0.3301626342146225,0.1046676864696007,0.007867811486923754,
2024-10-04,2023-10-05,2024-10-04,252,min_variance,True,Optimization terminated successfully,0.3454044674045914,0.10386345213758984,0.001498389650715859,
2024-10-11,2023-10-12,2024-10-11,252,min_variance,True,Optimization terminated successfully,0.32603640176050547,0.10353269292354722,0.003546561350638494,
2024-10-18,2023-10-19,2024-10-18,252,min_variance,True,Optimization terminated successfully,0.3324307363344851,0.10315725056090339,0.007248194823403303,
2024-10-25,2023-10-26,2024-10-25,252,min_variance,True,Optimization terminated successfully,0.3412794342966716,0.10319133672913115,0.014002894942000799,
2024-11-01,2023-11-02,2024-11-01,252,min_variance,True,Optimization terminated successfully,0.3248162108236014,0.10459100797930253,0.006223407207866627,
2024-11-08,2023-11-09,2024-11-08,252,min_variance,True,Optimization terminated successfully,0.33150283291023824,0.10443762922586189,0.001082980096952818,
2024-11-15,2023-11-16,2024-11-15,252,min_variance,True,Optimization terminated successfully,0.28151591792309244,0.10469473463382586,0.01687311117258028,
2024-11-22,2023-11-24,2024-11-22,252,min_variance,True,Optimization terminated successfully,0.2989874666665405,0.1052887894739155,0.0066276079608261484,
2024-11-29,2023-11-30,2024-11-29,252,min_variance,True,Optimization terminated successfully,0.2910392170291689,0.10588912564719012,0.00858629630172486,
2024-12-06,2023-12-07,2024-12-06,252,min_variance,True,Optimization terminated successfully,0.2952140173880203,0.1049707684331339,0.008253881373354588,
2024-12-13,2023-12-14,2024-12-13,252,min_variance,True,Optimization terminated successfully,0.27252673013312223,0.10447307975603294,0.00044867308088655886,
2024-12-20,2023-12-21,2024-12-20,252,min_variance,True,Optimization terminated successfully,0.25749557347946905,0.10744589452764819,0.009233543864338667,
2024-12-27,2023-12-28,2024-12-27,252,min_variance,True,Optimization terminated successfully,0.24062994118180725,0.10774712844217638,0.0033198116543661227,
2025-01-03,2024-01-04,2025-01-03,252,min_variance,True,Optimization terminated successfully,0.25794326213225355,0.10763765618849136,0.0037719127839484223,
2025-01-10,2024-01-10,2025-01-10,252,min_variance,True,Optimization terminated successfully,0.2497370077528148,0.107885238963238,0.004681905018296156,
2025-01-17,2024-01-18,2025-01-17,252,min_variance,True,Optimization terminated successfully,0.2759025808838618,0.10815854131012217,0.0073942038193579585,
2025-01-24,2024-01-24,2025-01-24,252,min_variance,True,Optimization terminated successfully,0.2758585435127421,0.10820954144620452,0.0036189852623106653,
2025-01-31,2024-01-31,2025-01-31,252,min_variance,True,Optimization terminated successfully,0.2656146941279143,0.10947346230221124,0.00039739369682670393,
2025-02-07,2024-02-07,2025-02-07,252,min_variance,True,Optimization terminated successfully,0.26827545565400324,0.10865723037992489,0.004610357864598652,
2025-02-14,2024-02-14,2025-02-14,252,min_variance,True,Optimization terminated successfully,0.2881723100367374,0.10862618756876542,0.006758921769225962,
2025-02-21,2024-02-21,2025-02-21,252,min_variance,True,Optimization terminated successfully,0.2754060076314312,0.10927261859780743,0.0004408247566087542,
2025-02-28,2024-02-28,2025-02-28,252,min_variance,True,Optimization terminated successfully,0.2443387156393389,0.11036998264748783,0.005485158696797776,
2025-03-07,2024-03-06,2025-03-07,252,min_variance,True,Optimization terminated successfully,0.21742091380385176,0.11081615822022714,0.01983341030914826,
2025-03-14,2024-03-13,2025-03-14,252,min_variance,True,Optimization terminated successfully,0.20169822207244012,0.11293113353245891,0.017898010602088232,
2025-03-21,2024-03-20,2025-03-21,252,min_variance,True,Optimization terminated successfully,0.2094378099982914,0.11315710284097327,0.0017068503757518005,
2025-03-28,2024-03-27,2025-03-28,252,min_variance,True,Optimization terminated successfully,0.2057206540067117,0.11363573934003102,0.013805523434333528,
2025-04-04,2024-04-04,2025-04-04,252,min_variance,True,Optimization terminated successfully,0.14485992935163536,0.1248020023420581,0.07544687725409926,
2025-04-11,2024-04-11,2025-04-11,252,min_variance,True,Optimization terminated successfully,0.22847251642777577,0.14252289477154245,0.08446732761613185,
2025-04-17,2024-04-17,2025-04-17,252,min_variance,True,Optimization terminated successfully,0.23103249494695033,0.14163464245431592,0.00409789238945857,
2025-04-25,2024-04-24,2025-04-25,252,min_variance,True,Optimization terminated successfully,0.2615095019195218,0.1426245224229218,0.00409206645286142,
2025-05-02,2024-05-01,2025-05-02,252,min_variance,True,Optimization terminated successfully,0.27106423623445475,0.14217103633200992,0.005174750084545404,
2025-05-09,2024-05-08,2025-05-09,252,min_variance,True,Optimization terminated successfully,0.26316909318378057,0.14337835747164654,0.01908527193447085,
2025-05-16,2024-05-15,2025-05-16,252,min_variance,True,Optimization terminated successfully,0.24671154045037508,0.14396587957641088,0.00474769449811685,
2025-05-23,2024-05-22,2025-05-23,252,min_variance,True,Optimization terminated successfully,0.24114274260138213,0.1440245474077712,0.003667952803928426,
2025-05-30,2024-05-29,2025-05-30,252,min_variance,True,Optimization terminated successfully,0.255238767077848,0.1429748690930511,0.004729091714028799,
2025-06-06,2024-06-05,2025-06-06,252,min_variance,True,Optimization terminated successfully,0.2733011142841404,0.14359470836995297,0.0048337754443346925,
2025-06-13,2024-06-12,2025-06-13,252,min_variance,True,Optimization terminated successfully,0.28923933052731143,0.14180895342310404,0.008790376234475289,
2025-06-20,2024-06-18,2025-06-20,252,min_variance,True,Optimization terminated successfully,0.2680681278063025,0.14178138382494218,0.0,
2025-06-27,2024-06-26,2025-06-27,252,min_variance,True,Optimization terminated successfully,0.26708973409417247,0.14180231308290128,0.0007186756331685197,
2025-07-03,2024-07-02,2025-07-03,252,min_variance,True,Optimization terminated successfully,0.2823858219407856,0.1418608633025214,0.0,
2025-07-11,2024-07-10,2025-07-11,252,min_variance,True,Optimization terminated successfully,0.2690291207359283,0.14153934669512908,0.0016170384935260962,
2025-07-18,2024-07-17,2025-07-18,252,min_variance,True,Optimization terminated successfully,0.23911770589736742,0.14089072290361065,0.002845752777281274,
2025-07-25,2024-07-24,2025-07-25,252,min_variance,True,Optimization terminated successfully,0.2661131364441989,0.1401662217005597,0.003850848716741767,
2025-08-01,2024-07-31,2025-08-01,252,min_variance,True,Optimization terminated successfully,0.2671646225269284,0.13933823503530043,0.005389887150823225,
2025-08-08,2024-08-07,2025-08-08,252,min_variance,True,Optimization terminated successfully,0.3061274048763152,0.13660885937048262,0.01687433583010484,
2025-08-15,2024-08-14,2025-08-15,252,min_variance,True,Optimization terminated successfully,0.265471435042384,0.13548876212028008,0.015134326454335791,
2025-08-22,2024-08-21,2025-08-22,252,min_variance,True,Optimization terminated successfully,0.2477148624728105,0.13534864081848286,0.0033333864398777634,
2025-08-29,2024-08-28,2025-08-29,252,min_variance,True,Optimization terminated successfully,0.256599536043977,0.13479991246397888,0.0051892542200662264,
2025-09-05,2024-09-04,2025-09-05,252,min_variance,True,Optimization terminated successfully,0.2954645676096772,0.1344029498620512,0.012109899324511932,
2025-09-12,2024-09-11,2025-09-12,252,min_variance,True,Optimization terminated successfully,0.30730531845993825,0.13369184117337166,0.010895761492570669,
2025-09-19,2024-09-18,2025-09-19,252,min_variance,True,Optimization terminated successfully,0.2965069238818741,0.13337489005307296,0.0018074569621793733,
2025-09-26,2024-09-25,2025-09-26,252,min_variance,True,Optimization terminated successfully,0.2790763421935989,0.13272626976979376,0.007499767987705741,
2025-10-03,2024-10-02,2025-10-03,252,min_variance,True,Optimization terminated successfully,0.30434908148805706,0.13284427617359604,0.002864633414797542,
2025-10-10,2024-10-09,2025-10-10,252,min_variance,True,Optimization terminated successfully,0.31243243785283725,0.13430210877690119,0.008599469388984128,
2025-10-17,2024-10-16,2025-10-17,252,min_variance,True,Optimization terminated successfully,0.3341254024699152,0.13611828897095368,0.011142649140305633,
2025-10-24,2024-10-23,2025-10-24,252,min_variance,True,Optimization terminated successfully,0.3029391888916318,0.1414492303762055,0.030026121007152455,
2025-10-31,2024-10-30,2025-10-31,252,min_variance,True,Optimization terminated successfully,0.2913686435483982,0.1413098816588529,0.010062951462084253,
2025-11-07,2024-11-06,2025-11-07,252,min_variance,True,Optimization terminated successfully,0.29166444843659095,0.14120442353813029,0.004112176287026696,
2025-11-14,2024-11-13,2025-11-14,252,min_variance,True,Optimization terminated successfully,0.3111195065917106,0.14231970176811598,0.004055158409129768,
2025-11-21,2024-11-20,2025-11-21,252,min_variance,True,Optimization terminated successfully,0.2988031537593602,0.14219312423658312,0.003974789506925806,
2025-11-28,2024-11-26,2025-11-28,252,min_variance,True,Optimization terminated successfully,0.332975418945763,0.14237922399785083,0.012649826802433421,
2025-12-05,2024-12-04,2025-12-05,252,min_variance,True,Optimization terminated successfully,0.3243242236724633,0.14219868151344753,0.000878641313906095,
2025-12-12,2024-12-11,2025-12-12,252,min_variance,True,Optimization terminated successfully,0.32331091583733784,0.14224304105795663,0.0016633230133000707,
2025-12-19,2024-12-18,2025-12-19,252,min_variance,True,Optimization terminated successfully,0.33642849719571954,0.14154382099812216,0.0037258254702141266,
2025-12-26,2024-12-24,2025-12-26,252,min_variance,True,Optimization terminated successfully,0.37595527193625894,0.1397509469178735,0.013551495665547239,
2026-01-02,2024-12-31,2026-01-02,252,min_variance,True,Optimization terminated successfully,0.3500869966299014,0.14119693551053217,0.012938288878095228,
2026-01-09,2025-01-08,2026-01-09,252,min_variance,True,Optimization terminated successfully,0.36863334658632063,0.14201720996472333,0.004822258422723019,
2026-01-16,2025-01-16,2026-01-16,252,min_variance,True,Optimization terminated successfully,0.3610812415643478,0.14157428821281903,0.008016790598258446,
2026-01-23,2025-01-23,2026-01-23,252,min_variance,True,Optimization terminated successfully,0.3749653400101801,0.1422940566156174,0.005331307736549419,
2026-01-30,2025-01-30,2026-01-30,252,min_variance,True,Optimization terminated successfully,0.34919747873368434,0.1498977575041151,0.05765911522567133,
2026-02-06,2025-02-06,2026-02-06,252,min_variance,True,Optimization terminated successfully,0.3290552802943155,0.154265254553151,0.020306120421006615,
2026-02-13,2025-02-13,2026-02-13,252,min_variance,True,Optimization terminated successfully,0.319548879175623,0.15645041271585552,0.009414255035062727,
2026-02-20,2025-02-20,2026-02-20,252,min_variance,True,Optimization terminated successfully,0.3148094742214663,0.15713600724887863,0.004899235831806181,
2026-02-27,2025-02-27,2026-02-27,252,min_variance,True,Optimization terminated successfully,0.34779358670213145,0.15652076632044168,0.004565051149494778,
2026-03-06,2025-03-06,2026-03-06,252,min_variance,True,Optimization terminated successfully,0.3362967245842999,0.15700358869957043,0.01108494299662878,
2026-03-13,2025-03-13,2026-03-13,252,min_variance,True,Optimization terminated successfully,0.3427645936204706,0.1556799214588906,0.017120886136648847,
2026-03-20,2025-03-20,2026-03-20,252,min_variance,True,Optimization terminated successfully,0.26568600328531916,0.1584058129686498,0.015418285526944422,
2026-03-27,2025-03-27,2026-03-27,252,min_variance,True,Optimization terminated successfully,0.24751030548080483,0.1606666023513975,0.01129840999026141,
2026-04-02,2025-04-02,2026-04-02,252,min_variance,True,Optimization terminated successfully,0.2809708289522975,0.16339651162060118,0.013104925174191692,
