sample_id,objective,rebalance_date,forward_start,forward_end,demo_training_reward,demo_raw_return,demo_benchmark_return,demo_equal_weight_return,demo_restricted_random_return,demo_excess_return,demo_excess_vs_equal_weight,demo_excess_vs_restricted_random,policy_training_reward,policy_raw_return,policy_excess_return,policy_excess_vs_equal_weight,policy_excess_vs_restricted_random,demo_weight_ASSET_01,policy_weight_ASSET_01,demo_weight_ASSET_02,policy_weight_ASSET_02,demo_weight_ASSET_03,policy_weight_ASSET_03,demo_weight_ASSET_04,policy_weight_ASSET_04,demo_weight_ASSET_05,policy_weight_ASSET_05,demo_weight_ASSET_06,policy_weight_ASSET_06,demo_weight_ASSET_07,policy_weight_ASSET_07,demo_weight_ASSET_08,policy_weight_ASSET_08,demo_weight_ASSET_09,policy_weight_ASSET_09,demo_weight_ASSET_10,policy_weight_ASSET_10
0,portfolio_oracle_memory_best_asset_anchor,2018-10-31,2018-11-01,2018-11-30,0.01888718642294407,0.03270888328552246,0.018548965454101562,0.01264810562133789,0.013038396835327148,0.014159917831420898,0.02006077766418457,0.019670486450195312,0.01888718642294407,0.03270888328552246,0.014159917831420898,0.02006077766418457,0.019670486450195312,9.999910162150627e-07,9.999910162150627e-07,9.999910162150627e-07,9.999910162150627e-07,9.999910162150627e-07,9.999910162150627e-07,9.999910162150627e-07,9.999910162150627e-07,9.999910162150627e-07,9.999910162150627e-07,9.999910162150627e-07,9.999910162150627e-07,9.999910162150627e-07,9.999910162150627e-07,9.999910162150627e-07,9.999910162150627e-07,9.999910162150627e-07,9.999910162150627e-07,0.9999910593032837,0.9999910593032837
1,portfolio_oracle_memory_best_asset_anchor,2018-11-30,2018-12-03,2018-12-31,0.11989937722682953,0.04941904544830322,-0.08804839849472046,-0.06847125291824341,-0.0735979676246643,0.13746744394302368,0.11789029836654663,0.12301701307296753,0.11989937722682953,0.04941904544830322,0.13746744394302368,0.11789029836654663,0.12301701307296753,9.999910162150627e-07,9.999910162150627e-07,9.999910162150627e-07,9.999910162150627e-07,9.999910162150627e-07,9.999910162150627e-07,9.999910162150627e-07,9.999910162150627e-07,9.999910162150627e-07,9.999910162150627e-07,9.999910162150627e-07,9.999910162150627e-07,9.999910162150627e-07,9.999910162150627e-07,0.9999910593032837,0.9999910593032837,9.999910162150627e-07,9.999910162150627e-07,9.999910162150627e-07,9.999910162150627e-07
2,portfolio_oracle_memory_best_asset_anchor,2018-12-31,2019-01-02,2019-01-31,0.02214449644088745,0.09201204776763916,0.08006584644317627,0.07478415966033936,0.07702982425689697,0.01194620132446289,0.017227888107299805,0.014982223510742188,0.02214449644088745,0.09201204776763916,0.01194620132446289,0.017227888107299805,0.014982223510742188,9.999910162150627e-07,9.999910162150627e-07,9.999910162150627e-07,9.999910162150627e-07,9.999910162150627e-07,9.999910162150627e-07,9.999910162150627e-07,9.999910162150627e-07,9.999910162150627e-07,9.999910162150627e-07,9.999910162150627e-07,9.999910162150627e-07,0.9999910593032837,0.9999910593032837,9.999910162150627e-07,9.999910162150627e-07,9.999910162150627e-07,9.999910162150627e-07,9.999910162150627e-07,9.999910162150627e-07
3,portfolio_oracle_memory_best_asset_anchor,2019-01-31,2019-02-01,2019-02-28,0.01079404354095459,0.03688037395477295,0.03241550922393799,0.027291297912597656,0.024663686752319336,0.004464864730834961,0.009589076042175293,0.012216687202453613,0.01079404354095459,0.03688037395477295,0.004464864730834961,0.009589076042175293,0.012216687202453613,9.999910162150627e-07,9.999910162150627e-07,9.999910162150627e-07,9.999910162150627e-07,9.999910162150627e-07,9.999910162150627e-07,9.999910162150627e-07,9.999910162150627e-07,9.999910162150627e-07,9.999910162150627e-07,9.999910162150627e-07,9.999910162150627e-07,0.9999910593032837,0.9999910593032837,9.999910162150627e-07,9.999910162150627e-07,9.999910162150627e-07,9.999910162150627e-07,9.999910162150627e-07,9.999910162150627e-07
4,portfolio_oracle_memory_best_asset_anchor,2019-02-28,2019-03-01,2019-03-29,0.02360750362277031,0.0392451286315918,0.018100857734680176,0.014545559883117676,0.020168066024780273,0.02114427089691162,0.02469956874847412,0.019077062606811523,0.02360750362277031,0.0392451286315918,0.02114427089691162,0.02469956874847412,0.019077062606811523,9.999910162150627e-07,9.999910162150627e-07,9.999910162150627e-07,9.999910162150627e-07,9.999910162150627e-07,9.999910162150627e-07,9.999910162150627e-07,9.999910162150627e-07,0.9999910593032837,0.9999910593032837,9.999910162150627e-07,9.999910162150627e-07,9.999910162150627e-07,9.999910162150627e-07,9.999910162150627e-07,9.999910162150627e-07,9.999910162150627e-07,9.999910162150627e-07,9.999910162150627e-07,9.999910162150627e-07
5,portfolio_oracle_memory_best_asset_anchor,2019-03-29,2019-04-01,2019-04-30,0.021647464483976364,0.0549929141998291,0.04085218906402588,0.034685730934143066,0.03299427032470703,0.014140725135803223,0.020307183265686035,0.02199864387512207,0.021647464483976364,0.0549929141998291,0.014140725135803223,0.020307183265686035,0.02199864387512207,9.999910162150627e-07,9.999910162150627e-07,9.999910162150627e-07,9.999910162150627e-07,9.999910162150627e-07,9.999910162150627e-07,9.999910162150627e-07,9.999910162150627e-07,0.9999910593032837,0.9999910593032837,9.999910162150627e-07,9.999910162150627e-07,9.999910162150627e-07,9.999910162150627e-07,9.999910162150627e-07,9.999910162150627e-07,9.999910162150627e-07,9.999910162150627e-07,9.999910162150627e-07,9.999910162150627e-07
6,portfolio_oracle_memory_best_asset_anchor,2019-04-30,2019-05-01,2019-05-31,0.07099562138319016,0.01757359504699707,-0.06377118825912476,-0.05501443147659302,-0.05704611539840698,0.08134478330612183,0.07258802652359009,0.07461971044540405,0.07099562138319016,0.01757359504699707,0.08134478330612183,0.07258802652359009,0.07461971044540405,9.999910162150627e-07,9.999910162150627e-07,9.999910162150627e-07,9.999910162150627e-07,9.999910162150627e-07,9.999910162150627e-07,9.999910162150627e-07,9.999910162150627e-07,9.999910162150627e-07,9.999910162150627e-07,9.999910162150627e-07,9.999910162150627e-07,9.999910162150627e-07,9.999910162150627e-07,0.9999910593032837,0.9999910593032837,9.999910162150627e-07,9.999910162150627e-07,9.999910162150627e-07,9.999910162150627e-07
7,portfolio_oracle_memory_best_asset_anchor,2019-05-31,2019-06-03,2019-06-28,0.018609797582030296,0.08002924919128418,0.06958627700805664,0.06895267963409424,0.06449568271636963,0.010442972183227539,0.011076569557189941,0.01553356647491455,0.018609797582030296,0.08002924919128418,0.010442972183227539,0.011076569557189941,0.01553356647491455,9.999910162150627e-07,9.999910162150627e-07,9.999910162150627e-07,9.999910162150627e-07,9.999910162150627e-07,9.999910162150627e-07,9.999910162150627e-07,9.999910162150627e-07,9.999910162150627e-07,9.999910162150627e-07,9.999910162150627e-07,9.999910162150627e-07,9.999910162150627e-07,9.999910162150627e-07,0.9999910593032837,0.9999910593032837,9.999910162150627e-07,9.999910162150627e-07,9.999910162150627e-07,9.999910162150627e-07
8,portfolio_oracle_memory_best_asset_anchor,2019-06-28,2019-07-01,2019-07-31,0.012941444292664528,0.023347973823547363,0.015119194984436035,0.007702946662902832,0.010239839553833008,0.008228778839111328,0.01564502716064453,0.013108134269714355,0.012941444292664528,0.023347973823547363,0.008228778839111328,0.01564502716064453,0.013108134269714355,9.999910162150627e-07,9.999910162150627e-07,9.999910162150627e-07,9.999910162150627e-07,9.999910162150627e-07,9.999910162150627e-07,9.999910162150627e-07,9.999910162150627e-07,0.9999910593032837,0.9999910593032837,9.999910162150627e-07,9.999910162150627e-07,9.999910162150627e-07,9.999910162150627e-07,9.999910162150627e-07,9.999910162150627e-07,9.999910162150627e-07,9.999910162150627e-07,9.999910162150627e-07,9.999910162150627e-07
9,portfolio_oracle_memory_best_asset_anchor,2019-07-31,2019-08-01,2019-08-30,0.08856575936079025,0.07912182807922363,-0.01674330234527588,-0.008122503757476807,-0.0015493035316467285,0.09586513042449951,0.08724433183670044,0.08067113161087036,0.08856575936079025,0.07912182807922363,0.09586513042449951,0.08724433183670044,0.08067113161087036,9.999910162150627e-07,9.999910162150627e-07,9.999910162150627e-07,9.999910162150627e-07,9.999910162150627e-07,9.999910162150627e-07,9.999910162150627e-07,9.999910162150627e-07,9.999910162150627e-07,9.999910162150627e-07,9.999910162150627e-07,9.999910162150627e-07,9.999910162150627e-07,9.999910162150627e-07,0.9999910593032837,0.9999910593032837,9.999910162150627e-07,9.999910162150627e-07,9.999910162150627e-07,9.999910162150627e-07
10,portfolio_oracle_memory_best_asset_anchor,2019-08-30,2019-09-03,2019-09-30,0.019251501187682152,0.03458201885223389,0.01945781707763672,0.01504504680633545,0.015169382095336914,0.015124201774597168,0.019536972045898438,0.019412636756896973,0.019251501187682152,0.03458201885223389,0.015124201774597168,0.019536972045898438,0.019412636756896973,9.999910162150627e-07,9.999910162150627e-07,9.999910162150627e-07,9.999910162150627e-07,9.999910162150627e-07,9.999910162150627e-07,9.999910162150627e-07,9.999910162150627e-07,9.999910162150627e-07,9.999910162150627e-07,9.999910162150627e-07,9.999910162150627e-07,9.999910162150627e-07,9.999910162150627e-07,9.999910162150627e-07,9.999910162150627e-07,9.999910162150627e-07,9.999910162150627e-07,0.9999910593032837,0.9999910593032837
11,portfolio_oracle_memory_best_asset_anchor,2019-09-30,2019-10-01,2019-10-31,0.021151507273316383,0.0438007116317749,0.022104382514953613,0.02702152729034424,0.02850496768951416,0.02169632911682129,0.016779184341430664,0.015295743942260742,0.021151507273316383,0.0438007116317749,0.02169632911682129,0.016779184341430664,0.015295743942260742,9.999910162150627e-07,9.999910162150627e-07,9.999910162150627e-07,9.999910162150627e-07,9.999910162150627e-07,9.999910162150627e-07,9.999910162150627e-07,9.999910162150627e-07,0.9999910593032837,0.9999910593032837,9.999910162150627e-07,9.999910162150627e-07,9.999910162150627e-07,9.999910162150627e-07,9.999910162150627e-07,9.999910162150627e-07,9.999910162150627e-07,9.999910162150627e-07,9.999910162150627e-07,9.999910162150627e-07
12,portfolio_oracle_memory_best_asset_anchor,2019-10-31,2019-11-01,2019-11-29,0.012562369927763939,0.04069411754608154,0.03619861602783203,0.025082111358642578,0.03063833713531494,0.004495501518249512,0.015612006187438965,0.010055780410766602,0.012562369927763939,0.04069411754608154,0.004495501518249512,0.015612006187438965,0.010055780410766602,9.999910162150627e-07,9.999910162150627e-07,9.999910162150627e-07,9.999910162150627e-07,9.999910162150627e-07,9.999910162150627e-07,9.999910162150627e-07,9.999910162150627e-07,0.9999910593032837,0.9999910593032837,9.999910162150627e-07,9.999910162150627e-07,9.999910162150627e-07,9.999910162150627e-07,9.999910162150627e-07,9.999910162150627e-07,9.999910162150627e-07,9.999910162150627e-07,9.999910162150627e-07,9.999910162150627e-07
13,portfolio_oracle_memory_best_asset_anchor,2019-11-29,2019-12-02,2019-12-31,0.01114357728511095,0.0388636589050293,0.029055356979370117,0.03202712535858154,0.03244900703430176,0.00980830192565918,0.006836533546447754,0.006414651870727539,0.01114357728511095,0.0388636589050293,0.00980830192565918,0.006836533546447754,0.006414651870727539,9.999910162150627e-07,9.999910162150627e-07,9.999910162150627e-07,9.999910162150627e-07,9.999910162150627e-07,9.999910162150627e-07,9.999910162150627e-07,9.999910162150627e-07,0.9999910593032837,0.9999910593032837,9.999910162150627e-07,9.999910162150627e-07,9.999910162150627e-07,9.999910162150627e-07,9.999910162150627e-07,9.999910162150627e-07,9.999910162150627e-07,9.999910162150627e-07,9.999910162150627e-07,9.999910162150627e-07
14,portfolio_oracle_memory_best_asset_anchor,2019-12-31,2020-01-02,2020-01-31,0.04319733381271362,0.04499638080596924,-0.0004037022590637207,0.0021523237228393555,0.006574153900146484,0.04540008306503296,0.04284405708312988,0.038422226905822754,0.04319733381271362,0.04499638080596924,0.04540008306503296,0.04284405708312988,0.038422226905822754,9.999910162150627e-07,9.999910162150627e-07,9.999910162150627e-07,9.999910162150627e-07,9.999910162150627e-07,9.999910162150627e-07,9.999910162150627e-07,9.999910162150627e-07,9.999910162150627e-07,9.999910162150627e-07,9.999910162150627e-07,9.999910162150627e-07,9.999910162150627e-07,9.999910162150627e-07,0.9999910593032837,0.9999910593032837,9.999910162150627e-07,9.999910162150627e-07,9.999910162150627e-07,9.999910162150627e-07
15,portfolio_oracle_memory_best_asset_anchor,2020-01-31,2020-02-03,2020-02-28,0.06055183336138725,-0.006362318992614746,-0.07916557788848877,-0.07076597213745117,-0.070090651512146,0.07280325889587402,0.06440365314483643,0.06372833251953125,0.06055183336138725,-0.006362318992614746,0.07280325889587402,0.06440365314483643,0.06372833251953125,9.999910162150627e-07,9.999910162150627e-07,9.999910162150627e-07,9.999910162150627e-07,9.999910162150627e-07,9.999910162150627e-07,9.999910162150627e-07,9.999910162150627e-07,9.999910162150627e-07,9.999910162150627e-07,9.999910162150627e-07,9.999910162150627e-07,9.999910162150627e-07,9.999910162150627e-07,0.9999910593032837,0.9999910593032837,9.999910162150627e-07,9.999910162150627e-07,9.999910162150627e-07,9.999910162150627e-07
16,portfolio_oracle_memory_best_asset_anchor,2020-02-28,2020-03-02,2020-03-31,0.10535706579685211,-0.0022251009941101074,-0.12487161159515381,-0.11139953136444092,-0.12106829881668091,0.1226465106010437,0.10917443037033081,0.1188431978225708,0.10535706579685211,-0.0022251009941101074,0.1226465106010437,0.10917443037033081,0.1188431978225708,9.999910162150627e-07,9.999910162150627e-07,9.999910162150627e-07,9.999910162150627e-07,9.999910162150627e-07,9.999910162150627e-07,9.999910162150627e-07,9.999910162150627e-07,9.999910162150627e-07,9.999910162150627e-07,9.999910162150627e-07,9.999910162150627e-07,9.999910162150627e-07,9.999910162150627e-07,0.9999910593032837,0.9999910593032837,9.999910162150627e-07,9.999910162150627e-07,9.999910162150627e-07,9.999910162150627e-07
17,portfolio_oracle_memory_best_asset_anchor,2020-03-31,2020-04-01,2020-04-30,0.045522890985012054,0.15080666542053223,0.12698352336883545,0.1130903959274292,0.10281622409820557,0.023823142051696777,0.03771626949310303,0.04799044132232666,0.045522890985012054,0.15080666542053223,0.023823142051696777,0.03771626949310303,0.04799044132232666,9.999910162150627e-07,9.999910162150627e-07,9.999910162150627e-07,9.999910162150627e-07,9.999910162150627e-07,9.999910162150627e-07,9.999910162150627e-07,9.999910162150627e-07,9.999910162150627e-07,9.999910162150627e-07,9.999910162150627e-07,9.999910162150627e-07,0.9999910593032837,0.9999910593032837,9.999910162150627e-07,9.999910162150627e-07,9.999910162150627e-07,9.999910162150627e-07,9.999910162150627e-07,9.999910162150627e-07
18,portfolio_oracle_memory_best_asset_anchor,2020-04-30,2020-05-01,2020-05-29,0.025937747210264206,0.07059693336486816,0.0476454496383667,0.050493478775024414,0.05226480960845947,0.022951483726501465,0.02010345458984375,0.01833212375640869,0.025937747210264206,0.07059693336486816,0.022951483726501465,0.02010345458984375,0.01833212375640869,9.999910162150627e-07,9.999910162150627e-07,9.999910162150627e-07,9.999910162150627e-07,9.999910162150627e-07,9.999910162150627e-07,9.999910162150627e-07,9.999910162150627e-07,9.999910162150627e-07,9.999910162150627e-07,9.999910162150627e-07,9.999910162150627e-07,0.9999910593032837,0.9999910593032837,9.999910162150627e-07,9.999910162150627e-07,9.999910162150627e-07,9.999910162150627e-07,9.999910162150627e-07,9.999910162150627e-07
19,portfolio_oracle_memory_best_asset_anchor,2020-05-29,2020-06-01,2020-06-30,0.04206482321023941,0.06286656856536865,0.01773393154144287,0.027947545051574707,0.026619553565979004,0.04513263702392578,0.034919023513793945,0.03624701499938965,0.04206482321023941,0.06286656856536865,0.04513263702392578,0.034919023513793945,0.03624701499938965,9.999910162150627e-07,9.999910162150627e-07,9.999910162150627e-07,9.999910162150627e-07,9.999910162150627e-07,9.999910162150627e-07,9.999910162150627e-07,9.999910162150627e-07,0.9999910593032837,0.9999910593032837,9.999910162150627e-07,9.999910162150627e-07,9.999910162150627e-07,9.999910162150627e-07,9.999910162150627e-07,9.999910162150627e-07,9.999910162150627e-07,9.999910162150627e-07,9.999910162150627e-07,9.999910162150627e-07
20,portfolio_oracle_memory_best_asset_anchor,2020-06-30,2020-07-01,2020-07-31,0.05621032789349556,0.10790419578552246,0.058892011642456055,0.05766868591308594,0.05418229103088379,0.049012184143066406,0.05023550987243652,0.05372190475463867,0.05621032789349556,0.10790419578552246,0.049012184143066406,0.05023550987243652,0.05372190475463867,9.999910162150627e-07,9.999910162150627e-07,9.999910162150627e-07,9.999910162150627e-07,9.999910162150627e-07,9.999910162150627e-07,9.999910162150627e-07,9.999910162150627e-07,9.999910162150627e-07,9.999910162150627e-07,9.999910162150627e-07,9.999910162150627e-07,9.999910162150627e-07,9.999910162150627e-07,0.9999910593032837,0.9999910593032837,9.999910162150627e-07,9.999910162150627e-07,9.999910162150627e-07,9.999910162150627e-07
21,portfolio_oracle_memory_best_asset_anchor,2020-07-31,2020-08-03,2020-08-31,0.0491383895277977,0.10944712162017822,0.06979656219482422,0.06343710422515869,0.06679487228393555,0.039650559425354004,0.04601001739501953,0.042652249336242676,0.0491383895277977,0.10944712162017822,0.039650559425354004,0.04601001739501953,0.042652249336242676,9.999910162150627e-07,9.999910162150627e-07,9.999910162150627e-07,9.999910162150627e-07,9.999910162150627e-07,9.999910162150627e-07,9.999910162150627e-07,9.999910162150627e-07,0.9999910593032837,0.9999910593032837,9.999910162150627e-07,9.999910162150627e-07,9.999910162150627e-07,9.999910162150627e-07,9.999910162150627e-07,9.999910162150627e-07,9.999910162150627e-07,9.999910162150627e-07,9.999910162150627e-07,9.999910162150627e-07
22,portfolio_oracle_memory_best_asset_anchor,2020-08-31,2020-09-01,2020-09-30,0.012990182265639305,-0.017997264862060547,-0.03744393587112427,-0.03494817018508911,-0.027627110481262207,0.01944667100906372,0.016950905323028564,0.00962984561920166,0.012990182265639305,-0.017997264862060547,0.01944667100906372,0.016950905323028564,0.00962984561920166,9.999910162150627e-07,9.999910162150627e-07,9.999910162150627e-07,9.999910162150627e-07,9.999910162150627e-07,9.999910162150627e-07,9.999910162150627e-07,9.999910162150627e-07,9.999910162150627e-07,9.999910162150627e-07,0.9999910593032837,0.9999910593032837,9.999910162150627e-07,9.999910162150627e-07,9.999910162150627e-07,9.999910162150627e-07,9.999910162150627e-07,9.999910162150627e-07,9.999910162150627e-07,9.999910162150627e-07
23,portfolio_oracle_memory_best_asset_anchor,2020-09-30,2020-10-01,2020-10-30,0.017040062695741653,-0.005194485187530518,-0.024933695793151855,-0.024681448936462402,-0.024283170700073242,0.019739210605621338,0.019486963748931885,0.019088685512542725,0.017040062695741653,-0.005194485187530518,0.019739210605621338,0.019486963748931885,0.019088685512542725,9.999910162150627e-07,9.999910162150627e-07,9.999910162150627e-07,9.999910162150627e-07,9.999910162150627e-07,9.999910162150627e-07,9.999910162150627e-07,9.999910162150627e-07,9.999910162150627e-07,9.999910162150627e-07,9.999910162150627e-07,9.999910162150627e-07,9.999910162150627e-07,9.999910162150627e-07,0.9999910593032837,0.9999910593032837,9.999910162150627e-07,9.999910162150627e-07,9.999910162150627e-07,9.999910162150627e-07
24,portfolio_oracle_memory_best_asset_anchor,2020-10-30,2020-11-02,2020-11-30,0.05701557546854019,0.1429656744003296,0.10877692699432373,0.10099208354949951,0.06070852279663086,0.03418874740600586,0.04197359085083008,0.08225715160369873,0.05701557546854019,0.1429656744003296,0.03418874740600586,0.04197359085083008,0.08225715160369873,9.999910162150627e-07,9.999910162150627e-07,9.999910162150627e-07,9.999910162150627e-07,9.999910162150627e-07,9.999910162150627e-07,9.999910162150627e-07,9.999910162150627e-07,9.999910162150627e-07,9.999910162150627e-07,0.9999910593032837,0.9999910593032837,9.999910162150627e-07,9.999910162150627e-07,9.999910162150627e-07,9.999910162150627e-07,9.999910162150627e-07,9.999910162150627e-07,9.999910162150627e-07,9.999910162150627e-07
25,portfolio_oracle_memory_best_asset_anchor,2020-11-30,2020-12-01,2020-12-31,0.03237404674291611,0.07013833522796631,0.03704822063446045,0.04648876190185547,0.04499185085296631,0.03309011459350586,0.02364957332611084,0.025146484375,0.03237404674291611,0.07013833522796631,0.03309011459350586,0.02364957332611084,0.025146484375,9.999910162150627e-07,9.999910162150627e-07,9.999910162150627e-07,9.999910162150627e-07,9.999910162150627e-07,9.999910162150627e-07,9.999910162150627e-07,9.999910162150627e-07,9.999910162150627e-07,9.999910162150627e-07,9.999910162150627e-07,9.999910162150627e-07,9.999910162150627e-07,9.999910162150627e-07,0.9999910593032837,0.9999910593032837,9.999910162150627e-07,9.999910162150627e-07,9.999910162150627e-07,9.999910162150627e-07
26,portfolio_oracle_memory_best_asset_anchor,2020-12-31,2021-01-04,2021-01-29,0.010618656873703003,0.002613544464111328,-0.010190188884735107,-0.009277522563934326,-0.00572890043258667,0.012803733348846436,0.011891067028045654,0.008342444896697998,0.010618656873703003,0.002613544464111328,0.012803733348846436,0.011891067028045654,0.008342444896697998,9.999910162150627e-07,9.999910162150627e-07,9.999910162150627e-07,9.999910162150627e-07,9.999910162150627e-07,9.999910162150627e-07,9.999910162150627e-07,9.999910162150627e-07,0.9999910593032837,0.9999910593032837,9.999910162150627e-07,9.999910162150627e-07,9.999910162150627e-07,9.999910162150627e-07,9.999910162150627e-07,9.999910162150627e-07,9.999910162150627e-07,9.999910162150627e-07,9.999910162150627e-07,9.999910162150627e-07
27,portfolio_oracle_memory_best_asset_anchor,2021-01-29,2021-02-01,2021-02-26,0.030642235651612282,0.04999125003814697,0.027805685997009277,0.01573503017425537,0.017531156539916992,0.022185564041137695,0.0342562198638916,0.03246009349822998,0.030642235651612282,0.04999125003814697,0.022185564041137695,0.0342562198638916,0.03246009349822998,9.999910162150627e-07,9.999910162150627e-07,9.999910162150627e-07,9.999910162150627e-07,9.999910162150627e-07,9.999910162150627e-07,9.999910162150627e-07,9.999910162150627e-07,9.999910162150627e-07,9.999910162150627e-07,9.999910162150627e-07,9.999910162150627e-07,9.999910162150627e-07,9.999910162150627e-07,9.999910162150627e-07,9.999910162150627e-07,9.999910162150627e-07,9.999910162150627e-07,0.9999910593032837,0.9999910593032837
28,portfolio_oracle_memory_best_asset_anchor,2021-02-26,2021-03-01,2021-03-31,0.03403792530298233,0.0666656494140625,0.04539906978607178,0.031806230545043945,0.024631142616271973,0.021266579627990723,0.034859418869018555,0.04203450679779053,0.03403792530298233,0.0666656494140625,0.021266579627990723,0.034859418869018555,0.04203450679779053,9.999910162150627e-07,9.999910162150627e-07,9.999910162150627e-07,9.999910162150627e-07,9.999910162150627e-07,9.999910162150627e-07,9.999910162150627e-07,9.999910162150627e-07,9.999910162150627e-07,9.999910162150627e-07,9.999910162150627e-07,9.999910162150627e-07,9.999910162150627e-07,9.999910162150627e-07,9.999910162150627e-07,9.999910162150627e-07,9.999910162150627e-07,9.999910162150627e-07,0.9999910593032837,0.9999910593032837
29,portfolio_oracle_memory_best_asset_anchor,2021-03-31,2021-04-01,2021-04-30,0.024959910660982132,0.06913292407989502,0.05291032791137695,0.0469893217086792,0.04456043243408203,0.016222596168518066,0.02214360237121582,0.02457249164581299,0.024959910660982132,0.06913292407989502,0.016222596168518066,0.02214360237121582,0.02457249164581299,9.999910162150627e-07,9.999910162150627e-07,9.999910162150627e-07,9.999910162150627e-07,9.999910162150627e-07,9.999910162150627e-07,9.999910162150627e-07,9.999910162150627e-07,9.999910162150627e-07,9.999910162150627e-07,9.999910162150627e-07,9.999910162150627e-07,0.9999910593032837,0.9999910593032837,9.999910162150627e-07,9.999910162150627e-07,9.999910162150627e-07,9.999910162150627e-07,9.999910162150627e-07,9.999910162150627e-07
30,portfolio_oracle_memory_best_asset_anchor,2021-04-30,2021-05-03,2021-05-28,0.06594204902648926,0.07678341865539551,0.006566405296325684,0.017209768295288086,0.015259385108947754,0.07021701335906982,0.05957365036010742,0.061524033546447754,0.06594204902648926,0.07678341865539551,0.07021701335906982,0.05957365036010742,0.061524033546447754,9.999910162150627e-07,9.999910162150627e-07,9.999910162150627e-07,9.999910162150627e-07,9.999910162150627e-07,9.999910162150627e-07,9.999910162150627e-07,9.999910162150627e-07,9.999910162150627e-07,9.999910162150627e-07,9.999910162150627e-07,9.999910162150627e-07,9.999910162150627e-07,9.999910162150627e-07,0.9999910593032837,0.9999910593032837,9.999910162150627e-07,9.999910162150627e-07,9.999910162150627e-07,9.999910162150627e-07
31,portfolio_oracle_memory_best_asset_anchor,2021-05-28,2021-06-01,2021-06-30,0.048852063715457916,0.06262063980102539,0.02242732048034668,0.010569334030151367,0.008134245872497559,0.04019331932067871,0.05205130577087402,0.05448639392852783,0.048852063715457916,0.06262063980102539,0.04019331932067871,0.05205130577087402,0.05448639392852783,9.999910162150627e-07,9.999910162150627e-07,9.999910162150627e-07,9.999910162150627e-07,9.999910162150627e-07,9.999910162150627e-07,9.999910162150627e-07,9.999910162150627e-07,0.9999910593032837,0.9999910593032837,9.999910162150627e-07,9.999910162150627e-07,9.999910162150627e-07,9.999910162150627e-07,9.999910162150627e-07,9.999910162150627e-07,9.999910162150627e-07,9.999910162150627e-07,9.999910162150627e-07,9.999910162150627e-07
32,portfolio_oracle_memory_best_asset_anchor,2021-06-30,2021-07-01,2021-07-30,0.012031746096909046,0.03183281421661377,0.02441227436065674,0.020163536071777344,0.0199354887008667,0.007420539855957031,0.011669278144836426,0.01189732551574707,0.012031746096909046,0.03183281421661377,0.007420539855957031,0.011669278144836426,0.01189732551574707,9.999910162150627e-07,9.999910162150627e-07,9.999910162150627e-07,9.999910162150627e-07,9.999910162150627e-07,9.999910162150627e-07,9.999910162150627e-07,9.999910162150627e-07,9.999910162150627e-07,9.999910162150627e-07,9.999910162150627e-07,9.999910162150627e-07,0.9999910593032837,0.9999910593032837,9.999910162150627e-07,9.999910162150627e-07,9.999910162150627e-07,9.999910162150627e-07,9.999910162150627e-07,9.999910162150627e-07
33,portfolio_oracle_memory_best_asset_anchor,2021-07-30,2021-08-02,2021-08-31,0.017788875848054886,0.04218637943267822,0.029760360717773438,0.024701237678527832,0.02541494369506836,0.012426018714904785,0.01748514175415039,0.016771435737609863,0.017788875848054886,0.04218637943267822,0.012426018714904785,0.01748514175415039,0.016771435737609863,9.999910162150627e-07,9.999910162150627e-07,9.999910162150627e-07,9.999910162150627e-07,9.999910162150627e-07,9.999910162150627e-07,9.999910162150627e-07,9.999910162150627e-07,0.9999910593032837,0.9999910593032837,9.999910162150627e-07,9.999910162150627e-07,9.999910162150627e-07,9.999910162150627e-07,9.999910162150627e-07,9.999910162150627e-07,9.999910162150627e-07,9.999910162150627e-07,9.999910162150627e-07,9.999910162150627e-07
34,portfolio_oracle_memory_best_asset_anchor,2021-08-31,2021-09-01,2021-09-30,0.008094757795333862,-0.03223526477813721,-0.046605050563812256,-0.04308682680130005,-0.04380977153778076,0.014369785785675049,0.010851562023162842,0.011574506759643555,0.008094757795333862,-0.03223526477813721,0.014369785785675049,0.010851562023162842,0.011574506759643555,9.999910162150627e-07,9.999910162150627e-07,9.999910162150627e-07,9.999910162150627e-07,9.999910162150627e-07,9.999910162150627e-07,9.999910162150627e-07,9.999910162150627e-07,9.999910162150627e-07,9.999910162150627e-07,9.999910162150627e-07,9.999910162150627e-07,9.999910162150627e-07,9.999910162150627e-07,0.9999910593032837,0.9999910593032837,9.999910162150627e-07,9.999910162150627e-07,9.999910162150627e-07,9.999910162150627e-07
35,portfolio_oracle_memory_best_asset_anchor,2021-09-30,2021-10-01,2021-10-29,0.02741182968020439,0.08264076709747314,0.07016348838806152,0.05704629421234131,0.05024826526641846,0.012477278709411621,0.025594472885131836,0.03239250183105469,0.02741182968020439,0.08264076709747314,0.012477278709411621,0.025594472885131836,0.03239250183105469,9.999910162150627e-07,9.999910162150627e-07,9.999910162150627e-07,9.999910162150627e-07,9.999910162150627e-07,9.999910162150627e-07,9.999910162150627e-07,9.999910162150627e-07,9.999910162150627e-07,9.999910162150627e-07,9.999910162150627e-07,9.999910162150627e-07,0.9999910593032837,0.9999910593032837,9.999910162150627e-07,9.999910162150627e-07,9.999910162150627e-07,9.999910162150627e-07,9.999910162150627e-07,9.999910162150627e-07
36,portfolio_oracle_memory_best_asset_anchor,2021-10-29,2021-11-01,2021-11-30,0.029520254582166672,0.01996791362762451,-0.008034884929656982,-0.013992726802825928,-0.010702848434448242,0.028002798557281494,0.03396064043045044,0.030670762062072754,0.029520254582166672,0.01996791362762451,0.028002798557281494,0.03396064043045044,0.030670762062072754,9.999910162150627e-07,9.999910162150627e-07,9.999910162150627e-07,9.999910162150627e-07,9.999910162150627e-07,9.999910162150627e-07,9.999910162150627e-07,9.999910162150627e-07,0.9999910593032837,0.9999910593032837,9.999910162150627e-07,9.999910162150627e-07,9.999910162150627e-07,9.999910162150627e-07,9.999910162150627e-07,9.999910162150627e-07,9.999910162150627e-07,9.999910162150627e-07,9.999910162150627e-07,9.999910162150627e-07
37,portfolio_oracle_memory_best_asset_anchor,2021-11-30,2021-12-01,2021-12-31,0.03255518525838852,0.0695497989654541,0.04624748229980469,0.03922116756439209,0.033646345138549805,0.023302316665649414,0.03032863140106201,0.0359034538269043,0.03255518525838852,0.0695497989654541,0.023302316665649414,0.03032863140106201,0.0359034538269043,9.999910162150627e-07,9.999910162150627e-07,9.999910162150627e-07,9.999910162150627e-07,9.999910162150627e-07,9.999910162150627e-07,9.999910162150627e-07,9.999910162150627e-07,9.999910162150627e-07,9.999910162150627e-07,9.999910162150627e-07,9.999910162150627e-07,9.999910162150627e-07,9.999910162150627e-07,9.999910162150627e-07,9.999910162150627e-07,9.999910162150627e-07,9.999910162150627e-07,0.9999910593032837,0.9999910593032837
38,portfolio_oracle_memory_best_asset_anchor,2021-12-31,2022-01-03,2022-01-31,0.03644486516714096,-0.010740697383880615,-0.052741289138793945,-0.05061924457550049,-0.054516375064849854,0.04200059175491333,0.03987854719161987,0.04377567768096924,0.03644486516714096,-0.010740697383880615,0.04200059175491333,0.03987854719161987,0.04377567768096924,9.999910162150627e-07,9.999910162150627e-07,9.999910162150627e-07,9.999910162150627e-07,9.999910162150627e-07,9.999910162150627e-07,9.999910162150627e-07,9.999910162150627e-07,9.999910162150627e-07,9.999910162150627e-07,9.999910162150627e-07,9.999910162150627e-07,9.999910162150627e-07,9.999910162150627e-07,9.999910162150627e-07,9.999910162150627e-07,9.999910162150627e-07,9.999910162150627e-07,0.9999910593032837,0.9999910593032837
39,portfolio_oracle_memory_best_asset_anchor,2022-01-31,2022-02-01,2022-02-28,0.08307529985904694,0.061215996742248535,-0.029516875743865967,-0.021129190921783447,-0.018568992614746094,0.0907328724861145,0.08234518766403198,0.07978498935699463,0.08307529985904694,0.061215996742248535,0.0907328724861145,0.08234518766403198,0.07978498935699463,9.999910162150627e-07,9.999910162150627e-07,9.999910162150627e-07,9.999910162150627e-07,9.999910162150627e-07,9.999910162150627e-07,9.999910162150627e-07,9.999910162150627e-07,9.999910162150627e-07,9.999910162150627e-07,9.999910162150627e-07,9.999910162150627e-07,9.999910162150627e-07,9.999910162150627e-07,0.9999910593032837,0.9999910593032837,9.999910162150627e-07,9.999910162150627e-07,9.999910162150627e-07,9.999910162150627e-07
40,portfolio_oracle_memory_best_asset_anchor,2022-02-28,2022-03-01,2022-03-31,0.01680673286318779,0.046678900718688965,0.0375901460647583,0.029482483863830566,0.029956817626953125,0.009088754653930664,0.0171964168548584,0.01672208309173584,0.01680673286318779,0.046678900718688965,0.009088754653930664,0.0171964168548584,0.01672208309173584,9.999910162150627e-07,9.999910162150627e-07,9.999910162150627e-07,9.999910162150627e-07,9.999910162150627e-07,9.999910162150627e-07,9.999910162150627e-07,9.999910162150627e-07,0.9999910593032837,0.9999910593032837,9.999910162150627e-07,9.999910162150627e-07,9.999910162150627e-07,9.999910162150627e-07,9.999910162150627e-07,9.999910162150627e-07,9.999910162150627e-07,9.999910162150627e-07,9.999910162150627e-07,9.999910162150627e-07
41,portfolio_oracle_memory_best_asset_anchor,2022-03-31,2022-04-01,2022-04-29,0.053632814437150955,-0.020703613758087158,-0.08776861429214478,-0.08249491453170776,-0.07240253686904907,0.06706500053405762,0.061791300773620605,0.051698923110961914,0.053632814437150955,-0.020703613758087158,0.06706500053405762,0.061791300773620605,0.051698923110961914,9.999910162150627e-07,9.999910162150627e-07,9.999910162150627e-07,9.999910162150627e-07,9.999910162150627e-07,9.999910162150627e-07,9.999910162150627e-07,9.999910162150627e-07,9.999910162150627e-07,9.999910162150627e-07,9.999910162150627e-07,9.999910162150627e-07,9.999910162150627e-07,9.999910162150627e-07,0.9999910593032837,0.9999910593032837,9.999910162150627e-07,9.999910162150627e-07,9.999910162150627e-07,9.999910162150627e-07
42,portfolio_oracle_memory_best_asset_anchor,2022-04-29,2022-05-02,2022-05-31,0.02322404459118843,0.0240936279296875,0.0022575855255126953,-0.0006911754608154297,0.0008695125579833984,0.021836042404174805,0.02478480339050293,0.0232241153717041,0.02322404459118843,0.0240936279296875,0.021836042404174805,0.02478480339050293,0.0232241153717041,9.999910162150627e-07,9.999910162150627e-07,9.999910162150627e-07,9.999910162150627e-07,9.999910162150627e-07,9.999910162150627e-07,9.999910162150627e-07,9.999910162150627e-07,9.999910162150627e-07,9.999910162150627e-07,9.999910162150627e-07,9.999910162150627e-07,9.999910162150627e-07,9.999910162150627e-07,9.999910162150627e-07,9.999910162150627e-07,9.999910162150627e-07,9.999910162150627e-07,0.9999910593032837,0.9999910593032837
43,portfolio_oracle_memory_best_asset_anchor,2022-05-31,2022-06-01,2022-06-30,0.057197339832782745,-0.01566028594970703,-0.08246022462844849,-0.07763499021530151,-0.08291518688201904,0.06679993867874146,0.06197470426559448,0.06725490093231201,0.057197339832782745,-0.01566028594970703,0.06679993867874146,0.06197470426559448,0.06725490093231201,9.999910162150627e-07,9.999910162150627e-07,9.999910162150627e-07,9.999910162150627e-07,9.999910162150627e-07,9.999910162150627e-07,9.999910162150627e-07,9.999910162150627e-07,9.999910162150627e-07,9.999910162150627e-07,9.999910162150627e-07,9.999910162150627e-07,9.999910162150627e-07,9.999910162150627e-07,0.9999910593032837,0.9999910593032837,9.999910162150627e-07,9.999910162150627e-07,9.999910162150627e-07,9.999910162150627e-07
44,portfolio_oracle_memory_best_asset_anchor,2022-06-30,2022-07-01,2022-07-29,0.05870627239346504,0.13042235374450684,0.09208762645721436,0.07536184787750244,0.061362385749816895,0.03833472728729248,0.055060505867004395,0.06905996799468994,0.05870627239346504,0.13042235374450684,0.03833472728729248,0.055060505867004395,0.06905996799468994,9.999910162150627e-07,9.999910162150627e-07,9.999910162150627e-07,9.999910162150627e-07,9.999910162150627e-07,9.999910162150627e-07,9.999910162150627e-07,9.999910162150627e-07,9.999910162150627e-07,9.999910162150627e-07,9.999910162150627e-07,9.999910162150627e-07,0.9999910593032837,0.9999910593032837,9.999910162150627e-07,9.999910162150627e-07,9.999910162150627e-07,9.999910162150627e-07,9.999910162150627e-07,9.999910162150627e-07
45,portfolio_oracle_memory_best_asset_anchor,2022-07-29,2022-08-01,2022-08-31,0.011443239636719227,-0.026777803897857666,-0.04080158472061157,-0.04353362321853638,-0.04420161247253418,0.014023780822753906,0.01675581932067871,0.017423808574676514,0.011443239636719227,-0.026777803897857666,0.014023780822753906,0.01675581932067871,0.017423808574676514,9.999910162150627e-07,9.999910162150627e-07,9.999910162150627e-07,9.999910162150627e-07,9.999910162150627e-07,9.999910162150627e-07,9.999910162150627e-07,9.999910162150627e-07,9.999910162150627e-07,9.999910162150627e-07,9.999910162150627e-07,9.999910162150627e-07,9.999910162150627e-07,9.999910162150627e-07,9.999910162150627e-07,9.999910162150627e-07,9.999910162150627e-07,9.999910162150627e-07,0.9999910593032837,0.9999910593032837
46,portfolio_oracle_memory_best_asset_anchor,2022-08-31,2022-09-01,2022-09-30,0.05193977802991867,-0.028882503509521484,-0.09244626760482788,-0.08806365728378296,-0.08712339401245117,0.0635637640953064,0.059181153774261475,0.05824089050292969,0.05193977802991867,-0.028882503509521484,0.0635637640953064,0.059181153774261475,0.05824089050292969,9.999910162150627e-07,9.999910162150627e-07,9.999910162150627e-07,9.999910162150627e-07,9.999910162150627e-07,9.999910162150627e-07,9.999910162150627e-07,9.999910162150627e-07,9.999910162150627e-07,9.999910162150627e-07,9.999910162150627e-07,9.999910162150627e-07,9.999910162150627e-07,9.999910162150627e-07,0.9999910593032837,0.9999910593032837,9.999910162150627e-07,9.999910162150627e-07,9.999910162150627e-07,9.999910162150627e-07
47,portfolio_oracle_memory_best_asset_anchor,2022-09-30,2022-10-03,2022-10-31,0.05349451303482056,0.11734652519226074,0.0812760591506958,0.06226551532745361,0.0633096694946289,0.03607046604156494,0.05508100986480713,0.054036855697631836,0.05349451303482056,0.11734652519226074,0.03607046604156494,0.05508100986480713,0.054036855697631836,9.999910162150627e-07,9.999910162150627e-07,9.999910162150627e-07,9.999910162150627e-07,9.999910162150627e-07,9.999910162150627e-07,9.999910162150627e-07,9.999910162150627e-07,9.999910162150627e-07,9.999910162150627e-07,9.999910162150627e-07,9.999910162150627e-07,9.999910162150627e-07,9.999910162150627e-07,9.999910162150627e-07,9.999910162150627e-07,9.999910162150627e-07,9.999910162150627e-07,0.9999910593032837,0.9999910593032837
48,portfolio_oracle_memory_best_asset_anchor,2022-10-31,2022-11-01,2022-11-30,0.0714355930685997,0.13155007362365723,0.055591583251953125,0.07216000556945801,0.08114922046661377,0.0759584903717041,0.05939006805419922,0.05040085315704346,0.0714355930685997,0.13155007362365723,0.0759584903717041,0.05939006805419922,0.05040085315704346,9.999910162150627e-07,9.999910162150627e-07,9.999910162150627e-07,9.999910162150627e-07,9.999910162150627e-07,9.999910162150627e-07,9.999910162150627e-07,9.999910162150627e-07,9.999910162150627e-07,9.999910162150627e-07,9.999910162150627e-07,9.999910162150627e-07,9.999910162150627e-07,9.999910162150627e-07,9.999910162150627e-07,9.999910162150627e-07,0.9999910593032837,0.9999910593032837,9.999910162150627e-07,9.999910162150627e-07
49,portfolio_oracle_memory_best_asset_anchor,2022-11-30,2022-12-01,2022-12-30,0.07587228715419769,0.02930581569671631,-0.05762821435928345,-0.045077741146087646,-0.04995930194854736,0.08693403005599976,0.07438355684280396,0.07926511764526367,0.07587228715419769,0.02930581569671631,0.08693403005599976,0.07438355684280396,0.07926511764526367,9.999910162150627e-07,9.999910162150627e-07,9.999910162150627e-07,9.999910162150627e-07,9.999910162150627e-07,9.999910162150627e-07,9.999910162150627e-07,9.999910162150627e-07,9.999910162150627e-07,9.999910162150627e-07,9.999910162150627e-07,9.999910162150627e-07,9.999910162150627e-07,9.999910162150627e-07,0.9999910593032837,0.9999910593032837,9.999910162150627e-07,9.999910162150627e-07,9.999910162150627e-07,9.999910162150627e-07
50,portfolio_oracle_memory_best_asset_anchor,2022-12-30,2023-01-03,2023-01-31,0.04307589679956436,0.10642898082733154,0.06288743019104004,0.07320284843444824,0.08118629455566406,0.043541550636291504,0.0332261323928833,0.02524268627166748,0.04307589679956436,0.10642898082733154,0.043541550636291504,0.0332261323928833,0.02524268627166748,9.999910162150627e-07,9.999910162150627e-07,9.999910162150627e-07,9.999910162150627e-07,9.999910162150627e-07,9.999910162150627e-07,9.999910162150627e-07,9.999910162150627e-07,0.9999910593032837,0.9999910593032837,9.999910162150627e-07,9.999910162150627e-07,9.999910162150627e-07,9.999910162150627e-07,9.999910162150627e-07,9.999910162150627e-07,9.999910162150627e-07,9.999910162150627e-07,9.999910162150627e-07,9.999910162150627e-07
51,portfolio_oracle_memory_best_asset_anchor,2023-01-31,2023-02-01,2023-02-28,0.020898574963212013,-0.003598332405090332,-0.0251426100730896,-0.026631534099578857,-0.03225201368331909,0.021544277667999268,0.023033201694488525,0.02865368127822876,0.020898574963212013,-0.003598332405090332,0.021544277667999268,0.023033201694488525,0.02865368127822876,9.999910162150627e-07,9.999910162150627e-07,9.999910162150627e-07,9.999910162150627e-07,9.999910162150627e-07,9.999910162150627e-07,9.999910162150627e-07,9.999910162150627e-07,0.9999910593032837,0.9999910593032837,9.999910162150627e-07,9.999910162150627e-07,9.999910162150627e-07,9.999910162150627e-07,9.999910162150627e-07,9.999910162150627e-07,9.999910162150627e-07,9.999910162150627e-07,9.999910162150627e-07,9.999910162150627e-07
52,portfolio_oracle_memory_best_asset_anchor,2023-02-28,2023-03-01,2023-03-31,0.05976250022649765,0.09492647647857666,0.03707766532897949,0.044228315353393555,0.03532207012176514,0.05784881114959717,0.050698161125183105,0.05960440635681152,0.05976250022649765,0.09492647647857666,0.05784881114959717,0.050698161125183105,0.05960440635681152,9.999910162150627e-07,9.999910162150627e-07,9.999910162150627e-07,9.999910162150627e-07,9.999910162150627e-07,9.999910162150627e-07,9.999910162150627e-07,9.999910162150627e-07,0.9999910593032837,0.9999910593032837,9.999910162150627e-07,9.999910162150627e-07,9.999910162150627e-07,9.999910162150627e-07,9.999910162150627e-07,9.999910162150627e-07,9.999910162150627e-07,9.999910162150627e-07,9.999910162150627e-07,9.999910162150627e-07
53,portfolio_oracle_memory_best_asset_anchor,2023-03-31,2023-04-03,2023-04-28,0.014635980129241943,0.028720974922180176,0.015974879264831543,0.01571643352508545,0.014900565147399902,0.012746095657348633,0.013004541397094727,0.013820409774780273,0.014635980129241943,0.028720974922180176,0.012746095657348633,0.013004541397094727,0.013820409774780273,9.999910162150627e-07,9.999910162150627e-07,9.999910162150627e-07,9.999910162150627e-07,9.999910162150627e-07,9.999910162150627e-07,9.999910162150627e-07,9.999910162150627e-07,9.999910162150627e-07,9.999910162150627e-07,9.999910162150627e-07,9.999910162150627e-07,9.999910162150627e-07,9.999910162150627e-07,9.999910162150627e-07,9.999910162150627e-07,0.9999910593032837,0.9999910593032837,9.999910162150627e-07,9.999910162150627e-07
54,portfolio_oracle_memory_best_asset_anchor,2023-04-28,2023-05-01,2023-05-31,0.07936684042215347,0.07883715629577637,0.004616379737854004,0.0013080835342407227,-0.013843297958374023,0.07422077655792236,0.07752907276153564,0.09268045425415039,0.07936684042215347,0.07883715629577637,0.07422077655792236,0.07752907276153564,0.09268045425415039,9.999910162150627e-07,9.999910162150627e-07,9.999910162150627e-07,9.999910162150627e-07,9.999910162150627e-07,9.999910162150627e-07,9.999910162150627e-07,9.999910162150627e-07,0.9999910593032837,0.9999910593032837,9.999910162150627e-07,9.999910162150627e-07,9.999910162150627e-07,9.999910162150627e-07,9.999910162150627e-07,9.999910162150627e-07,9.999910162150627e-07,9.999910162150627e-07,9.999910162150627e-07,9.999910162150627e-07
55,portfolio_oracle_memory_best_asset_anchor,2023-05-31,2023-06-01,2023-06-30,0.01522914133965969,0.06910896301269531,0.06479990482330322,0.051947712898254395,0.06187772750854492,0.00430905818939209,0.017161250114440918,0.007231235504150391,0.01522914133965969,0.06910896301269531,0.00430905818939209,0.017161250114440918,0.007231235504150391,9.999910162150627e-07,9.999910162150627e-07,9.999910162150627e-07,9.999910162150627e-07,9.999910162150627e-07,9.999910162150627e-07,9.999910162150627e-07,9.999910162150627e-07,9.999910162150627e-07,9.999910162150627e-07,9.999910162150627e-07,9.999910162150627e-07,0.9999910593032837,0.9999910593032837,9.999910162150627e-07,9.999910162150627e-07,9.999910162150627e-07,9.999910162150627e-07,9.999910162150627e-07,9.999910162150627e-07
56,portfolio_oracle_memory_best_asset_anchor,2023-06-30,2023-07-03,2023-07-31,0.008846187964081764,0.03860116004943848,0.032732605934143066,0.03273797035217285,0.0342026948928833,0.00586855411529541,0.005863189697265625,0.004398465156555176,0.008846187964081764,0.03860116004943848,0.00586855411529541,0.005863189697265625,0.004398465156555176,9.999910162150627e-07,9.999910162150627e-07,9.999910162150627e-07,9.999910162150627e-07,9.999910162150627e-07,9.999910162150627e-07,9.999910162150627e-07,9.999910162150627e-07,0.9999910593032837,0.9999910593032837,9.999910162150627e-07,9.999910162150627e-07,9.999910162150627e-07,9.999910162150627e-07,9.999910162150627e-07,9.999910162150627e-07,9.999910162150627e-07,9.999910162150627e-07,9.999910162150627e-07,9.999910162150627e-07
57,portfolio_oracle_memory_best_asset_anchor,2023-07-31,2023-08-01,2023-08-31,0.0071662189438939095,-0.01087343692779541,-0.01625192165374756,-0.020709872245788574,-0.026629626750946045,0.0053784847259521484,0.009836435317993164,0.015756189823150635,0.0071662189438939095,-0.01087343692779541,0.0053784847259521484,0.009836435317993164,0.015756189823150635,9.999910162150627e-07,9.999910162150627e-07,9.999910162150627e-07,9.999910162150627e-07,9.999910162150627e-07,9.999910162150627e-07,9.999910162150627e-07,9.999910162150627e-07,9.999910162150627e-07,9.999910162150627e-07,9.999910162150627e-07,9.999910162150627e-07,0.9999910593032837,0.9999910593032837,9.999910162150627e-07,9.999910162150627e-07,9.999910162150627e-07,9.999910162150627e-07,9.999910162150627e-07,9.999910162150627e-07
58,portfolio_oracle_memory_best_asset_anchor,2023-08-31,2023-09-01,2023-09-29,0.008621787652373314,-0.03280901908874512,-0.04743456840515137,-0.04537999629974365,-0.04421490430831909,0.01462554931640625,0.012570977210998535,0.011405885219573975,0.008621787652373314,-0.03280901908874512,0.01462554931640625,0.012570977210998535,0.011405885219573975,9.999910162150627e-07,9.999910162150627e-07,9.999910162150627e-07,9.999910162150627e-07,9.999910162150627e-07,9.999910162150627e-07,9.999910162150627e-07,9.999910162150627e-07,9.999910162150627e-07,9.999910162150627e-07,9.999910162150627e-07,9.999910162150627e-07,9.999910162150627e-07,9.999910162150627e-07,9.999910162150627e-07,9.999910162150627e-07,9.999910162150627e-07,9.999910162150627e-07,0.9999910593032837,0.9999910593032837
59,portfolio_oracle_memory_best_asset_anchor,2023-09-29,2023-10-02,2023-10-31,0.0874444991350174,0.0737234354019165,-0.02170884609222412,-0.014848649501800537,-0.0029146671295166016,0.09543228149414062,0.08857208490371704,0.0766381025314331,0.0874444991350174,0.0737234354019165,0.09543228149414062,0.08857208490371704,0.0766381025314331,9.999910162150627e-07,9.999910162150627e-07,9.999910162150627e-07,9.999910162150627e-07,9.999910162150627e-07,9.999910162150627e-07,9.999910162150627e-07,9.999910162150627e-07,9.999910162150627e-07,9.999910162150627e-07,9.999910162150627e-07,9.999910162150627e-07,9.999910162150627e-07,9.999910162150627e-07,0.9999910593032837,0.9999910593032837,9.999910162150627e-07,9.999910162150627e-07,9.999910162150627e-07,9.999910162150627e-07
60,portfolio_oracle_memory_best_asset_anchor,2023-10-31,2023-11-01,2023-11-30,0.034488677978515625,0.11610734462738037,0.09134399890899658,0.08559560775756836,0.09701192378997803,0.02476334571838379,0.03051173686981201,0.019095420837402344,0.034488677978515625,0.11610734462738037,0.02476334571838379,0.03051173686981201,0.019095420837402344,9.999910162150627e-07,9.999910162150627e-07,9.999910162150627e-07,9.999910162150627e-07,9.999910162150627e-07,9.999910162150627e-07,9.999910162150627e-07,9.999910162150627e-07,9.999910162150627e-07,9.999910162150627e-07,9.999910162150627e-07,9.999910162150627e-07,0.9999910593032837,0.9999910593032837,9.999910162150627e-07,9.999910162150627e-07,9.999910162150627e-07,9.999910162150627e-07,9.999910162150627e-07,9.999910162150627e-07
61,portfolio_oracle_memory_best_asset_anchor,2023-11-30,2023-12-01,2023-12-29,0.013806533999741077,0.0560147762298584,0.04565560817718506,0.04656624794006348,0.04988062381744385,0.01035916805267334,0.009448528289794922,0.006134152412414551,0.013806533999741077,0.0560147762298584,0.01035916805267334,0.009448528289794922,0.006134152412414551,9.999910162150627e-07,9.999910162150627e-07,9.999910162150627e-07,9.999910162150627e-07,9.999910162150627e-07,9.999910162150627e-07,9.999910162150627e-07,9.999910162150627e-07,9.999910162150627e-07,9.999910162150627e-07,9.999910162150627e-07,9.999910162150627e-07,9.999910162150627e-07,9.999910162150627e-07,9.999910162150627e-07,9.999910162150627e-07,0.9999910593032837,0.9999910593032837,9.999910162150627e-07,9.999910162150627e-07
62,portfolio_oracle_memory_best_asset_anchor,2023-12-29,2024-01-02,2024-01-31,0.012056875042617321,0.02158379554748535,0.015926480293273926,0.0076465606689453125,0.004311800003051758,0.005657315254211426,0.013937234878540039,0.017271995544433594,0.012056875042617321,0.02158379554748535,0.005657315254211426,0.013937234878540039,0.017271995544433594,9.999910162150627e-07,9.999910162150627e-07,9.999910162150627e-07,9.999910162150627e-07,9.999910162150627e-07,9.999910162150627e-07,9.999910162150627e-07,9.999910162150627e-07,9.999910162150627e-07,9.999910162150627e-07,9.999910162150627e-07,9.999910162150627e-07,0.9999910593032837,0.9999910593032837,9.999910162150627e-07,9.999910162150627e-07,9.999910162150627e-07,9.999910162150627e-07,9.999910162150627e-07,9.999910162150627e-07
63,portfolio_oracle_memory_best_asset_anchor,2024-01-31,2024-02-01,2024-02-29,0.02878599241375923,0.07065701484680176,0.05218672752380371,0.042595624923706055,0.041088223457336426,0.018470287322998047,0.028061389923095703,0.029568791389465332,0.02878599241375923,0.07065701484680176,0.018470287322998047,0.028061389923095703,0.029568791389465332,9.999910162150627e-07,9.999910162150627e-07,9.999910162150627e-07,9.999910162150627e-07,9.999910162150627e-07,9.999910162150627e-07,9.999910162150627e-07,9.999910162150627e-07,9.999910162150627e-07,9.999910162150627e-07,9.999910162150627e-07,9.999910162150627e-07,0.9999910593032837,0.9999910593032837,9.999910162150627e-07,9.999910162150627e-07,9.999910162150627e-07,9.999910162150627e-07,9.999910162150627e-07,9.999910162150627e-07
64,portfolio_oracle_memory_best_asset_anchor,2024-02-29,2024-03-01,2024-03-28,0.053602077066898346,0.08668279647827148,0.032701969146728516,0.03660941123962402,0.04508554935455322,0.05398082733154297,0.05007338523864746,0.04159724712371826,0.053602077066898346,0.08668279647827148,0.05398082733154297,0.05007338523864746,0.04159724712371826,9.999910162150627e-07,9.999910162150627e-07,9.999910162150627e-07,9.999910162150627e-07,9.999910162150627e-07,9.999910162150627e-07,9.999910162150627e-07,9.999910162150627e-07,9.999910162150627e-07,9.999910162150627e-07,9.999910162150627e-07,9.999910162150627e-07,9.999910162150627e-07,9.999910162150627e-07,0.9999910593032837,0.9999910593032837,9.999910162150627e-07,9.999910162150627e-07,9.999910162150627e-07,9.999910162150627e-07
65,portfolio_oracle_memory_best_asset_anchor,2024-03-28,2024-04-01,2024-04-30,0.06166272237896919,0.029894471168518066,-0.040319859981536865,-0.03253066539764404,-0.029405534267425537,0.07021433115005493,0.06242513656616211,0.059300005435943604,0.06166272237896919,0.029894471168518066,0.07021433115005493,0.06242513656616211,0.059300005435943604,9.999910162150627e-07,9.999910162150627e-07,9.999910162150627e-07,9.999910162150627e-07,9.999910162150627e-07,9.999910162150627e-07,9.999910162150627e-07,9.999910162150627e-07,9.999910162150627e-07,9.999910162150627e-07,9.999910162150627e-07,9.999910162150627e-07,9.999910162150627e-07,9.999910162150627e-07,0.9999910593032837,0.9999910593032837,9.999910162150627e-07,9.999910162150627e-07,9.999910162150627e-07,9.999910162150627e-07
66,portfolio_oracle_memory_best_asset_anchor,2024-04-30,2024-05-01,2024-05-31,0.020349156111478806,0.06324625015258789,0.05057966709136963,0.04683387279510498,0.0430753231048584,0.012666583061218262,0.01641237735748291,0.020170927047729492,0.020349156111478806,0.06324625015258789,0.012666583061218262,0.01641237735748291,0.020170927047729492,9.999910162150627e-07,9.999910162150627e-07,9.999910162150627e-07,9.999910162150627e-07,9.999910162150627e-07,9.999910162150627e-07,9.999910162150627e-07,9.999910162150627e-07,9.999910162150627e-07,9.999910162150627e-07,9.999910162150627e-07,9.999910162150627e-07,0.9999910593032837,0.9999910593032837,9.999910162150627e-07,9.999910162150627e-07,9.999910162150627e-07,9.999910162150627e-07,9.999910162150627e-07,9.999910162150627e-07
67,portfolio_oracle_memory_best_asset_anchor,2024-05-31,2024-06-03,2024-06-28,0.044207680970430374,0.06782054901123047,0.03528034687042236,0.02317368984222412,0.012743115425109863,0.032540202140808105,0.04464685916900635,0.055077433586120605,0.044207680970430374,0.06782054901123047,0.032540202140808105,0.04464685916900635,0.055077433586120605,9.999910162150627e-07,9.999910162150627e-07,9.999910162150627e-07,9.999910162150627e-07,9.999910162150627e-07,9.999910162150627e-07,9.999910162150627e-07,9.999910162150627e-07,9.999910162150627e-07,9.999910162150627e-07,9.999910162150627e-07,9.999910162150627e-07,0.9999910593032837,0.9999910593032837,9.999910162150627e-07,9.999910162150627e-07,9.999910162150627e-07,9.999910162150627e-07,9.999910162150627e-07,9.999910162150627e-07
68,portfolio_oracle_memory_best_asset_anchor,2024-06-28,2024-07-01,2024-07-31,0.04123511165380478,0.053672075271606445,0.012108922004699707,0.018047094345092773,0.01089632511138916,0.04156315326690674,0.03562498092651367,0.042775750160217285,0.04123511165380478,0.053672075271606445,0.04156315326690674,0.03562498092651367,0.042775750160217285,9.999910162150627e-07,9.999910162150627e-07,9.999910162150627e-07,9.999910162150627e-07,9.999910162150627e-07,9.999910162150627e-07,9.999910162150627e-07,9.999910162150627e-07,9.999910162150627e-07,9.999910162150627e-07,9.999910162150627e-07,9.999910162150627e-07,9.999910162150627e-07,9.999910162150627e-07,0.9999910593032837,0.9999910593032837,9.999910162150627e-07,9.999910162150627e-07,9.999910162150627e-07,9.999910162150627e-07
69,portfolio_oracle_memory_best_asset_anchor,2024-07-31,2024-08-01,2024-08-30,0.010573613457381725,0.03222799301147461,0.02336573600769043,0.023966670036315918,0.02559041976928711,0.00886225700378418,0.008261322975158691,0.0066375732421875,0.010573613457381725,0.03222799301147461,0.00886225700378418,0.008261322975158691,0.0066375732421875,9.999910162150627e-07,9.999910162150627e-07,9.999910162150627e-07,9.999910162150627e-07,9.999910162150627e-07,9.999910162150627e-07,9.999910162150627e-07,9.999910162150627e-07,9.999910162150627e-07,9.999910162150627e-07,9.999910162150627e-07,9.999910162150627e-07,9.999910162150627e-07,9.999910162150627e-07,9.999910162150627e-07,9.999910162150627e-07,0.9999910593032837,0.9999910593032837,9.999910162150627e-07,9.999910162150627e-07
70,portfolio_oracle_memory_best_asset_anchor,2024-08-30,2024-09-03,2024-09-30,0.031327761709690094,0.05088841915130615,0.021004796028137207,0.022396206855773926,0.022199392318725586,0.029883623123168945,0.028492212295532227,0.028689026832580566,0.031327761709690094,0.05088841915130615,0.029883623123168945,0.028492212295532227,0.028689026832580566,9.999910162150627e-07,9.999910162150627e-07,9.999910162150627e-07,9.999910162150627e-07,9.999910162150627e-07,9.999910162150627e-07,9.999910162150627e-07,9.999910162150627e-07,9.999910162150627e-07,9.999910162150627e-07,9.999910162150627e-07,9.999910162150627e-07,9.999910162150627e-07,9.999910162150627e-07,0.9999910593032837,0.9999910593032837,9.999910162150627e-07,9.999910162150627e-07,9.999910162150627e-07,9.999910162150627e-07
71,portfolio_oracle_memory_best_asset_anchor,2024-09-30,2024-10-01,2024-10-31,0.053757231682538986,0.04299306869506836,-0.00892341136932373,-0.012502014636993408,-0.01722097396850586,0.05191648006439209,0.05549508333206177,0.06021404266357422,0.053757231682538986,0.04299306869506836,0.05191648006439209,0.05549508333206177,0.06021404266357422,9.999910162150627e-07,9.999910162150627e-07,9.999910162150627e-07,9.999910162150627e-07,9.999910162150627e-07,9.999910162150627e-07,9.999910162150627e-07,9.999910162150627e-07,9.999910162150627e-07,9.999910162150627e-07,9.999910162150627e-07,9.999910162150627e-07,9.999910162150627e-07,9.999910162150627e-07,0.9999910593032837,0.9999910593032837,9.999910162150627e-07,9.999910162150627e-07,9.999910162150627e-07,9.999910162150627e-07
72,portfolio_oracle_memory_best_asset_anchor,2024-10-31,2024-11-01,2024-11-29,0.024951528757810593,0.06844711303710938,0.059633493423461914,0.03934454917907715,0.03919410705566406,0.008813619613647461,0.029102563858032227,0.029253005981445312,0.024951528757810593,0.06844711303710938,0.008813619613647461,0.029102563858032227,0.029253005981445312,9.999910162150627e-07,9.999910162150627e-07,9.999910162150627e-07,9.999910162150627e-07,9.999910162150627e-07,9.999910162150627e-07,9.999910162150627e-07,9.999910162150627e-07,9.999910162150627e-07,9.999910162150627e-07,9.999910162150627e-07,9.999910162150627e-07,0.9999910593032837,0.9999910593032837,9.999910162150627e-07,9.999910162150627e-07,9.999910162150627e-07,9.999910162150627e-07,9.999910162150627e-07,9.999910162150627e-07
73,portfolio_oracle_memory_best_asset_anchor,2024-11-29,2024-12-02,2024-12-31,0.02738898992538452,0.004539966583251953,-0.02406001091003418,-0.023609638214111328,-0.03071063756942749,0.028599977493286133,0.02814960479736328,0.03525060415267944,0.02738898992538452,0.004539966583251953,0.028599977493286133,0.02814960479736328,0.03525060415267944,9.999910162150627e-07,9.999910162150627e-07,9.999910162150627e-07,9.999910162150627e-07,9.999910162150627e-07,9.999910162150627e-07,9.999910162150627e-07,9.999910162150627e-07,0.9999910593032837,0.9999910593032837,9.999910162150627e-07,9.999910162150627e-07,9.999910162150627e-07,9.999910162150627e-07,9.999910162150627e-07,9.999910162150627e-07,9.999910162150627e-07,9.999910162150627e-07,9.999910162150627e-07,9.999910162150627e-07
74,portfolio_oracle_memory_best_asset_anchor,2024-12-31,2025-01-02,2025-01-31,0.039869558066129684,0.0678558349609375,0.026856064796447754,0.03571879863739014,0.032641053199768066,0.040999770164489746,0.03213703632354736,0.035214781761169434,0.039869558066129684,0.0678558349609375,0.040999770164489746,0.03213703632354736,0.035214781761169434,9.999910162150627e-07,9.999910162150627e-07,9.999910162150627e-07,9.999910162150627e-07,9.999910162150627e-07,9.999910162150627e-07,9.999910162150627e-07,9.999910162150627e-07,9.999910162150627e-07,9.999910162150627e-07,9.999910162150627e-07,9.999910162150627e-07,9.999910162150627e-07,9.999910162150627e-07,0.9999910593032837,0.9999910593032837,9.999910162150627e-07,9.999910162150627e-07,9.999910162150627e-07,9.999910162150627e-07
75,portfolio_oracle_memory_best_asset_anchor,2025-01-31,2025-02-03,2025-02-28,0.03130985423922539,0.02446281909942627,-0.012694716453552246,-0.004048943519592285,-0.0027723312377929688,0.037157535552978516,0.028511762619018555,0.02723515033721924,0.03130985423922539,0.02446281909942627,0.037157535552978516,0.028511762619018555,0.02723515033721924,9.999910162150627e-07,9.999910162150627e-07,9.999910162150627e-07,9.999910162150627e-07,9.999910162150627e-07,9.999910162150627e-07,9.999910162150627e-07,9.999910162150627e-07,9.999910162150627e-07,9.999910162150627e-07,9.999910162150627e-07,9.999910162150627e-07,9.999910162150627e-07,9.999910162150627e-07,9.999910162150627e-07,9.999910162150627e-07,0.9999910593032837,0.9999910593032837,9.999910162150627e-07,9.999910162150627e-07
76,portfolio_oracle_memory_best_asset_anchor,2025-02-28,2025-03-03,2025-03-31,0.13219106197357178,0.09446454048156738,-0.05571877956390381,-0.03209167718887329,-0.029057562351226807,0.1501833200454712,0.12655621767044067,0.12352210283279419,0.13219106197357178,0.09446454048156738,0.1501833200454712,0.12655621767044067,0.12352210283279419,9.999910162150627e-07,9.999910162150627e-07,9.999910162150627e-07,9.999910162150627e-07,9.999910162150627e-07,9.999910162150627e-07,9.999910162150627e-07,9.999910162150627e-07,9.999910162150627e-07,9.999910162150627e-07,9.999910162150627e-07,9.999910162150627e-07,9.999910162150627e-07,9.999910162150627e-07,0.9999910593032837,0.9999910593032837,9.999910162150627e-07,9.999910162150627e-07,9.999910162150627e-07,9.999910162150627e-07
77,portfolio_oracle_memory_best_asset_anchor,2025-03-31,2025-04-01,2025-04-30,0.052891574800014496,0.054244041442871094,-0.008670032024383545,0.01110684871673584,0.007442116737365723,0.06291407346725464,0.043137192726135254,0.04680192470550537,0.052891574800014496,0.054244041442871094,0.06291407346725464,0.043137192726135254,0.04680192470550537,9.999910162150627e-07,9.999910162150627e-07,9.999910162150627e-07,9.999910162150627e-07,9.999910162150627e-07,9.999910162150627e-07,9.999910162150627e-07,9.999910162150627e-07,9.999910162150627e-07,9.999910162150627e-07,9.999910162150627e-07,9.999910162150627e-07,9.999910162150627e-07,9.999910162150627e-07,0.9999910593032837,0.9999910593032837,9.999910162150627e-07,9.999910162150627e-07,9.999910162150627e-07,9.999910162150627e-07
78,portfolio_oracle_memory_best_asset_anchor,2025-04-30,2025-05-01,2025-05-30,0.039417851716279984,0.09212470054626465,0.06284475326538086,0.056666016578674316,0.05284571647644043,0.02927994728088379,0.03545868396759033,0.03927898406982422,0.039417851716279984,0.09212470054626465,0.02927994728088379,0.03545868396759033,0.03927898406982422,9.999910162150627e-07,9.999910162150627e-07,9.999910162150627e-07,9.999910162150627e-07,9.999910162150627e-07,9.999910162150627e-07,9.999910162150627e-07,9.999910162150627e-07,9.999910162150627e-07,9.999910162150627e-07,9.999910162150627e-07,9.999910162150627e-07,0.9999910593032837,0.9999910593032837,9.999910162150627e-07,9.999910162150627e-07,9.999910162150627e-07,9.999910162150627e-07,9.999910162150627e-07,9.999910162150627e-07
79,portfolio_oracle_memory_best_asset_anchor,2025-05-30,2025-06-02,2025-06-30,0.02221452072262764,0.0638585090637207,0.05138576030731201,0.0437999963760376,0.039748430252075195,0.012472748756408691,0.020058512687683105,0.024110078811645508,0.02221452072262764,0.0638585090637207,0.012472748756408691,0.020058512687683105,0.024110078811645508,9.999910162150627e-07,9.999910162150627e-07,9.999910162150627e-07,9.999910162150627e-07,9.999910162150627e-07,9.999910162150627e-07,9.999910162150627e-07,9.999910162150627e-07,0.9999910593032837,0.9999910593032837,9.999910162150627e-07,9.999910162150627e-07,9.999910162150627e-07,9.999910162150627e-07,9.999910162150627e-07,9.999910162150627e-07,9.999910162150627e-07,9.999910162150627e-07,9.999910162150627e-07,9.999910162150627e-07
80,portfolio_oracle_memory_best_asset_anchor,2025-06-30,2025-07-01,2025-07-31,0.022506022825837135,0.03827512264251709,0.02303135395050049,0.011677026748657227,0.015267252922058105,0.015243768692016602,0.026598095893859863,0.023007869720458984,0.022506022825837135,0.03827512264251709,0.015243768692016602,0.026598095893859863,0.023007869720458984,9.999910162150627e-07,9.999910162150627e-07,9.999910162150627e-07,9.999910162150627e-07,9.999910162150627e-07,9.999910162150627e-07,9.999910162150627e-07,9.999910162150627e-07,9.999910162150627e-07,9.999910162150627e-07,9.999910162150627e-07,9.999910162150627e-07,0.9999910593032837,0.9999910593032837,9.999910162150627e-07,9.999910162150627e-07,9.999910162150627e-07,9.999910162150627e-07,9.999910162150627e-07,9.999910162150627e-07
81,portfolio_oracle_memory_best_asset_anchor,2025-07-31,2025-08-01,2025-08-29,0.026637351140379906,0.049874305725097656,0.020519614219665527,0.027750611305236816,0.033519625663757324,0.02935469150543213,0.02212369441986084,0.016354680061340332,0.026637351140379906,0.049874305725097656,0.02935469150543213,0.02212369441986084,0.016354680061340332,9.999910162150627e-07,9.999910162150627e-07,9.999910162150627e-07,9.999910162150627e-07,9.999910162150627e-07,9.999910162150627e-07,9.999910162150627e-07,9.999910162150627e-07,9.999910162150627e-07,9.999910162150627e-07,9.999910162150627e-07,9.999910162150627e-07,9.999910162150627e-07,9.999910162150627e-07,0.9999910593032837,0.9999910593032837,9.999910162150627e-07,9.999910162150627e-07,9.999910162150627e-07,9.999910162150627e-07
82,portfolio_oracle_memory_best_asset_anchor,2025-08-29,2025-09-02,2025-09-30,0.08189582824707031,0.11758363246917725,0.035621047019958496,0.0426943302154541,0.04315543174743652,0.08196258544921875,0.07488930225372314,0.07442820072174072,0.08189582824707031,0.11758363246917725,0.08196258544921875,0.07488930225372314,0.07442820072174072,9.999910162150627e-07,9.999910162150627e-07,9.999910162150627e-07,9.999910162150627e-07,9.999910162150627e-07,9.999910162150627e-07,9.999910162150627e-07,9.999910162150627e-07,9.999910162150627e-07,9.999910162150627e-07,9.999910162150627e-07,9.999910162150627e-07,9.999910162150627e-07,9.999910162150627e-07,0.9999910593032837,0.9999910593032837,9.999910162150627e-07,9.999910162150627e-07,9.999910162150627e-07,9.999910162150627e-07
83,portfolio_oracle_memory_best_asset_anchor,2025-09-30,2025-10-01,2025-10-31,0.02602222003042698,0.047803521156311035,0.02383720874786377,0.02452874183654785,0.024438977241516113,0.023966312408447266,0.023274779319763184,0.023364543914794922,0.02602222003042698,0.047803521156311035,0.023966312408447266,0.023274779319763184,0.023364543914794922,9.999910162150627e-07,9.999910162150627e-07,9.999910162150627e-07,9.999910162150627e-07,9.999910162150627e-07,9.999910162150627e-07,9.999910162150627e-07,9.999910162150627e-07,0.9999910593032837,0.9999910593032837,9.999910162150627e-07,9.999910162150627e-07,9.999910162150627e-07,9.999910162150627e-07,9.999910162150627e-07,9.999910162150627e-07,9.999910162150627e-07,9.999910162150627e-07,9.999910162150627e-07,9.999910162150627e-07
84,portfolio_oracle_memory_best_asset_anchor,2025-10-31,2025-11-03,2025-11-28,0.04978349059820175,0.05367755889892578,0.0019501447677612305,0.007498979568481445,0.004321575164794922,0.05172741413116455,0.046178579330444336,0.04935598373413086,0.04978349059820175,0.05367755889892578,0.05172741413116455,0.046178579330444336,0.04935598373413086,9.999910162150627e-07,9.999910162150627e-07,9.999910162150627e-07,9.999910162150627e-07,9.999910162150627e-07,9.999910162150627e-07,9.999910162150627e-07,9.999910162150627e-07,9.999910162150627e-07,9.999910162150627e-07,9.999910162150627e-07,9.999910162150627e-07,9.999910162150627e-07,9.999910162150627e-07,0.9999910593032837,0.9999910593032837,9.999910162150627e-07,9.999910162150627e-07,9.999910162150627e-07,9.999910162150627e-07
85,portfolio_oracle_memory_best_asset_anchor,2025-11-28,2025-12-01,2025-12-31,0.026848768815398216,0.03178369998931885,0.0007973909378051758,0.007944345474243164,0.01116335391998291,0.030986309051513672,0.023839354515075684,0.020620346069335938,0.026848768815398216,0.03178369998931885,0.030986309051513672,0.023839354515075684,0.020620346069335938,9.999910162150627e-07,9.999910162150627e-07,9.999910162150627e-07,9.999910162150627e-07,9.999910162150627e-07,9.999910162150627e-07,9.999910162150627e-07,9.999910162150627e-07,9.999910162150627e-07,9.999910162150627e-07,0.9999910593032837,0.9999910593032837,9.999910162150627e-07,9.999910162150627e-07,9.999910162150627e-07,9.999910162150627e-07,9.999910162150627e-07,9.999910162150627e-07,9.999910162150627e-07,9.999910162150627e-07
86,portfolio_oracle_memory_best_asset_anchor,2025-12-31,2026-01-02,2026-01-30,0.09926702082157135,0.12273120880126953,0.014737963676452637,0.034145474433898926,0.03662681579589844,0.1079932451248169,0.0885857343673706,0.0861043930053711,0.09926702082157135,0.12273120880126953,0.1079932451248169,0.0885857343673706,0.0861043930053711,9.999910162150627e-07,9.999910162150627e-07,9.999910162150627e-07,9.999910162150627e-07,9.999910162150627e-07,9.999910162150627e-07,9.999910162150627e-07,9.999910162150627e-07,9.999910162150627e-07,9.999910162150627e-07,9.999910162150627e-07,9.999910162150627e-07,9.999910162150627e-07,9.999910162150627e-07,0.9999910593032837,0.9999910593032837,9.999910162150627e-07,9.999910162150627e-07,9.999910162150627e-07,9.999910162150627e-07
87,portfolio_oracle_memory_best_asset_anchor,2026-01-30,2026-02-02,2026-02-27,0.08251993358135223,0.08720004558563232,-0.008641839027404785,0.013389110565185547,0.020600557327270508,0.09584188461303711,0.07381093502044678,0.06659948825836182,0.08251993358135223,0.08720004558563232,0.09584188461303711,0.07381093502044678,0.06659948825836182,9.999910162150627e-07,9.999910162150627e-07,9.999910162150627e-07,9.999910162150627e-07,9.999910162150627e-07,9.999910162150627e-07,9.999910162150627e-07,9.999910162150627e-07,9.999910162150627e-07,9.999910162150627e-07,9.999910162150627e-07,9.999910162150627e-07,9.999910162150627e-07,9.999910162150627e-07,0.9999910593032837,0.9999910593032837,9.999910162150627e-07,9.999910162150627e-07,9.999910162150627e-07,9.999910162150627e-07
88,portfolio_oracle_memory_best_asset_anchor,2026-02-27,2026-03-02,2026-03-31,0.0025910555850714445,-0.048130154609680176,-0.049379587173461914,-0.061926424503326416,-0.06195724010467529,0.0012494325637817383,0.01379626989364624,0.013827085494995117,0.0025910555850714445,-0.048130154609680176,0.0012494325637817383,0.01379626989364624,0.013827085494995117,9.999910162150627e-07,9.999910162150627e-07,9.999910162150627e-07,9.999910162150627e-07,9.999910162150627e-07,9.999910162150627e-07,9.999910162150627e-07,9.999910162150627e-07,9.999910162150627e-07,9.999910162150627e-07,9.999910162150627e-07,9.999910162150627e-07,9.999910162150627e-07,9.999910162150627e-07,9.999910162150627e-07,9.999910162150627e-07,9.999910162150627e-07,9.999910162150627e-07,0.9999910593032837,0.9999910593032837
89,portfolio_oracle_memory_best_asset_anchor,2026-03-31,2026-04-01,2026-04-07,0.007398486137390137,0.019768476486206055,0.013654470443725586,0.013480901718139648,0.014319658279418945,0.006114006042480469,0.006287574768066406,0.005448818206787109,0.007398486137390137,0.019768476486206055,0.006114006042480469,0.006287574768066406,0.005448818206787109,9.999910162150627e-07,9.999910162150627e-07,9.999910162150627e-07,9.999910162150627e-07,9.999910162150627e-07,9.999910162150627e-07,9.999910162150627e-07,9.999910162150627e-07,0.9999910593032837,0.9999910593032837,9.999910162150627e-07,9.999910162150627e-07,9.999910162150627e-07,9.999910162150627e-07,9.999910162150627e-07,9.999910162150627e-07,9.999910162150627e-07,9.999910162150627e-07,9.999910162150627e-07,9.999910162150627e-07
