sample_id,objective,rebalance_date,forward_start,forward_end,demo_training_reward,demo_raw_return,demo_benchmark_return,demo_equal_weight_return,demo_restricted_random_return,demo_markowitz_return,demo_excess_return,demo_excess_vs_equal_weight,demo_excess_vs_restricted_random,demo_excess_vs_markowitz,policy_training_reward,policy_raw_return,policy_excess_return,policy_excess_vs_equal_weight,policy_excess_vs_restricted_random,policy_excess_vs_markowitz,demo_weight_ASSET_01,policy_weight_ASSET_01,demo_weight_ASSET_02,policy_weight_ASSET_02,demo_weight_ASSET_03,policy_weight_ASSET_03,demo_weight_ASSET_04,policy_weight_ASSET_04,demo_weight_ASSET_05,policy_weight_ASSET_05,demo_weight_ASSET_06,policy_weight_ASSET_06,demo_weight_ASSET_07,policy_weight_ASSET_07,demo_weight_ASSET_08,policy_weight_ASSET_08,demo_weight_ASSET_09,policy_weight_ASSET_09,demo_weight_ASSET_10,policy_weight_ASSET_10
0,objective_weighted_ensemble,2023-11-10,2023-11-13,2023-11-17,0.012994718737900257,0.03915536403656006,0.023104310035705566,0.04121875762939453,0.03282606601715088,0.027132511138916016,0.016051054000854492,-0.0020633935928344727,0.00632929801940918,0.012022852897644043,0.015359592624008656,0.04152023792266846,0.01841592788696289,0.0003014802932739258,0.008694171905517578,0.014387726783752441,0.10858042538166046,0.09719234704971313,0.0775475725531578,0.10130126774311066,0.12489690631628036,0.10115768760442734,0.11110448837280273,0.09861874580383301,0.08770792186260223,0.10227841883897781,0.11778122931718826,0.09913716465234756,0.0733719989657402,0.098814457654953,0.09431501477956772,0.09480755031108856,0.09465823322534561,0.10168520361185074,0.1100362092256546,0.10500714927911758
1,objective_weighted_ensemble,2025-08-29,2025-09-02,2025-09-05,3.982782436651178e-05,0.0028553009033203125,0.00339508056640625,0.00048339366912841797,0.0025273561477661133,0.003079533576965332,-0.0005397796630859375,0.0023719072341918945,0.0003279447555541992,-0.00022423267364501953,-0.002316463040187955,0.0004990100860595703,-0.0028960704803466797,1.5616416931152344e-05,-0.002028346061706543,-0.0025805234909057617,0.08776839077472687,0.09859801083803177,0.09875652194023132,0.10159716010093689,0.03237413987517357,0.10123106837272644,0.10506885498762131,0.09905940294265747,0.12274608761072159,0.10079670697450638,0.09513505548238754,0.1004997193813324,0.12895968556404114,0.0982215479016304,0.1301240622997284,0.09940271079540253,0.0788763090968132,0.09974749386310577,0.12019088864326477,0.10084617882966995
2,objective_weighted_ensemble,2025-05-09,2025-05-12,2025-05-16,0.009513473138213158,0.0442957878112793,0.05291128158569336,0.04429948329925537,0.0410538911819458,0.03225421905517578,-0.008615493774414062,-3.6954879760742188e-06,0.003241896629333496,0.012041568756103516,0.00953659974038601,0.04431891441345215,-0.008592367172241211,1.9431114196777344e-05,0.0032650232315063477,0.012064695358276367,0.06076059117913246,0.09901250898838043,0.04809258133172989,0.09970256686210632,0.1552312672138214,0.1013721451163292,0.04916074126958847,0.1000850722193718,0.18332882225513458,0.10324965417385101,0.1726330667734146,0.09909725934267044,0.16740311682224274,0.10295775532722473,0.051641419529914856,0.09826028347015381,0.06164519488811493,0.09765457361936569,0.05010319501161575,0.09860808402299881
3,objective_weighted_ensemble,2024-10-11,2024-10-14,2024-10-18,0.0077143521048128605,0.01636028289794922,0.0086442232131958,-0.00408250093460083,0.008423328399658203,0.010188937187194824,0.007716059684753418,0.02044278383255005,0.007936954498291016,0.0061713457107543945,-0.012371757999062538,-0.0037258267402648926,-0.012370049953460693,0.0003566741943359375,-0.012149155139923096,-0.013914763927459717,0.14132905006408691,0.09627391397953033,0.10355930030345917,0.10278672724962234,0.11771638691425323,0.09821904450654984,0.10438709706068039,0.09974032640457153,0.0067303963005542755,0.09876947849988937,0.1781492382287979,0.10325421392917633,0.19862447679042816,0.09937164932489395,0.004785102792084217,0.10059507191181183,0.09165254980325699,0.10267534852027893,0.05306639522314072,0.09831427782773972
4,objective_weighted_ensemble,2024-10-04,2024-10-07,2024-10-11,-0.0032142966520041227,0.005804896354675293,0.01151883602142334,0.00287020206451416,-0.003289520740509033,0.01044619083404541,-0.005713939666748047,0.002934694290161133,0.009094417095184326,-0.004641294479370117,-0.006335792131721973,0.002683401107788086,-0.008835434913635254,-0.00018680095672607422,0.005972921848297119,-0.007762789726257324,0.10177535563707352,0.09607918560504913,0.14077599346637726,0.10114671289920807,0.11761325597763062,0.10421533137559891,0.08820842206478119,0.09908301383256912,0.12007913738489151,0.09885982424020767,0.13568100333213806,0.10212963819503784,0.16015365719795227,0.10250412672758102,0.0396435521543026,0.10017787665128708,0.05332101136445999,0.10242754966020584,0.04274861514568329,0.0933767631649971
5,objective_weighted_ensemble,2025-11-21,2025-11-24,2025-11-28,0.006889003328979015,0.06944859027862549,0.03696334362030029,0.03444957733154297,0.020917415618896484,0.07749533653259277,0.032485246658325195,0.03499901294708252,0.048531174659729004,-0.008046746253967285,-0.027329783886671066,0.03522980213165283,-0.001733541488647461,0.0007802248001098633,0.014312386512756348,-0.04226553440093994,4.522335802903399e-05,0.09653696417808533,0.24993616342544556,0.09579790383577347,4.5161566958995536e-05,0.09770089387893677,4.2467854655114934e-05,0.1002604141831398,0.24993273615837097,0.09958157688379288,4.4068154238630086e-05,0.10380135476589203,0.2499353587627411,0.10304678231477737,4.571294630295597e-05,0.1001274436712265,0.24993020296096802,0.10321216285228729,4.290104334359057e-05,0.09993451833724976
6,objective_weighted_ensemble,2023-11-03,2023-11-06,2023-11-10,-6.0230493545532227e-05,0.05735182762145996,0.013618946075439453,0.016278982162475586,0.04989826679229736,0.07437193393707275,0.04373288154602051,0.041072845458984375,0.007453560829162598,-0.017020106315612793,-0.040474921464920044,0.01693713665008545,0.003318190574645996,0.0006581544876098633,-0.032961130142211914,-0.057434797286987305,5.097342364024371e-05,0.09781286120414734,0.24992136657238007,0.10416089743375778,0.24992649257183075,0.10134083032608032,0.2499275505542755,0.101175457239151,5.174483158043586e-05,0.10073630511760712,4.724272366729565e-05,0.1013326644897461,5.082222196506336e-05,0.09705548733472824,5.175558544578962e-05,0.09763960540294647,4.621321568265557e-05,0.09868280589580536,0.24992585182189941,0.10006308555603027
7,objective_weighted_ensemble,2025-06-20,2025-06-23,2025-06-27,-0.0016017794841900468,0.008300065994262695,0.0347142219543457,0.010245442390441895,0.00859534740447998,0.005360960960388184,-0.026414155960083008,-0.0019453763961791992,-0.00029528141021728516,0.0029391050338745117,0.00022605658159591258,0.010127902030944824,-0.02458631992340088,-0.00011754035949707031,0.0015325546264648438,0.004766941070556641,0.09065057337284088,0.10072913020849228,0.08690866082906723,0.10044412314891815,0.12053856253623962,0.10008648037910461,0.09718061983585358,0.10300931334495544,0.10974905639886856,0.10053271055221558,0.10163187235593796,0.10127171874046326,0.10422968119382858,0.09882227331399918,0.09426826238632202,0.09791575372219086,0.10874492675065994,0.09739460796117783,0.08609778434038162,0.09979390352964401
8,objective_weighted_ensemble,2024-02-23,2024-02-26,2024-03-01,-0.0014667809009552002,0.02072775363922119,0.009845614433288574,0.021225333213806152,0.04124128818511963,0.025134801864624023,0.010882139205932617,-0.0004975795745849609,-0.020513534545898438,-0.004407048225402832,-0.00036838650703430176,0.02182614803314209,0.011980533599853516,0.0006008148193359375,-0.01941514015197754,-0.0033086538314819336,0.06051940843462944,0.10101893544197083,0.17600072920322418,0.0983072817325592,0.05454949289560318,0.10321320593357086,0.0484614260494709,0.0990680605173111,0.16985221207141876,0.09992688149213791,0.17180196940898895,0.10383658856153488,0.04310242086648941,0.10370089113712311,0.051232513040304184,0.09566051512956619,0.04552716389298439,0.09987650066614151,0.1789526641368866,0.09539122879505157
9,objective_weighted_ensemble,2023-11-10,2023-11-13,2023-11-17,0.038443975150585175,0.0355147123336792,0.023104310035705566,0.03596174716949463,0.028481721878051758,-0.013738691806793213,0.012410402297973633,-0.0004470348358154297,0.007032990455627441,0.04925340414047241,0.038547687232494354,0.03561842441558838,0.012514114379882812,-0.00034332275390625,0.007136702537536621,0.04935711622238159,0.1627841293811798,0.10151145607233047,0.05873795598745346,0.10107666999101639,0.10916949808597565,0.10021616518497467,0.112221859395504,0.098982073366642,0.155476376414299,0.10075777024030685,0.10510138422250748,0.09997902065515518,0.08211037516593933,0.10112697631120682,0.09135958552360535,0.09741784632205963,0.05811629816889763,0.09928324073553085,0.06492253392934799,0.09964878112077713
10,objective_weighted_ensemble,2025-01-03,2025-01-06,2025-01-10,0.030666405335068703,-0.009217917919158936,-0.019359707832336426,-0.013281762599945068,-0.024777472019195557,-0.050110578536987305,0.01014178991317749,0.004063844680786133,0.015559554100036621,0.04089266061782837,0.02677660621702671,-0.013107717037200928,0.006251990795135498,0.00017404556274414062,0.011669754981994629,0.03700286149978638,0.06403131037950516,0.10054991394281387,0.1209229975938797,0.09857682883739471,0.12181177735328674,0.1007346510887146,0.14696437120437622,0.10346214473247528,0.12766344845294952,0.09962661564350128,0.0874025821685791,0.09978238493204117,0.09104587137699127,0.10041255503892899,0.027446240186691284,0.09847650676965714,0.1368083953857422,0.10149551182985306,0.07590300589799881,0.09688287228345871
11,objective_weighted_ensemble,2026-03-13,2026-03-16,2026-03-20,0.011644149199128151,-0.029734134674072266,-0.01804143190383911,-0.028531908988952637,-0.031553685665130615,-0.05095398426055908,-0.011692702770233154,-0.001202225685119629,0.0018195509910583496,0.021219849586486816,0.012712443247437477,-0.02866584062576294,-0.010624408721923828,-0.00013393163681030273,0.0028878450393676758,0.022288143634796143,0.1025981679558754,0.09960025548934937,0.08173709362745285,0.10149774700403214,0.10215000808238983,0.10069531947374344,0.09637429565191269,0.1003069281578064,0.1159566268324852,0.1016007587313652,0.12049581110477448,0.09520131349563599,0.10625229775905609,0.1013023853302002,0.09174135327339172,0.10116760432720184,0.08240555971860886,0.09789230674505234,0.10028878599405289,0.10073533654212952
12,objective_weighted_ensemble,2025-07-25,2025-07-28,2025-08-01,0.0028569637797772884,-0.05496668815612793,-0.024140596389770508,-0.051977694034576416,-0.047247111797332764,-0.07034474611282349,-0.030826091766357422,-0.0029889941215515137,-0.007719576358795166,0.015378057956695557,0.00561981787905097,-0.05220383405685425,-0.02806323766708374,-0.00022614002227783203,-0.004956722259521484,0.01814091205596924,0.07709011435508728,0.09853573888540268,0.10907100886106491,0.09949321299791336,0.10448227822780609,0.09872850030660629,0.1248234361410141,0.10540986806154251,0.07788398861885071,0.10470415651798248,0.08791188150644302,0.0985400453209877,0.1233014166355133,0.09858877956867218,0.09262456744909286,0.09942931681871414,0.11628407984972,0.09775886684656143,0.08652722835540771,0.09881151467561722
13,objective_weighted_ensemble,2025-08-22,2025-08-25,2025-08-29,-0.008930936455726624,0.001378178596496582,-0.0004029273986816406,-0.006997942924499512,-0.006874382495880127,0.015804529190063477,0.0017811059951782227,0.008376121520996094,0.008252561092376709,-0.014426350593566895,-0.017099037766456604,-0.0067899227142333984,-0.006386995315551758,0.00020802021026611328,8.445978164672852e-05,-0.022594451904296875,0.02065999060869217,0.09855251014232635,0.21836668252944946,0.1012357771396637,0.22206708788871765,0.09644454717636108,0.2205125093460083,0.1005823090672493,0.023791184648871422,0.09938614070415497,0.01697179116308689,0.0992479920387268,0.01966143399477005,0.10022827982902527,0.02258087322115898,0.09814706444740295,0.01804780773818493,0.10273950546979904,0.2173406481742859,0.10343588888645172
14,objective_weighted_ensemble,2025-07-11,2025-07-14,2025-07-18,-0.005784520413726568,-0.010085821151733398,0.006349921226501465,-0.008782625198364258,-0.014779269695281982,-0.005822420120239258,-0.016435742378234863,-0.0013031959533691406,0.004693448543548584,-0.004263401031494141,-0.004680463578552008,-0.008981764316558838,-0.015331685543060303,-0.00019913911819458008,0.0057975053787231445,-0.00315934419631958,0.09697290509939194,0.10085879266262054,0.12098702788352966,0.09627731889486313,0.0700308308005333,0.09750255197286606,0.09835564345121384,0.09713132679462433,0.10686521232128143,0.10234539955854416,0.1095595732331276,0.10323231667280197,0.12427539378404617,0.10312145203351974,0.06543836742639542,0.09873595833778381,0.090520940721035,0.1006660982966423,0.11699410527944565,0.10012874007225037
15,objective_weighted_ensemble,2025-09-12,2025-09-15,2025-09-19,0.02062057889997959,0.03528892993927002,0.0123671293258667,0.004732847213745117,0.01782083511352539,0.016693711280822754,0.02292180061340332,0.030556082725524902,0.01746809482574463,0.018595218658447266,-0.010174518451094627,0.004493832588195801,-0.007873296737670898,-0.0002390146255493164,-0.01332700252532959,-0.012199878692626953,0.0004851028206758201,0.09909242391586304,0.000426125421654433,0.0974537581205368,0.24932028353214264,0.0964825302362442,0.0004429534019436687,0.10572795569896698,0.000523569411598146,0.09807749837636948,0.0004491274303290993,0.0985679030418396,0.24929660558700562,0.10126297175884247,0.24929842352867126,0.10079041123390198,0.24937762320041656,0.10192817449569702,0.0003801913990173489,0.10061635076999664
16,objective_weighted_ensemble,2024-12-20,2024-12-23,2024-12-27,0.014189052395522594,0.01576673984527588,0.006529688835144043,0.015064001083374023,0.012621164321899414,-0.001122891902923584,0.009237051010131836,0.0007027387619018555,0.003145575523376465,0.016889631748199463,0.013674664311110973,0.015252351760864258,0.008722662925720215,0.00018835067749023438,0.0026311874389648438,0.016375243663787842,0.11008425056934357,0.09987015277147293,0.10797563940286636,0.10037708282470703,0.06017909198999405,0.0962553545832634,0.11536891013383865,0.10058711469173431,0.11377725005149841,0.09960101544857025,0.08529675751924515,0.0990729033946991,0.10429321229457855,0.1036544144153595,0.07835454493761063,0.10383415967226028,0.109066903591156,0.09841465204954147,0.11560343950986862,0.09833311289548874
17,objective_weighted_ensemble,2023-12-15,2023-12-18,2023-12-22,0.0022327005863189697,0.008324742317199707,0.009204506874084473,0.005645632743835449,0.006046414375305176,0.005895376205444336,-0.0008797645568847656,0.002679109573364258,0.0022783279418945312,0.002429366111755371,-0.0005005300045013428,0.0055915117263793945,-0.003612995147705078,-5.412101745605469e-05,-0.00045490264892578125,-0.0003038644790649414,0.10683054476976395,0.10307624936103821,0.05051909014582634,0.09737429022789001,0.05488797649741173,0.10207881778478622,0.04986529052257538,0.10073845833539963,0.21862496435642242,0.10576184839010239,0.04921708256006241,0.09848925471305847,0.10162895172834396,0.09971488267183304,0.11461564898490906,0.10095277428627014,0.125885009765625,0.09411989897489548,0.12792542576789856,0.0976935401558876
18,objective_weighted_ensemble,2025-10-31,2025-11-03,2025-11-07,0.014663463458418846,0.026360630989074707,-0.016259431838989258,0.02217698097229004,0.02636873722076416,0.01672685146331787,0.042620062828063965,0.004183650016784668,-8.106231689453125e-06,0.009633779525756836,0.010804777964949608,0.02250194549560547,0.03876137733459473,0.0003249645233154297,-0.0038667917251586914,0.005775094032287598,0.07130452990531921,0.09693407267332077,0.14592345058918,0.10053489357233047,0.09409178793430328,0.09643342345952988,0.0563291497528553,0.1033792719244957,0.05449341610074043,0.10280804336071014,0.15008479356765747,0.10028581321239471,0.02748408168554306,0.09559336304664612,0.061920978128910065,0.10064958781003952,0.18875262141227722,0.10304947942495346,0.14961518347263336,0.10033193975687027
19,objective_weighted_ensemble,2024-10-25,2024-10-28,2024-11-01,-0.013140052556991577,-0.024596869945526123,-0.013815879821777344,-0.022952377796173096,-0.01731473207473755,-0.01053011417388916,-0.01078099012374878,-0.0016444921493530273,-0.007282137870788574,-0.014066755771636963,-0.011471480131149292,-0.022928297519683838,-0.009112417697906494,2.4080276489257812e-05,-0.005613565444946289,-0.012398183345794678,0.14101089537143707,0.10274501144886017,0.07295931875705719,0.10079396516084671,0.061785195022821426,0.09878820180892944,0.06947148591279984,0.09849977493286133,0.0678802952170372,0.100434809923172,0.15415231883525848,0.10098817199468613,0.15186282992362976,0.10066590458154678,0.06910348683595657,0.09817729145288467,0.06838806718587875,0.10001982003450394,0.143386110663414,0.09888705611228943
20,objective_weighted_ensemble,2024-12-13,2024-12-16,2024-12-20,-0.0036774605978280306,-0.005350708961486816,-0.01832205057144165,-0.024794936180114746,-0.02266407012939453,0.004925727844238281,0.012971341609954834,0.01944422721862793,0.017313361167907715,-0.010276436805725098,-0.022849295288324356,-0.02452254295349121,-0.0062004923820495605,0.00027239322662353516,-0.0018584728240966797,-0.029448270797729492,0.0028965610545128584,0.10067564249038696,0.24566148221492767,0.10329184681177139,0.24505577981472015,0.09991395473480225,0.003159938845783472,0.09575146436691284,0.003135126316919923,0.09634450823068619,0.0029780471231788397,0.09965308010578156,0.24562618136405945,0.10349668562412262,0.2457612305879593,0.1002558097243309,0.002825086237862706,0.09996964782476425,0.0029005713295191526,0.10064735263586044
21,objective_weighted_ensemble,2024-08-09,2024-08-12,2024-08-16,0.007238924503326416,0.016976118087768555,0.0400007963180542,0.019805312156677246,0.018101215362548828,0.002631068229675293,-0.023024678230285645,-0.0028291940689086914,-0.0011250972747802734,0.014345049858093262,0.009811580181121826,0.019548773765563965,-0.020452022552490234,-0.00025653839111328125,0.0014475584030151367,0.016917705535888672,0.10351891070604324,0.10526946932077408,0.08405645936727524,0.10013673454523087,0.11720909178256989,0.10122684389352798,0.11021153628826141,0.10210563987493515,0.10558678954839706,0.09594056755304337,0.09416748583316803,0.10383700579404831,0.11467314511537552,0.09816718846559525,0.07140684872865677,0.09588491916656494,0.08493503928184509,0.09911780059337616,0.11423468589782715,0.09831380844116211
22,objective_weighted_ensemble,2024-02-09,2024-02-12,2024-02-16,0.010641363449394703,0.0035746097564697266,-0.0033719539642333984,0.0013262033462524414,-0.012208044528961182,-0.008595526218414307,0.006946563720703125,0.002248406410217285,0.015782654285430908,0.012170135974884033,0.00838556606322527,0.001318812370300293,0.004690766334533691,-7.3909759521484375e-06,0.013526856899261475,0.0099143385887146,0.15181243419647217,0.09959491342306137,0.05825420096516609,0.09804733097553253,0.109182208776474,0.10180946439504623,0.15339186787605286,0.09915328770875931,0.10339304804801941,0.09978443384170532,0.056909967213869095,0.10166145861148834,0.04602404311299324,0.0987774059176445,0.1860029697418213,0.10302574187517166,0.09488946199417114,0.09787965565919876,0.040139783173799515,0.10026636719703674
23,objective_weighted_ensemble,2026-01-23,2026-01-26,2026-01-30,0.006056773476302624,0.01695859432220459,0.003975629806518555,-0.0014513731002807617,-0.0044983625411987305,0.015147089958190918,0.012982964515686035,0.01840996742248535,0.02145695686340332,0.0018115043640136719,-0.012144935317337513,-0.0012431144714355469,-0.0052187442779541016,0.00020825862884521484,0.0032552480697631836,-0.016390204429626465,0.23717352747917175,0.10328809171915054,0.007799471728503704,0.0979057028889656,0.008401326835155487,0.10110045224428177,0.2382480353116989,0.10087186098098755,0.006084786262363195,0.10087861120700836,0.010413354262709618,0.1005396619439125,0.008078600279986858,0.0996580421924591,0.0047561489045619965,0.09963010251522064,0.23868148028850555,0.09916680306196213,0.24036327004432678,0.09696069359779358
24,objective_weighted_ensemble,2025-09-05,2025-09-08,2025-09-12,-0.004377901554107666,0.03455352783203125,0.015712857246398926,0.027312159538269043,0.01798725128173828,0.049013614654541016,0.018840670585632324,0.007241368293762207,0.01656627655029297,-0.014460086822509766,-0.010846316814422607,0.02808511257171631,0.012372255325317383,0.0007729530334472656,0.010097861289978027,-0.020928502082824707,0.034922488033771515,0.0936596468091011,0.20217417180538177,0.10355381667613983,0.03126341477036476,0.0999901294708252,0.20084765553474426,0.1044144555926323,0.12850318849086761,0.09604889154434204,0.1035122275352478,0.09956565499305725,0.03719231113791466,0.09973438084125519,0.19773812592029572,0.10447865724563599,0.032436877489089966,0.09493441879749298,0.03140954300761223,0.10361994802951813
25,objective_weighted_ensemble,2025-04-25,2025-04-28,2025-05-02,-0.0010604143608361483,0.0209197998046875,0.029275059700012207,0.018674731254577637,0.016072750091552734,0.022645115852355957,-0.008355259895324707,0.0022450685501098633,0.004847049713134766,-0.001725316047668457,-0.0034124136436730623,0.018567800521850586,-0.010707259178161621,-0.00010693073272705078,0.0024950504302978516,-0.004077315330505371,0.060332898050546646,0.09877393394708633,0.05773065239191055,0.0996960997581482,0.1915433257818222,0.1011471375823021,0.18221113085746765,0.10057243704795837,0.049441833049058914,0.09979256242513657,0.04334179684519768,0.10155200213193893,0.03642609715461731,0.09961017966270447,0.15684229135513306,0.09986525028944016,0.18319307267665863,0.10232625156641006,0.03893688693642616,0.09666409343481064
26,objective_weighted_ensemble,2024-09-06,2024-09-09,2024-09-13,0.01450965367257595,0.024108052253723145,0.04006612300872803,0.024873971939086914,0.006116986274719238,0.002912759780883789,-0.015958070755004883,-0.0007659196853637695,0.017991065979003906,0.021195292472839355,0.015360092744231224,0.024958491325378418,-0.01510763168334961,8.45193862915039e-05,0.01884150505065918,0.02204573154449463,0.12443725019693375,0.1012844368815422,0.11184407025575638,0.09525809437036514,0.06770897656679153,0.09745048731565475,0.08516661822795868,0.10076721757650375,0.09102487564086914,0.10158310830593109,0.1108662486076355,0.10398074984550476,0.12204936891794205,0.10089060664176941,0.09749821573495865,0.09851054847240448,0.11310598999261856,0.09940199553966522,0.07629837840795517,0.1008727177977562
27,objective_weighted_ensemble,2025-10-17,2025-10-20,2025-10-24,0.005647873971611261,0.04572415351867676,0.019356131553649902,0.03829944133758545,0.03799295425415039,0.04765462875366211,0.026368021965026855,0.007424712181091309,0.007731199264526367,-0.0019304752349853516,-0.0018211841816082597,0.03825509548187256,0.018898963928222656,-4.4345855712890625e-05,0.00026214122772216797,-0.00939953327178955,0.20350101590156555,0.09772958606481552,0.029942378401756287,0.09985581040382385,0.037115853279829025,0.09798837453126907,0.022449085488915443,0.09726668894290924,0.036877699196338654,0.10410216450691223,0.19985921680927277,0.09869712591171265,0.21042729914188385,0.10304960608482361,0.026207568123936653,0.10363571345806122,0.043591201305389404,0.09839344769716263,0.19002866744995117,0.09928152710199356
28,objective_weighted_ensemble,2025-01-24,2025-01-27,2025-01-31,0.0027336240746080875,-0.0003916621208190918,-0.010115563869476318,-0.01431417465209961,-0.015464961528778076,-0.00016999244689941406,0.009723901748657227,0.013922512531280518,0.015073299407958984,-0.00022166967391967773,-0.01070394553244114,-0.013829231262207031,-0.003713667392730713,0.0004849433898925781,0.001635730266571045,-0.013659238815307617,0.021707268431782722,0.09711898118257523,0.024092575535178185,0.10191483050584793,0.21887585520744324,0.10370180010795593,0.007877038791775703,0.09868045151233673,0.22992169857025146,0.10358504205942154,0.02909637615084648,0.10074184834957123,0.026043608784675598,0.09646617621183395,0.20778164267539978,0.09905504435300827,0.012011425569653511,0.09882816672325134,0.22259250283241272,0.09990758448839188
29,objective_weighted_ensemble,2024-10-18,2024-10-21,2024-10-25,0.034872014075517654,-0.02437680959701538,-0.009493887424468994,-0.02296966314315796,-0.0358881950378418,-0.07840263843536377,-0.014882922172546387,-0.0014071464538574219,0.011511385440826416,0.05402582883834839,0.03598113730549812,-0.023267686367034912,-0.013773798942565918,-0.0002980232238769531,0.012620508670806885,0.05513495206832886,0.11024229973554611,0.09905949980020523,0.08695920556783676,0.09880707412958145,0.09216786921024323,0.10070279985666275,0.07212390750646591,0.09598712623119354,0.14636294543743134,0.0986674502491951,0.15404199063777924,0.10046420991420746,0.07801420986652374,0.09924402087926865,0.06773024052381516,0.09968924522399902,0.10175521671772003,0.10389633476734161,0.09060212224721909,0.1034822016954422
30,objective_weighted_ensemble,2024-10-25,2024-10-28,2024-11-01,0.00686050346121192,-0.0037462711334228516,-0.013815879821777344,-0.0013789534568786621,0.0012774467468261719,-0.012184739112854004,0.010069608688354492,-0.0023673176765441895,-0.0050237178802490234,0.008438467979431152,0.009323189035058022,-0.0012835860252380371,0.012532293796539307,9.5367431640625e-05,-0.002561032772064209,0.010901153087615967,0.08325155824422836,0.09685634076595306,0.09099424630403519,0.09620209783315659,0.09082195907831192,0.10196288675069809,0.13191290199756622,0.09897405654191971,0.06920230388641357,0.10015986859798431,0.08168916404247284,0.09954158216714859,0.07348065078258514,0.10141810774803162,0.12377572059631348,0.10084489732980728,0.12091607600450516,0.09954788535833359,0.13395541906356812,0.10449234396219254
31,objective_weighted_ensemble,2024-03-22,2024-03-25,2024-03-28,0.019821852445602417,0.016711115837097168,0.003568410873413086,0.013858556747436523,0.008201122283935547,-0.006784260272979736,0.013142704963684082,0.0028525590896606445,0.008509993553161621,0.023495376110076904,0.017038077116012573,0.013927340507507324,0.010358929634094238,6.878376007080078e-05,0.005726218223571777,0.02071160078048706,0.11025737971067429,0.10344301909208298,0.027970442548394203,0.0984521359205246,0.16113589704036713,0.09885500371456146,0.09201528131961823,0.10041488707065582,0.04409806802868843,0.10171531140804291,0.06523079425096512,0.09878113120794296,0.09109354019165039,0.09950339794158936,0.11681293696165085,0.09906774759292603,0.15748637914657593,0.10038737207651138,0.1338992863893509,0.09938006848096848
32,objective_weighted_ensemble,2023-11-10,2023-11-13,2023-11-17,-0.00435670604929328,0.04650676250457764,0.023104310035705566,0.035848259925842285,0.051354169845581055,0.06148242950439453,0.02340245246887207,0.010658502578735352,-0.004847407341003418,-0.014975666999816895,-0.015078866854310036,0.03578460216522217,0.012680292129516602,-6.365776062011719e-05,-0.015569567680358887,-0.025697827339172363,0.22339659929275513,0.09891177713871002,0.013172388076782227,0.10315283387899399,0.2272162139415741,0.10193856805562973,0.024538759142160416,0.0999651625752449,0.013647731393575668,0.09733306616544724,0.016722695901989937,0.09624550491571426,0.016279784962534904,0.10196016728878021,0.2304287999868393,0.10052061080932617,0.22083774209022522,0.09797622263431549,0.013759288936853409,0.1019960567355156
33,objective_weighted_ensemble,2025-01-31,2025-02-03,2025-02-07,0.006514325737953186,-0.010470032691955566,-0.0017447471618652344,-0.008048534393310547,-0.00466388463973999,-0.022981464862823486,-0.008725285530090332,-0.0024214982986450195,-0.005806148052215576,0.01251143217086792,0.008974090218544006,-0.008010268211364746,-0.006265521049499512,3.826618194580078e-05,-0.003346383571624756,0.01497119665145874,0.08780720084905624,0.09946893900632858,0.10342957079410553,0.10346810519695282,0.09982798993587494,0.10027273744344711,0.09799711406230927,0.1024034321308136,0.11705931276082993,0.09951948374509811,0.08163613080978394,0.09957914054393768,0.12643244862556458,0.09933455288410187,0.08906152099370956,0.09965693205595016,0.10475046187639236,0.09821384400129318,0.09199826419353485,0.09808281809091568
34,objective_weighted_ensemble,2025-12-19,2025-12-22,2025-12-26,0.004798156209290028,0.014653682708740234,0.014281749725341797,0.011617422103881836,0.01885664463043213,0.008842229843139648,0.0003719329833984375,0.0030362606048583984,-0.0042029619216918945,0.005811452865600586,0.0018135129939764738,0.011669039726257324,-0.0026127099990844727,5.161762237548828e-05,-0.007187604904174805,0.0028268098831176758,0.030744777992367744,0.09876547753810883,0.030181007459759712,0.09874838590621948,0.21656833589076996,0.10103916376829147,0.02920062281191349,0.10263712704181671,0.18927070498466492,0.10089593380689621,0.03267192095518112,0.10121870785951614,0.03940218687057495,0.10071664303541183,0.20063932240009308,0.09761803597211838,0.19171273708343506,0.09913822263479233,0.03960837423801422,0.09922241419553757
35,objective_weighted_ensemble,2023-10-13,2023-10-16,2023-10-20,0.006626644637435675,-0.028957605361938477,-0.023893356323242188,-0.030143141746520996,-0.03678625822067261,-0.040933966636657715,-0.005064249038696289,0.0011855363845825195,0.00782865285873413,0.011976361274719238,0.005617538001388311,-0.02996671199798584,-0.006073355674743652,0.00017642974853515625,0.006819546222686768,0.010967254638671875,0.11415543407201767,0.0995582714676857,0.09998434036970139,0.10421675443649292,0.13023100793361664,0.09978954493999481,0.06439029425382614,0.09844982624053955,0.11992225050926208,0.10148625820875168,0.09438196569681168,0.0949074923992157,0.03766651451587677,0.09767314791679382,0.07023400813341141,0.10076048225164413,0.07486922293901443,0.09928197413682938,0.1941649615764618,0.10387621819972992
36,objective_weighted_ensemble,2025-11-21,2025-11-24,2025-11-28,0.0023051619064062834,0.044992804527282715,0.03696334362030029,0.03988611698150635,0.030573129653930664,0.04802882671356201,0.008029460906982422,0.005106687545776367,0.01441967487335205,-0.003036022186279297,-0.0025936246383935213,0.04009401798248291,0.003130674362182617,0.0002079010009765625,0.009520888328552246,-0.007934808731079102,0.02406022883951664,0.09704677015542984,0.021100975573062897,0.10200422257184982,0.025718191638588905,0.09698760509490967,0.02084442973136902,0.10401864349842072,0.18508413434028625,0.10208061337471008,0.21313151717185974,0.09584984183311462,0.021710513159632683,0.1048261970281601,0.055063650012016296,0.09841015934944153,0.2169928252696991,0.10350733995437622,0.21629351377487183,0.09526867419481277
37,objective_weighted_ensemble,2025-10-24,2025-10-27,2025-10-31,0.016403216868638992,0.05014610290527344,0.0071021318435668945,0.012626051902770996,0.019796252250671387,0.04436635971069336,0.04304397106170654,0.03752005100250244,0.03034985065460205,0.005779743194580078,-0.020983558148145676,0.01275932788848877,0.005657196044921875,0.00013327598571777344,-0.007036924362182617,-0.03160703182220459,0.00025320574059151113,0.10099859535694122,0.19542816281318665,0.10259860754013062,0.00017205590847879648,0.10059712082147598,0.24967390298843384,0.10018716752529144,0.00020099552057217807,0.10099619626998901,0.24972881376743317,0.10168656706809998,0.00021572735568042845,0.09787796437740326,0.24969981610774994,0.10005050897598267,0.00014434529293794185,0.09852547198534012,0.05448296666145325,0.0964818000793457
38,objective_weighted_ensemble,2024-05-10,2024-05-13,2024-05-17,0.006246900651603937,0.00798642635345459,0.016530990600585938,0.007065892219543457,-0.0022058486938476562,-0.0014044642448425293,-0.008544564247131348,0.0009205341339111328,0.010192275047302246,0.00939089059829712,0.005425548646599054,0.007165074348449707,-0.00936591625213623,9.918212890625e-05,0.009370923042297363,0.008569538593292236,0.16753679513931274,0.0972786471247673,0.08335957676172256,0.10121133923530579,0.07933168858289719,0.09949665516614914,0.1386762410402298,0.0994914099574089,0.05551331117749214,0.10122809559106827,0.1331126093864441,0.10114996880292892,0.11142081022262573,0.10388480871915817,0.0713663250207901,0.09875908493995667,0.07920743525028229,0.09798841923475266,0.08047521114349365,0.09951155632734299
39,objective_weighted_ensemble,2025-04-17,2025-04-21,2025-04-25,0.032076139003038406,0.05468595027923584,0.046028733253479004,0.055703043937683105,0.052809834480285645,0.014685511589050293,0.008657217025756836,-0.0010170936584472656,0.0018761157989501953,0.04000043869018555,0.03327252343297005,0.05588233470916748,0.009853601455688477,0.000179290771484375,0.003072500228881836,0.04119682312011719,0.10270418971776962,0.09987764805555344,0.09713459759950638,0.09720487892627716,0.09567292034626007,0.10366983711719513,0.10328717529773712,0.10002758353948593,0.10105033963918686,0.09650696069002151,0.09961474686861038,0.09826256334781647,0.09982870519161224,0.09683085232973099,0.1013285368680954,0.1000516414642334,0.09791356325149536,0.09934553503990173,0.10146523267030716,0.10822254419326782
40,objective_weighted_ensemble,2024-01-19,2024-01-22,2024-01-26,0.0064195930026471615,0.01085662841796875,0.010322809219360352,0.01349782943725586,0.015907645225524902,0.002026200294494629,0.0005338191986083984,-0.0026412010192871094,-0.005051016807556152,0.008830428123474121,0.008686000481247902,0.013123035430908203,0.0028002262115478516,-0.00037479400634765625,-0.0027846097946166992,0.011096835136413574,0.11938381940126419,0.09836479276418686,0.11319103837013245,0.1005028709769249,0.08061002194881439,0.09345187246799469,0.07039953023195267,0.10005877912044525,0.13615405559539795,0.10155647248029709,0.08626693487167358,0.09694292396306992,0.109019935131073,0.10426552593708038,0.1143566444516182,0.10040945559740067,0.07473951578140259,0.10255108028650284,0.09587851166725159,0.1018962562084198
41,objective_weighted_ensemble,2025-08-15,2025-08-18,2025-08-22,0.009380131959915161,0.014537811279296875,0.002906203269958496,0.015115141868591309,0.012397408485412598,0.004780173301696777,0.011631608009338379,-0.0005773305892944336,0.0021404027938842773,0.009757637977600098,0.009873539209365845,0.015031218528747559,0.012125015258789062,-8.392333984375e-05,0.002633810043334961,0.010251045227050781,0.11048018932342529,0.09537118673324585,0.09312989562749863,0.09810694307088852,0.12851659953594208,0.1022375226020813,0.06816362589597702,0.10161441564559937,0.12695933878421783,0.09742078930139542,0.07733315229415894,0.10030939429998398,0.10706747323274612,0.1009380966424942,0.10291185230016708,0.1026783213019371,0.0959358736872673,0.10065685212612152,0.0895019993185997,0.10066641867160797
42,objective_weighted_ensemble,2025-06-20,2025-06-23,2025-06-27,-0.023259853944182396,0.019242048263549805,0.0347142219543457,0.02066361904144287,0.051299452781677246,0.04813802242279053,-0.015472173690795898,-0.0014215707778930664,-0.03205740451812744,-0.028895974159240723,-0.021492337808012962,0.02100956439971924,-0.013704657554626465,0.0003459453582763672,-0.030289888381958008,-0.02712845802307129,0.09087929874658585,0.09970026463270187,0.09791984409093857,0.10126982629299164,0.09303656965494156,0.10103980451822281,0.11096064746379852,0.0974600613117218,0.09346845000982285,0.10178402811288834,0.09100530296564102,0.09945710748434067,0.10969387739896774,0.10104366391897202,0.10969192534685135,0.10127170383930206,0.11172821372747421,0.09879917651414871,0.09161587804555893,0.09817439317703247
43,objective_weighted_ensemble,2024-07-19,2024-07-22,2024-07-26,0.010719463229179382,0.010540962219238281,-0.008287966251373291,0.011107921600341797,0.010997891426086426,-5.799531936645508e-05,0.018828928470611572,-0.0005669593811035156,-0.00045692920684814453,0.010598957538604736,0.011422321200370789,0.011243820190429688,0.01953178644180298,0.00013589859008789062,0.0002459287643432617,0.011301815509796143,0.12333458662033081,0.09953664243221283,0.07676244527101517,0.1035519689321518,0.07002925872802734,0.09783130139112473,0.08418425172567368,0.09700475633144379,0.11649437993764877,0.09942643344402313,0.08936301618814468,0.0984140932559967,0.12897086143493652,0.09992077201604843,0.10807027667760849,0.09952392429113388,0.0918724313378334,0.10358349978923798,0.11091849207878113,0.1012066900730133
44,objective_weighted_ensemble,2023-10-20,2023-10-23,2023-10-27,0.008222457952797413,-0.0033444762229919434,-0.024953126907348633,-0.0023518800735473633,-0.008776962757110596,-0.01038217544555664,0.02160865068435669,-0.00099259614944458,0.005432486534118652,0.007037699222564697,0.009182748384773731,-0.002384185791015625,0.022568941116333008,-3.230571746826172e-05,0.006392776966094971,0.007997989654541016,0.09454252570867538,0.10061806440353394,0.11466508358716965,0.09908987581729889,0.09394896030426025,0.09897053241729736,0.08772372454404831,0.10031187534332275,0.0871395394206047,0.0986444279551506,0.11043588072061539,0.09811921417713165,0.11857734620571136,0.10081927478313446,0.07248739898204803,0.10113239288330078,0.09275883436203003,0.10027117282152176,0.12772071361541748,0.102023184299469
45,objective_weighted_ensemble,2026-03-06,2026-03-09,2026-03-13,-0.0008214831468649209,0.0033833980560302734,-0.015006422996520996,-0.018938720226287842,-0.0053591132164001465,0.010958194732666016,0.01838982105255127,0.022322118282318115,0.00874251127243042,-0.007574796676635742,-0.023218106478452682,-0.01901322603225708,-0.004006803035736084,-7.450580596923828e-05,-0.013654112815856934,-0.029971420764923096,0.010520434007048607,0.09930930286645889,0.2400692105293274,0.10145541280508041,0.23539382219314575,0.1031760647892952,0.008576594293117523,0.09930115193128586,0.2378232628107071,0.09948066622018814,0.010817316360771656,0.09804601967334747,0.008036896586418152,0.09679833054542542,0.23774570226669312,0.10058063268661499,0.005087541416287422,0.10043003410100937,0.005929216742515564,0.10142232477664948
46,objective_weighted_ensemble,2024-10-18,2024-10-21,2024-10-25,-0.003788167145103216,-0.014083325862884521,-0.009493887424468994,-0.016364634037017822,-0.014967918395996094,-0.010434925556182861,-0.004589438438415527,0.0022813081741333008,0.0008845925331115723,-0.00364840030670166,-0.00604175915941596,-0.016336917877197266,-0.0068430304527282715,2.771615982055664e-05,-0.0013689994812011719,-0.005901992321014404,0.042445577681064606,0.10076199471950531,0.05348246917128563,0.09927966445684433,0.19397209584712982,0.10138039290904999,0.18820618093013763,0.09943237155675888,0.0476953387260437,0.10189341753721237,0.18812941014766693,0.10102186352014542,0.039006829261779785,0.10160727053880692,0.19273358583450317,0.09446142613887787,0.029996827244758606,0.10061024129390717,0.024331677705049515,0.09955134242773056
47,objective_weighted_ensemble,2025-12-26,2025-12-29,2026-01-02,-0.0012057542335242033,-0.009150028228759766,-0.010343194007873535,-0.011070489883422852,-0.008859872817993164,-0.0077089667320251465,0.0011931657791137695,0.001920461654663086,-0.00029015541076660156,-0.0014410614967346191,-0.0029646873008459806,-0.010908961296081543,-0.0005657672882080078,0.0001615285873413086,-0.002049088478088379,-0.0031999945640563965,0.121451735496521,0.1002272367477417,0.0899631604552269,0.10243739932775497,0.1270122528076172,0.09967013448476791,0.050941623747348785,0.09735230356454849,0.07634551078081131,0.09816006571054459,0.18309825658798218,0.10006704181432724,0.10061635822057724,0.10255737602710724,0.04413749277591705,0.09886744618415833,0.1216835007071495,0.10258253663778305,0.08475011587142944,0.09807845205068588
