RebalanceDate,VOO,IVV,SPY,VTI,QQQ,VEA,VUG,GLD,IEFA,VTV
2015-07-10,4.880269489843433e-16,0.0,0.0,0.2,0.2,0.2,0.2,0.0,0.2,0.0
2015-07-17,4.88026948984343e-16,0.0,0.0,0.19999999999999987,0.19999999999999987,0.19999999999999987,0.19999999999999987,0.0,0.19999999999999987,0.0
2015-07-24,4.880269489843431e-16,0.0,0.0,0.1999999999999999,0.1999999999999999,0.1999999999999999,0.1999999999999999,0.0,0.1999999999999999,0.0
2015-07-31,4.880269489843431e-16,0.0,0.0,0.1999999999999999,0.1999999999999999,0.1999999999999999,0.1999999999999999,0.0,0.1999999999999999,0.0
2015-08-07,4.880269489843431e-16,0.0,0.0,0.1999999999999999,0.1999999999999999,0.1999999999999999,0.1999999999999999,0.0,0.1999999999999999,0.0
2015-08-14,4.880269489843431e-16,0.0,0.0,0.1999999999999999,0.1999999999999999,0.1999999999999999,0.1999999999999999,0.0,0.1999999999999999,0.0
2015-08-21,0.0,1.8754676220400986e-17,0.0,5.551115123125783e-17,0.2,0.2,0.19999999999999998,0.2,0.2,0.0
2015-08-28,7.735819669565152e-17,4.440892098500626e-16,8.036400874655803e-17,0.19999999999999982,0.1999999999999999,0.2,0.19999999999999987,0.0,0.2,3.965157963810601e-17
2015-09-04,0.0,0.0,2.7873839160718615e-17,0.1104748172941544,0.2,0.2,0.2,0.08952518270584564,0.2,9.970256386467341e-18
2015-09-11,1.4247691247755497e-16,1.3183898417423734e-16,9.230215143453448e-17,0.19999999999999993,0.2,0.19999999999999998,0.19999999999999998,0.0,0.19999999999999998,0.0
2015-09-18,1.4247691247755495e-16,1.3183898417423731e-16,9.230215143453446e-17,0.19999999999999987,0.19999999999999996,0.19999999999999993,0.19999999999999993,0.0,0.19999999999999993,0.0
2015-09-25,1.2407674962799265e-17,5.274891329655502e-17,0.0,0.0,0.2,0.2,0.2,0.2,0.2,1.2728731639228261e-17
2015-10-02,0.0,0.05389242318554364,0.0,0.0,0.19999999999999998,0.2,0.2,0.14610757681445669,0.2,1.5385037823373e-17
2015-10-09,0.0,0.2,5.020213556670392e-18,0.0,0.2,0.1999999999999999,0.19999999999999982,1.9822021748230953e-17,0.2,0.0
2015-10-16,0.0,0.2,5.020213556670393e-18,0.0,0.2,0.19999999999999996,0.19999999999999987,1.9822021748230956e-17,0.2,0.0
2015-10-23,0.0,0.2,5.020213556670394e-18,0.0,0.2,0.2,0.19999999999999993,1.982202174823096e-17,0.2,0.0
2015-10-30,0.0,0.2,5.020213556670394e-18,0.0,0.2,0.2,0.19999999999999993,1.982202174823096e-17,0.2,0.0
2015-11-06,0.2,0.19999999999999998,0.2,0.0,0.19999999999999996,6.391653037392703e-17,0.2,0.0,0.0,0.0
2015-11-13,0.023642460593988408,0.17635753940601157,0.0,1.4885831454627e-17,0.2,0.19999999999999987,0.2,2.680376997692726e-17,0.2,1.1279215131064546e-17
2015-11-20,0.18303100877735062,0.19999999999999993,0.016968991222649533,0.0,0.19999999999999996,5.103005635024676e-17,0.2,1.4336464905923934e-17,0.19999999999999996,1.9091414386919432e-18
2015-11-27,0.19999999999999987,0.1999999999999999,0.2,2.9147091181807354e-16,0.2,0.0,0.2,0.0,0.0,2.6581430133747148e-17
2015-12-04,0.17215601503525216,0.2,0.11988402492887802,2.842129855943035e-17,0.2,0.0,0.2,3.207512833430609e-17,0.10795996003586973,0.0
2015-12-11,0.19999999999999996,0.2,0.2,0.0,0.2,0.0,0.2,1.548296403076898e-17,0.0,0.0
2015-12-18,0.10385317309415212,0.15998734423767308,0.13615948266817485,0.0,0.19999999999999998,0.0,0.19999999999999998,4.334022706441278e-17,0.2,0.0
2015-12-24,0.12618783993116012,0.2,0.16091775667552036,0.0,0.2,1.6090356197358884e-16,0.2,2.6280987019078773e-17,0.11289440339331927,0.0
2015-12-31,0.2,0.19999999999999996,0.17415294397080003,2.91671910880246e-17,0.2,0.0,0.19999999999999998,0.0,0.025847056029200007,0.0
2016-01-08,0.2,0.046490180023390205,0.15350981997660976,1.374643868424244e-18,0.19999999999999998,2.636372708316982e-17,0.2,0.0,0.19999999999999987,0.0
2016-01-15,0.2,0.19999999999999996,0.2,4.85722573273506e-17,0.2,0.0,0.19999999999999996,6.974010367395457e-18,0.0,5.2508073698643303e-17
2016-01-22,0.2,0.19999999999999996,0.2,4.85722573273506e-17,0.2,0.0,0.19999999999999996,6.974010367395457e-18,0.0,5.2508073698643303e-17
2016-01-29,0.2,0.19999999999999996,0.2,4.85722573273506e-17,0.2,0.0,0.19999999999999996,6.974010367395457e-18,0.0,5.2508073698643303e-17
2016-02-05,0.2,0.19999999999999998,0.2,2.1823464816713824e-17,0.2,0.0,5.551115123125783e-17,0.19999999999999996,0.0,0.0
2016-02-12,0.2,0.19999999999999998,0.2,2.1823464816713824e-17,0.2,0.0,5.551115123125783e-17,0.19999999999999996,0.0,0.0
2016-02-19,0.2,0.19999999999999998,0.2,2.1823464816713824e-17,0.2,0.0,5.551115123125783e-17,0.19999999999999996,0.0,0.0
2016-02-26,0.2,0.19999999999999998,0.2,2.1823464816713824e-17,0.2,0.0,5.551115123125783e-17,0.19999999999999996,0.0,0.0
2016-03-04,0.16280001674880587,0.1724150871344699,0.06478489611672406,0.0,0.2,0.0,7.574291391208684e-18,0.19999999999999998,2.4675186964254304e-17,0.2
2016-03-11,0.19999999999999998,0.19999999999999996,0.0,0.0,0.2,9.792421844778613e-18,0.0,0.2,0.0,0.2
2016-03-18,0.19999999999999998,0.19999999999999996,0.0,0.0,0.2,9.792421844778613e-18,0.0,0.2,0.0,0.2
2016-03-24,0.2,1.3877787807814457e-17,0.19999999999999998,0.0,0.2,4.791787904260371e-17,0.0,0.19999999999999998,1.0259192288650355e-17,0.2
2016-04-01,0.2,1.3877787807814457e-17,0.19999999999999998,0.0,0.2,4.791787904260371e-17,0.0,0.19999999999999998,1.0259192288650355e-17,0.2
2016-04-08,0.2,0.09710879698121874,0.1999999999999998,0.0,0.2,3.942662174922465e-18,0.0,0.2,0.0,0.10289120301878138
2016-04-15,0.2,0.021880704545084124,0.2,3.4830558850730143e-17,0.2,1.790734087846631e-17,6.231858933417544e-17,0.2,0.0,0.17811929545491578
2016-04-22,0.2,2.42861286636753e-17,0.19999999999999987,0.0,0.2,1.8019015486678626e-17,0.0,0.2,0.0,0.19999999999999998
2016-04-29,0.2,0.2,0.2,0.0,0.0,0.0,0.0,0.2,0.0,0.2
2016-05-06,0.2,0.2,0.2,0.0,0.0,0.0,0.0,0.2,0.0,0.2
2016-05-13,0.2,0.2,0.2,0.0,0.0,0.0,0.0,0.2,0.0,0.2
2016-05-20,0.2,0.2,0.2,0.0,0.0,0.0,0.0,0.2,0.0,0.2
2016-05-27,0.2,0.0,0.19999999999999998,0.0,0.19999999999999993,0.0,1.2059620815256128e-17,0.2,4.2186650305143164e-17,0.2
2016-06-03,0.2,0.0,0.19999999999999998,0.0,0.19999999999999993,0.0,1.2059620815256128e-17,0.2,4.2186650305143164e-17,0.2
2016-06-10,0.2,0.11976486867275486,0.2,0.0,0.0802351313272451,0.0,0.0,0.2,3.9987660235048046e-17,0.19999999999999998
2016-06-17,0.19999999999999987,0.2,0.1999999999999996,2.618711057332398e-18,0.0,4.1671632486292135e-18,0.0,0.2,0.0,0.1999999999999999
2016-06-24,0.19999999999999996,0.2,0.19999999999999968,2.6187110573323993e-18,0.0,4.167163248629215e-18,0.0,0.2,0.0,0.19999999999999998
2016-07-01,0.2,0.2,0.19999999999999976,2.6187110573324005e-18,0.0,4.1671632486292166e-18,0.0,0.2,0.0,0.2
2016-07-08,0.19999999999999998,0.04900385949111916,0.2,0.0,0.15099614050888083,0.0,1.1031863290562967e-18,0.2,0.0,0.2
2016-07-15,0.2,0.19999999999999934,0.19999999999999998,0.0,1.7915336901210174e-16,0.0,2.4988921990418526e-17,0.2,5.3965747342845583e-17,0.19999999999999998
2016-07-22,0.2,0.19999999999999946,0.2,0.0,1.7915336901210184e-16,0.0,2.498892199041854e-17,0.2,5.3965747342845614e-17,0.2
2016-07-29,0.2,0.19999999999999954,0.2,0.0,1.7915336901210192e-16,0.0,2.4988921990418554e-17,0.2,5.396574734284564e-17,0.2
2016-08-05,0.2,2.7755575615628914e-17,0.19999999999999993,2.9973678051195684e-17,0.19999999999999993,7.901326799603184e-18,1.5538230397397605e-17,0.2,2.0681979148487434e-17,0.2
2016-08-12,0.2,2.7755575615628914e-17,0.19999999999999993,2.9973678051195684e-17,0.19999999999999993,7.901326799603184e-18,1.5538230397397605e-17,0.2,2.0681979148487434e-17,0.2
2016-08-19,0.2,2.7755575615628914e-17,0.19999999999999993,2.9973678051195684e-17,0.19999999999999993,7.901326799603184e-18,1.5538230397397605e-17,0.2,2.0681979148487434e-17,0.2
2016-08-26,0.2,2.7755575615628914e-17,0.19999999999999993,2.9973678051195684e-17,0.19999999999999993,7.901326799603184e-18,1.5538230397397605e-17,0.2,2.0681979148487434e-17,0.2
2016-09-02,0.2,2.7755575615628914e-17,0.19999999999999993,2.9973678051195684e-17,0.19999999999999993,7.901326799603184e-18,1.5538230397397605e-17,0.2,2.0681979148487434e-17,0.2
2016-09-09,0.2,0.2,0.2,7.114598223784246e-17,2.7755575615628914e-17,2.1172762862047607e-17,0.0,0.19999999999999998,0.0,0.19999999999999998
2016-09-16,0.19999999999999962,0.0,0.19999999999999965,0.0,0.2,3.137904987305754e-17,0.0,0.2,3.1379049873057054e-17,0.2
2016-09-23,0.19999999999999976,0.0,0.1999999999999998,0.0,0.2,3.137904987305756e-17,0.0,0.2,3.137904987305707e-17,0.2
2016-09-30,0.19999999999999984,0.0,0.19999999999999987,0.0,0.2,3.137904987305757e-17,0.0,0.2,3.1379049873057085e-17,0.2
2016-10-07,0.1999999999999999,0.0,0.19999999999999993,0.0,0.2,3.137904987305758e-17,0.0,0.2,3.137904987305709e-17,0.2
2016-10-14,0.2,0.0,0.1999999999999996,0.052070840998294975,0.2,0.0,0.0,0.14792915900170547,1.5677085187051223e-17,0.2
2016-10-21,0.2,7.889704727137104e-17,0.19999999999999996,0.0,0.2,1.551006129750346e-17,5.914516923969997e-17,0.19999999999999993,1.2400557928869917e-17,0.2
2016-10-28,0.2,7.889704727137104e-17,0.19999999999999996,0.0,0.2,1.551006129750346e-17,5.914516923969997e-17,0.19999999999999993,1.2400557928869917e-17,0.2
2016-11-04,0.2,1.0408340855860843e-16,0.2,0.2,0.0,0.0,0.0,0.19999999999999996,0.0,0.19999999999999996
2016-11-11,0.2,1.0408340855860843e-16,0.2,0.2,0.0,0.0,0.0,0.19999999999999996,0.0,0.19999999999999996
2016-11-18,0.2,1.0408340855860843e-16,0.2,0.2,0.0,0.0,0.0,0.19999999999999996,0.0,0.19999999999999996
2016-11-25,0.2,1.0408340855860843e-16,0.2,0.2,0.0,0.0,0.0,0.19999999999999996,0.0,0.19999999999999996
2016-12-02,0.2,1.0408340855860843e-16,0.2,0.2,0.0,0.0,0.0,0.19999999999999996,0.0,0.19999999999999996
2016-12-09,0.2,0.1999999999999999,0.2,0.2,0.0,5.2100144429271745e-18,0.0,0.0,2.7472103023478116e-17,0.2
2016-12-16,0.2,0.1999999999999999,0.2,0.2,0.0,5.2100144429271745e-18,0.0,0.0,2.7472103023478116e-17,0.2
2016-12-23,0.2,0.1999999999999999,0.2,0.2,0.0,5.2100144429271745e-18,0.0,0.0,2.7472103023478116e-17,0.2
2016-12-30,0.2,0.1999999999999999,0.2,0.2,0.0,5.2100144429271745e-18,0.0,0.0,2.7472103023478116e-17,0.2
2017-01-06,0.2,0.1999999999999999,0.2,0.2,0.0,5.2100144429271745e-18,0.0,0.0,2.7472103023478116e-17,0.2
2017-01-13,0.2,0.1999999999999999,0.2,0.2,0.0,5.2100144429271745e-18,0.0,0.0,2.7472103023478116e-17,0.2
2017-01-20,0.2,0.0,0.2,0.2,0.2,1.838189806771144e-18,9.69617859444563e-18,0.0,1.3821087317131035e-17,0.2
2017-01-27,0.2,0.0,0.2,0.2,0.2,1.838189806771144e-18,9.69617859444563e-18,0.0,1.3821087317131035e-17,0.2
2017-02-03,0.2,0.0,0.2,0.2,0.2,1.838189806771144e-18,9.69617859444563e-18,0.0,1.3821087317131035e-17,0.2
2017-02-10,0.2,0.0,0.2,0.2,0.2,1.838189806771144e-18,9.69617859444563e-18,0.0,1.3821087317131035e-17,0.2
2017-02-17,0.2,0.0,0.2,0.2,0.2,1.838189806771144e-18,9.69617859444563e-18,0.0,1.3821087317131035e-17,0.2
2017-02-24,0.2,0.0,0.2,0.2,0.2,1.838189806771144e-18,9.69617859444563e-18,0.0,1.3821087317131035e-17,0.2
2017-03-03,0.2,0.0,0.2,0.2,0.2,1.838189806771144e-18,9.69617859444563e-18,0.0,1.3821087317131035e-17,0.2
2017-03-10,0.2,0.0,0.2,0.2,0.2,1.838189806771144e-18,9.69617859444563e-18,0.0,1.3821087317131035e-17,0.2
2017-03-17,0.2,0.0,0.2,0.2,0.2,1.838189806771144e-18,9.69617859444563e-18,0.0,1.3821087317131035e-17,0.2
2017-03-24,0.2,0.12228244776122557,0.07771755223877433,0.2,0.2,0.0,4.968345836862515e-19,7.843542783698255e-18,7.843542783698254e-18,0.19999999999999998
2017-03-31,0.19999999999999996,0.2,0.0,0.2,0.2,3.919315233311696e-18,6.448110190347047e-19,2.0835816243146067e-18,0.0,0.2
2017-04-07,0.19999999999999996,0.2,0.0,0.2,0.2,3.919315233311696e-18,6.448110190347047e-19,2.0835816243146067e-18,0.0,0.2
2017-04-13,0.19999999999999996,0.2,0.0,0.2,0.2,3.919315233311696e-18,6.448110190347047e-19,2.0835816243146067e-18,0.0,0.2
2017-04-21,0.181000082850898,0.0615671962480476,0.0,0.2,0.2,0.0,0.15743272090105453,0.0,0.0,0.2
2017-04-28,0.2,0.15093651005934464,0.04906348994065528,0.2,0.19999999999999998,1.855713158326041e-17,0.2,1.903098564537782e-17,0.0,0.0
2017-05-05,0.2,0.1999999999999999,6.245004513516506e-17,0.2,0.2,1.0303215374940952e-17,0.2,0.0,1.9391571075864372e-17,2.2832912054419167e-18
2017-05-12,0.2,0.1999999999999999,6.245004513516506e-17,0.2,0.2,1.0303215374940952e-17,0.2,0.0,1.9391571075864372e-17,2.2832912054419167e-18
2017-05-19,1.980391703938089e-17,1.687018580387445e-16,0.0,0.2,0.2,0.2,0.19999999999999998,4.190437818193044e-17,0.2,0.0
2017-05-26,0.19999999999999993,0.16569909470825456,0.03430090529174548,0.19999999999999984,0.2,1.5328648997153096e-16,0.2,0.0,8.169759272225992e-17,2.0072164857791093e-17
2017-06-02,9.194034422677078e-17,0.0,0.0,0.19999999999999996,0.19999999999999996,0.2,0.2,0.0,0.2,1.1360466707912553e-16
2017-06-09,0.1999999999999989,0.15610620824380253,0.0438937917561985,0.19999999999999998,0.19999999999999996,5.977688298419841e-17,0.2,6.648302495870782e-17,7.1812919389286e-20,0.0
2017-06-16,0.0,0.0,1.072987778191318e-16,0.19999999999999993,0.2,0.2,0.2,0.0,0.2,0.0
2017-06-23,0.19999999999999976,0.16240996001845423,0.037590039981546156,0.2,0.19999999999999998,0.0,0.19999999999999998,5.413445102237887e-17,0.0,2.3403734822265035e-17
2017-06-30,3.712308238590367e-16,0.0,0.0,0.2,0.19999999999999996,0.1999999999999997,0.19999999999999993,7.688850018030437e-17,0.19999999999999998,7.67185845028484e-16
2017-07-07,3.7123082385903647e-16,0.0,0.0,0.19999999999999987,0.19999999999999982,0.19999999999999957,0.1999999999999998,7.688850018030432e-17,0.19999999999999984,7.671858450284835e-16
2017-07-14,3.7123082385903647e-16,0.0,0.0,0.19999999999999987,0.19999999999999982,0.19999999999999957,0.1999999999999998,7.688850018030432e-17,0.19999999999999984,7.671858450284835e-16
2017-07-21,3.7123082385903647e-16,0.0,0.0,0.19999999999999987,0.19999999999999982,0.19999999999999957,0.1999999999999998,7.688850018030432e-17,0.19999999999999984,7.671858450284835e-16
2017-07-28,3.7123082385903647e-16,0.0,0.0,0.19999999999999987,0.19999999999999982,0.19999999999999957,0.1999999999999998,7.688850018030432e-17,0.19999999999999984,7.671858450284835e-16
2017-08-04,0.04597101941876713,4.9788556446996446e-17,0.0,0.15402898058123288,0.19999999999999998,0.2,0.2,5.221974485447274e-17,0.2,0.0
2017-08-11,0.1390609147762306,0.06093908522376918,1.0652352293004978e-16,8.644717241301832e-17,0.2,0.2,0.2,0.0,0.2,0.0
2017-08-18,0.19999999999999996,5.898059818321144e-17,0.0,1.3237748933125032e-16,0.19999999999999998,0.2,0.19999999999999998,0.0,0.2,0.0
2017-08-25,0.1999999999999999,5.898059818321143e-17,0.0,1.323774893312503e-16,0.19999999999999993,0.19999999999999996,0.19999999999999993,0.0,0.19999999999999996,0.0
2017-09-01,0.19999999999999993,5.898059818321144e-17,0.0,1.3237748933125032e-16,0.19999999999999996,0.19999999999999998,0.19999999999999996,0.0,0.19999999999999998,0.0
2017-09-08,0.19999999999999993,5.898059818321144e-17,0.0,1.3237748933125032e-16,0.19999999999999996,0.19999999999999998,0.19999999999999996,0.0,0.19999999999999998,0.0
2017-09-15,0.19999999999999993,5.898059818321144e-17,0.0,1.3237748933125032e-16,0.19999999999999996,0.19999999999999998,0.19999999999999996,0.0,0.19999999999999998,0.0
2017-09-22,0.19999999999999993,5.898059818321144e-17,0.0,1.3237748933125032e-16,0.19999999999999996,0.19999999999999998,0.19999999999999996,0.0,0.19999999999999998,0.0
2017-09-29,0.0626826202085352,0.0,5.913351022121656e-17,0.13731737979146483,0.2,0.19999999999999998,0.2,0.0,0.2,1.36997472326515e-17
2017-10-06,0.19999999999999996,0.16315532205009006,0.036844677949910164,0.19999999999999998,0.19999999999999998,0.0,0.19999999999999998,7.950098468831979e-17,0.0,1.0459781368019302e-16
2017-10-13,0.0,1.5995530794641375e-16,1.2986590765282546e-16,0.2,0.2,0.19999999999999962,0.2,1.2546893238921618e-17,0.19999999999999946,0.0
2017-10-20,0.06236332719566374,0.15917806267912213,0.0,0.19999999999999996,0.2,3.637045879625378e-18,0.2,5.864294296200444e-17,0.17845861012521408,0.0
2017-10-27,0.026576251260140103,0.0708768285262454,1.420288677941524e-16,0.2,0.2,0.10254692021361428,0.2,1.710343807839687e-17,0.2,0.0
2017-11-03,0.17776551810605545,0.11532532198513536,0.0,0.2,0.2,0.10690915990880935,0.2,0.0,0.0,9.618364205928126e-17
2017-11-10,0.14381475933278937,0.05618524066721059,0.0,1.7836913139352435e-16,0.2,0.19999999999999993,0.19999999999999993,1.6521649644201065e-17,0.19999999999999987,2.557286150094947e-16
2017-11-17,0.2,0.0,0.0,0.0,0.19999999999999998,0.2,0.19999999999999998,3.4665577511583694e-17,0.19999999999999998,0.0
2017-11-24,0.2,0.0,0.0,0.0,0.19999999999999998,0.2,0.19999999999999998,3.4665577511583694e-17,0.19999999999999998,0.0
2017-12-01,0.12381476213727521,0.07618523786272474,3.541268269031406e-17,2.002691974471704e-17,0.2,0.2,0.2,0.0,0.2,3.0248143667910314e-17
2017-12-08,0.12381476213727521,0.07618523786272474,3.541268269031406e-17,2.002691974471704e-17,0.2,0.2,0.2,0.0,0.2,3.0248143667910314e-17
2017-12-15,0.12381476213727521,0.07618523786272474,3.541268269031406e-17,2.002691974471704e-17,0.2,0.2,0.2,0.0,0.2,3.0248143667910314e-17
2017-12-22,0.13440177152761618,0.06559822847238395,2.0553988708737052e-17,0.0,0.2,0.2,0.2,0.0,0.2,0.0
2017-12-29,0.1474531054133306,0.05254689458666939,0.0,6.0606976629366655e-18,0.19999999999999998,0.2,0.2,0.0,0.2,0.0
2018-01-05,0.2,0.0,1.7384521901570697e-17,1.6470551236329012e-17,0.2,0.2,0.2,0.0,0.2,6.279050814965267e-18
2018-01-12,0.19999999999999996,0.0,1.7384521901570694e-17,1.647055123632901e-17,0.19999999999999996,0.19999999999999996,0.19999999999999996,0.0,0.19999999999999996,6.279050814965265e-18
2018-01-19,0.19183488487031422,0.008165115129685723,2.4186883715394618e-17,0.0,0.2,0.2,0.2,0.0,0.2,1.0417516124828744e-17
2018-01-26,0.19999999999999996,8.673617379884035e-19,0.0,2.4169660285497488e-17,0.2,0.2,0.2,0.0,0.2,0.0
2018-02-02,0.19999999999999996,8.673617379884035e-19,0.0,2.4169660285497488e-17,0.2,0.2,0.2,0.0,0.2,0.0
2018-02-09,0.12519612182933298,0.07480387817066703,1.59643948671921e-17,0.0,0.2,0.2,0.19999999999999998,0.0,0.2,2.854114006802396e-17
2018-02-16,0.1508537803064288,0.04914621969357107,9.222185109349145e-18,0.0,0.2,0.2,0.2,0.0,0.2,2.2832912054419167e-18
2018-02-23,0.19297899849040118,0.007021001509598796,4.683392235037972e-17,0.0,0.2,0.2,0.2,0.0,0.2,0.0
2018-03-02,0.15387542788453662,0.04612457211546336,0.0,1.8947065461694745e-18,0.19999999999999998,0.2,0.2,0.0,0.2,0.0
2018-03-09,0.2,0.0,0.0,0.0,0.19999999999999998,0.2,0.19999999999999998,2.940127880402425e-17,0.2,1.0851097868193131e-17
2018-03-16,0.2,0.0,0.0,0.0,0.19999999999999998,0.2,0.19999999999999998,2.940127880402425e-17,0.2,1.0851097868193131e-17
2018-03-23,0.0,4.788191274606078e-17,3.449897771812232e-17,0.19999999999999996,0.2,0.2,0.2,5.812866437024542e-18,0.2,0.0
2018-03-29,0.0,4.788191274606077e-17,3.4498977718122313e-17,0.1999999999999999,0.19999999999999996,0.19999999999999996,0.19999999999999996,5.81286643702454e-18,0.19999999999999996,0.0
2018-04-06,0.0,4.788191274606078e-17,3.449897771812232e-17,0.19999999999999996,0.2,0.2,0.2,5.812866437024542e-18,0.2,0.0
2018-04-13,0.04615481118082149,1.939997728686145e-17,0.0,0.15384518881917844,0.2,0.2,0.2,2.7481291750896353e-17,0.19999999999999998,3.424936808162875e-18
2018-04-20,0.15733052411637632,0.04266947588362344,3.444844478644854e-17,0.0,0.2,0.2,0.2,0.0,0.2,0.0
2018-04-27,0.2,0.0,0.0,4.696501341261993e-18,0.2,0.2,0.19999999999999998,2.3578654890471604e-18,0.2,0.0
2018-05-04,0.1446992468913369,2.4859197133365667e-17,7.9464932689637e-17,0.2,0.2,0.2,0.2,0.0,0.05530075310866272,2.612060783317043e-17
2018-05-11,0.2,0.008941913129273553,0.19105808687072667,0.2,0.2,0.0,0.19999999999999998,0.0,0.0,0.0
2018-05-18,0.2,0.14819773206036982,0.05180226793963014,0.2,0.2,0.0,0.2,4.270914823713686e-19,0.0,8.219575114748823e-17
2018-05-25,0.2,0.1999999999999997,2.6020852139652106e-16,0.2,0.2,0.0,0.2,0.0,2.3049602596346173e-18,1.1073962354322363e-16
2018-06-01,0.2,0.1999999999999997,2.6020852139652106e-16,0.2,0.2,0.0,0.2,0.0,2.3049602596346173e-18,1.1073962354322363e-16
2018-06-08,0.2,0.1999999999999997,2.6020852139652106e-16,0.2,0.2,0.0,0.2,0.0,2.3049602596346173e-18,1.1073962354322363e-16
2018-06-15,0.2,0.1999999999999997,2.6020852139652106e-16,0.2,0.2,0.0,0.2,0.0,2.3049602596346173e-18,1.1073962354322363e-16
2018-06-22,0.2,0.1999999999999997,2.6020852139652106e-16,0.2,0.2,0.0,0.2,0.0,2.3049602596346173e-18,1.1073962354322363e-16
2018-06-29,0.19999999999999998,0.19301510855189255,0.006984891448107506,0.2,0.2,0.0,0.2,0.0,0.0,0.0
2018-07-06,0.19999999999999984,0.19999999999999993,1.973247953923618e-16,0.2,0.2,2.0050485264159796e-17,0.2,0.0,1.6868457681052117e-17,3.8245127691152104e-17
2018-07-13,0.19999999999999984,0.19999999999999993,1.973247953923618e-16,0.2,0.2,2.0050485264159796e-17,0.2,0.0,1.6868457681052117e-17,3.8245127691152104e-17
2018-07-20,0.19999999999999984,0.19999999999999993,1.973247953923618e-16,0.2,0.2,2.0050485264159796e-17,0.2,0.0,1.6868457681052117e-17,3.8245127691152104e-17
2018-07-27,0.19999999999999984,0.19999999999999993,1.973247953923618e-16,0.2,0.2,2.0050485264159796e-17,0.2,0.0,1.6868457681052117e-17,3.8245127691152104e-17
2018-08-03,0.19999999999999984,0.19999999999999993,1.973247953923618e-16,0.2,0.2,2.0050485264159796e-17,0.2,0.0,1.6868457681052117e-17,3.8245127691152104e-17
2018-08-10,0.19999999999999984,0.19999999999999993,1.973247953923618e-16,0.2,0.2,2.0050485264159796e-17,0.2,0.0,1.6868457681052117e-17,3.8245127691152104e-17
2018-08-17,0.19999999999999984,0.19999999999999993,1.973247953923618e-16,0.2,0.2,2.0050485264159796e-17,0.2,0.0,1.6868457681052117e-17,3.8245127691152104e-17
2018-08-24,0.19999999999999984,0.19999999999999993,1.973247953923618e-16,0.2,0.2,2.0050485264159796e-17,0.2,0.0,1.6868457681052117e-17,3.8245127691152104e-17
2018-08-31,0.19999999999999984,0.19999999999999993,1.973247953923618e-16,0.2,0.2,2.0050485264159796e-17,0.2,0.0,1.6868457681052117e-17,3.8245127691152104e-17
2018-09-07,0.19999999999999984,0.19999999999999993,1.973247953923618e-16,0.2,0.2,2.0050485264159796e-17,0.2,0.0,1.6868457681052117e-17,3.8245127691152104e-17
2018-09-14,0.19999999999999984,0.19999999999999993,1.973247953923618e-16,0.2,0.2,2.0050485264159796e-17,0.2,0.0,1.6868457681052117e-17,3.8245127691152104e-17
2018-09-21,0.19999999999999984,0.19999999999999993,1.973247953923618e-16,0.2,0.2,2.0050485264159796e-17,0.2,0.0,1.6868457681052117e-17,3.8245127691152104e-17
2018-09-28,0.2,0.19999999999999976,0.2,0.0,0.2,4.980409524978865e-17,0.19999999999999996,4.9804095249788676e-17,0.0,0.0
2018-10-05,0.2,0.19999999999999976,0.2,0.0,0.2,4.980409524978865e-17,0.19999999999999996,4.9804095249788676e-17,0.0,0.0
2018-10-12,0.2,0.19999999999999976,0.2,0.0,0.2,4.980409524978865e-17,0.19999999999999996,4.9804095249788676e-17,0.0,0.0
2018-10-19,0.2,0.19999999999999976,0.2,0.0,0.2,4.980409524978865e-17,0.19999999999999996,4.9804095249788676e-17,0.0,0.0
2018-10-26,0.2,0.19999999999999976,0.2,0.0,0.2,4.980409524978865e-17,0.19999999999999996,4.9804095249788676e-17,0.0,0.0
2018-11-02,0.2,0.19999999999999976,0.2,0.0,0.2,4.980409524978865e-17,0.19999999999999996,4.9804095249788676e-17,0.0,0.0
2018-11-09,0.2,0.19999999999999976,0.2,0.0,0.2,4.980409524978865e-17,0.19999999999999996,4.9804095249788676e-17,0.0,0.0
2018-11-16,0.19999999999999998,0.2,0.19999999999999993,1.688413151552773e-17,0.2,0.0,0.0,1.688413151552773e-17,6.586261359968078e-17,0.19999999999999996
2018-11-23,0.19999999999999998,0.2,0.19999999999999993,1.688413151552773e-17,0.2,0.0,0.0,1.688413151552773e-17,6.586261359968078e-17,0.19999999999999996
2018-11-30,0.2,0.19999999999999998,0.2,0.0,0.2,1.7274166328204203e-17,0.2,0.0,0.0,0.0
2018-12-07,0.2,0.19999999999999998,0.2,0.0,0.2,1.7274166328204203e-17,0.2,0.0,0.0,0.0
2018-12-14,0.2,0.19999999999999998,0.2,0.0,0.2,1.7274166328204203e-17,0.2,0.0,0.0,0.0
2018-12-21,0.1720435724955663,0.049775283718003674,0.11708470771709971,2.9491898479998423e-17,0.19999999999999996,2.241747930453051e-17,0.2,0.2,0.0,0.0610964360693303
2018-12-28,0.1999999999999999,0.14732941730128532,0.05267058269871466,0.0,0.2,1.41741093926293e-17,0.19999999999999998,0.2,4.3302773918908606e-17,8.36228082391718e-17
2019-01-04,0.18575787655862358,0.19999999999999996,0.01424212344137669,4.534613039820751e-17,0.19999999999999998,4.580128713158129e-18,0.2,0.19999999999999998,0.0,0.0
2019-01-11,0.19999999999999982,0.12260303995867282,0.07739696004132723,1.8018498417623226e-17,0.2,0.0,0.2,0.2,2.2022067095065706e-17,0.0
2019-01-18,0.2,0.1660142716400272,0.1255658824575558,1.0321604682062002e-16,0.2,0.0,0.2,0.10841984590241681,0.0,5.080322932108265e-17
2019-01-25,0.19387776656580238,0.17519157234931587,2.316136963603191e-16,0.03093066108488142,0.2,0.0,0.2,0.19999999999999998,0.0,9.907889726532325e-17
2019-02-01,0.19999999999999996,0.0,3.638483973820147e-18,0.2,0.2,2.7919170186815637e-17,0.2,0.2,0.0,0.0
2019-02-08,0.2,0.173634668019896,0.026365331980103816,0.2,0.2,0.0,0.2,5.3471189670265045e-17,5.841758444977011e-17,3.2664030343071477e-18
2019-02-15,0.2,0.2,0.0,0.19999999999999998,0.2,0.0,0.2,0.0,2.581992278547201e-17,0.0
2019-02-22,0.2,0.2,0.0,0.19999999999999998,0.2,0.0,0.2,0.0,2.581992278547201e-17,0.0
2019-03-01,0.2,0.2,0.0,0.19999999999999998,0.2,0.0,0.2,0.0,2.581992278547201e-17,0.0
2019-03-08,0.2,0.19999999999999998,0.1999999999999999,0.0,0.2,0.0,0.2,1.1876003469093212e-17,0.0,4.3382532903396413e-17
2019-03-15,0.2,0.2,0.19999999999999993,0.0,0.2,0.0,0.2,1.1876003469093214e-17,0.0,4.338253290339642e-17
2019-03-22,0.2,0.2,0.19999999999999993,0.0,0.2,0.0,0.2,1.1876003469093214e-17,0.0,4.338253290339642e-17
2019-03-29,0.2,0.2,0.19999999999999993,0.0,0.2,0.0,0.2,1.1876003469093214e-17,0.0,4.338253290339642e-17
2019-04-05,0.2,0.2,0.19999999999999993,0.0,0.2,0.0,0.2,1.1876003469093214e-17,0.0,4.338253290339642e-17
2019-04-12,0.2,0.2,0.19999999999999993,0.0,0.2,0.0,0.2,1.1876003469093214e-17,0.0,4.338253290339642e-17
2019-04-18,0.2,0.2,0.19999999999999993,0.0,0.2,0.0,0.2,1.1876003469093214e-17,0.0,4.338253290339642e-17
2019-04-26,0.2,0.2,0.19999999999999993,0.0,0.2,0.0,0.2,1.1876003469093214e-17,0.0,4.338253290339642e-17
2019-05-03,0.2,0.2,0.19999999999999993,0.0,0.2,0.0,0.2,1.1876003469093214e-17,0.0,4.338253290339642e-17
2019-05-10,0.2,0.2,0.19999999999999993,0.0,0.2,0.0,0.2,1.1876003469093214e-17,0.0,4.338253290339642e-17
2019-05-17,0.2,0.2,0.19999999999999993,0.0,0.2,0.0,0.2,1.1876003469093214e-17,0.0,4.338253290339642e-17
2019-05-24,0.2,0.2,0.19999999999999993,0.0,0.2,0.0,0.2,1.1876003469093214e-17,0.0,4.338253290339642e-17
2019-05-31,0.2,0.2,0.19999999999999993,0.0,0.2,0.0,0.2,1.1876003469093214e-17,0.0,4.338253290339642e-17
2019-06-07,0.2,0.2,0.2,0.0,0.0,0.0,0.2,0.0,2.4736277937674432e-18,0.2
2019-06-14,0.2,0.2,0.2,0.0,0.0,0.0,0.2,0.0,2.4736277937674432e-18,0.2
2019-06-21,0.2,0.2,0.19999999999999976,0.0,0.0,0.0,0.19999999999999982,0.2,6.751670076088912e-19,1.2533377113932431e-16
2019-06-28,0.19999999999999976,0.19999999999999965,3.122502256758253e-17,5.223820488293727e-18,0.2,7.338123040542219e-18,0.2,0.2,1.1784001380396407e-17,1.3699747242460656e-17
2019-07-05,0.2,0.2,0.016991416211027763,0.0,0.2,0.0,0.2,0.18300858378897214,1.2849223315067357e-17,1.6553861239453898e-17
2019-07-12,0.2,0.19999999999999976,7.32920668600201e-17,0.0,0.2,3.36371425908616e-18,0.19999999999999993,0.2,1.739017699294804e-17,1.30145951369145e-16
2019-07-19,0.19999999999999998,0.2,0.1529744984384493,5.978725245356282e-18,0.04702550156155057,0.0,0.2,0.2,3.875530595221422e-17,4.578393184784462e-17
2019-07-26,0.2,0.18912219540405148,0.1923745836551028,0.0,0.018503220940845763,0.0,0.2,0.2,5.622819227017372e-18,2.5121668064056166e-17
2019-08-02,0.19999999999999996,0.18773114309997482,0.012268856900024973,1.0206442228946739e-16,0.2,2.912699493929156e-17,0.2,0.2,3.19638277178711e-18,5.708228013604792e-18
2019-08-09,0.19999999999999982,0.2,0.2,7.759104875399385e-17,0.0,2.1580603172608064e-17,0.2,0.19999999999999998,8.641515526391128e-18,9.37315929779242e-17
2019-08-16,0.16485686387056728,0.19999999999999976,0.03514313612943276,4.8619343438876793e-17,0.2,0.0,0.2,0.2,1.765654185739096e-17,1.572822356382304e-17
2019-08-23,0.1999999999999999,0.19731729698633255,0.002682703013667598,0.0,0.19999999999999998,4.775057248178644e-18,0.2,0.2,0.0,0.0
2019-08-30,0.19999999999999996,0.2,0.2,0.0,0.0,1.3471751730258598e-17,0.2,0.2,2.1637771527364665e-17,3.360536271963193e-17
2019-09-06,0.2,0.13794773496874116,0.062052265031257645,0.0,0.2,3.721836899930234e-17,0.2,0.2,0.0,4.2951683613116744e-17
2019-09-13,0.2,0.16736877495275065,0.03263122504724925,0.0,0.2,2.13652494411868e-17,0.19999999999999998,0.19999999999999998,1.5660632928576067e-17,7.420696417686229e-18
2019-09-20,0.2,0.1302604230526043,0.0697395769473957,7.754522496116776e-18,0.19999999999999998,0.0,0.2,0.2,0.0,0.0
2019-09-27,0.2,0.2,0.19999999999999984,0.0,0.0,0.0,0.2,0.2,0.0,4.87890977618477e-18
2019-10-04,0.15324432876569238,0.159735638088811,0.10460971699047948,0.0,0.18241031615501702,3.527769198378586e-17,0.2,0.2,0.0,5.137405212244312e-18
2019-10-11,0.2,0.2,0.0,4.0602196858941447e-16,0.2,2.716386050994603e-18,0.2,0.19999999999999998,0.0,5.501031530498684e-17
2019-10-18,0.19999999999999993,0.19999999999999993,0.0,4.060219685894143e-16,0.19999999999999993,2.716386050994602e-18,0.19999999999999993,0.1999999999999999,0.0,5.501031530498681e-17
2019-10-25,0.19999999999999993,0.19999999999999993,0.0,4.060219685894143e-16,0.19999999999999993,2.716386050994602e-18,0.19999999999999993,0.1999999999999999,0.0,5.501031530498681e-17
2019-11-01,0.19999999999999993,0.19999999999999993,0.0,4.060219685894143e-16,0.19999999999999993,2.716386050994602e-18,0.19999999999999993,0.1999999999999999,0.0,5.501031530498681e-17
2019-11-08,0.19999999999999993,0.19999999999999993,0.0,4.060219685894143e-16,0.19999999999999993,2.716386050994602e-18,0.19999999999999993,0.1999999999999999,0.0,5.501031530498681e-17
2019-11-15,0.19999999999999993,0.19999999999999993,0.0,4.060219685894143e-16,0.19999999999999993,2.716386050994602e-18,0.19999999999999993,0.1999999999999999,0.0,5.501031530498681e-17
2019-11-22,0.19999999999999993,0.19999999999999993,0.0,4.060219685894143e-16,0.19999999999999993,2.716386050994602e-18,0.19999999999999993,0.1999999999999999,0.0,5.501031530498681e-17
2019-11-29,0.19999999999999993,0.19999999999999993,0.0,4.060219685894143e-16,0.19999999999999993,2.716386050994602e-18,0.19999999999999993,0.1999999999999999,0.0,5.501031530498681e-17
2019-12-06,0.2,0.2,0.07951099793536824,0.0,0.2,6.249310469019584e-18,0.2,0.12048900206463174,1.469341638694513e-17,0.0
2019-12-13,0.19999999999999998,0.2,0.2,2.7755575615628914e-17,0.2,0.0,0.2,0.0,1.1249812227339634e-17,0.0
2019-12-20,0.19999999999999998,0.2,0.2,2.7755575615628914e-17,0.2,0.0,0.2,0.0,1.1249812227339634e-17,0.0
2019-12-27,0.19999999999999998,0.2,0.2,2.7755575615628914e-17,0.2,0.0,0.2,0.0,1.1249812227339634e-17,0.0
2020-01-03,0.19999999999999998,0.2,0.2,2.7755575615628914e-17,0.2,0.0,0.2,0.0,1.1249812227339634e-17,0.0
2020-01-10,0.19999999999999998,0.2,0.2,2.7755575615628914e-17,0.2,0.0,0.2,0.0,1.1249812227339634e-17,0.0
2020-01-17,0.19999999999999998,0.2,0.2,2.7755575615628914e-17,0.2,0.0,0.2,0.0,1.1249812227339634e-17,0.0
2020-01-24,0.19999999999999998,0.2,0.2,2.7755575615628914e-17,0.2,0.0,0.2,0.0,1.1249812227339634e-17,0.0
2020-01-31,0.19999999999999998,0.2,0.2,2.7755575615628914e-17,0.2,0.0,0.2,0.0,1.1249812227339634e-17,0.0
2020-02-07,0.19999999999999998,0.2,0.2,2.7755575615628914e-17,0.2,0.0,0.2,0.0,1.1249812227339634e-17,0.0
2020-02-14,0.19999999999999998,0.2,0.2,2.7755575615628914e-17,0.2,0.0,0.2,0.0,1.1249812227339634e-17,0.0
2020-02-21,0.1999999999999999,0.19999999999999982,4.996003610813204e-16,0.0,0.2,0.0,0.2,0.2,0.0,0.0
2020-02-28,0.2,0.0,0.1999999999999999,4.9749336724531935e-17,0.2,4.157557940753843e-17,0.19999999999999998,0.19999999999999998,3.3703144571746494e-17,0.0
2020-03-06,0.2,0.10563203383971166,0.09436796616028825,0.0,0.2,4.0699822491558666e-17,0.2,0.2,0.0,1.2840780819791782e-17
2020-03-13,0.2,0.1999999999999998,0.0,6.30671364236118e-17,0.19999999999999996,6.219977468562335e-17,0.2,0.2,0.0,1.541768048343436e-17
2020-03-20,0.2,0.1999999999999998,0.0,6.30671364236118e-17,0.19999999999999996,6.219977468562335e-17,0.2,0.2,0.0,1.541768048343436e-17
2020-03-27,0.19334237072802615,0.2,0.006657629271973734,4.1341448332354297e-17,0.2,3.093310747649348e-17,0.2,0.2,0.0,1.3225769849003781e-17
2020-04-03,0.2,0.2,0.0,0.0,0.19999999999999998,0.0,0.2,0.2,4.9559566317096363e-17,0.0
2020-04-09,0.2,0.2,0.0,0.0,0.19999999999999998,0.0,0.2,0.2,4.9559566317096363e-17,0.0
2020-04-17,0.2,0.2,0.0,0.0,0.19999999999999998,0.0,0.2,0.2,4.9559566317096363e-17,0.0
2020-04-24,0.2,0.2,0.0,0.0,0.19999999999999998,0.0,0.2,0.2,4.9559566317096363e-17,0.0
2020-05-01,0.19999999999999998,0.1721837021435157,0.027816297856484356,0.0,0.2,0.0,0.2,0.19999999999999993,0.0,1.011756093759487e-16
2020-05-08,0.2,0.1999999999999998,6.938893903907228e-18,0.0,0.2,0.0,0.2,0.19999999999999998,0.0,7.877627872826618e-17
2020-05-15,0.2,0.1999999999999998,6.938893903907228e-18,0.0,0.2,0.0,0.2,0.19999999999999998,0.0,7.877627872826618e-17
2020-05-22,0.2,0.1999999999999998,6.938893903907228e-18,0.0,0.2,0.0,0.2,0.19999999999999998,0.0,7.877627872826618e-17
2020-05-29,0.2,0.1999999999999998,6.938893903907228e-18,0.0,0.2,0.0,0.2,0.19999999999999998,0.0,7.877627872826618e-17
2020-06-05,0.2,0.1999999999999998,6.938893903907228e-18,0.0,0.2,0.0,0.2,0.19999999999999998,0.0,7.877627872826618e-17
2020-06-12,0.2,0.1999999999999998,6.938893903907228e-18,0.0,0.2,0.0,0.2,0.19999999999999998,0.0,7.877627872826618e-17
2020-06-19,0.2,0.1999999999999998,6.938893903907228e-18,0.0,0.2,0.0,0.2,0.19999999999999998,0.0,7.877627872826618e-17
2020-06-26,0.2,0.1999999999999998,6.938893903907228e-18,0.0,0.2,0.0,0.2,0.19999999999999998,0.0,7.877627872826618e-17
2020-07-02,0.2,0.1999999999999998,6.938893903907228e-18,0.0,0.2,0.0,0.2,0.19999999999999998,0.0,7.877627872826618e-17
2020-07-10,0.2,0.1999999999999998,6.938893903907228e-18,0.0,0.2,0.0,0.2,0.19999999999999998,0.0,7.877627872826618e-17
2020-07-17,0.2,0.1999999999999998,6.938893903907228e-18,0.0,0.2,0.0,0.2,0.19999999999999998,0.0,7.877627872826618e-17
2020-07-24,0.2,0.1999999999999998,6.938893903907228e-18,0.0,0.2,0.0,0.2,0.19999999999999998,0.0,7.877627872826618e-17
2020-07-31,0.2,0.1999999999999998,6.938893903907228e-18,0.0,0.2,0.0,0.2,0.19999999999999998,0.0,7.877627872826618e-17
2020-08-07,0.2,0.1999999999999998,6.938893903907228e-18,0.0,0.2,0.0,0.2,0.19999999999999998,0.0,7.877627872826618e-17
2020-08-14,0.2,0.1999999999999998,6.938893903907228e-18,0.0,0.2,0.0,0.2,0.19999999999999998,0.0,7.877627872826618e-17
2020-08-21,0.2,0.1999999999999998,6.938893903907228e-18,0.0,0.2,0.0,0.2,0.19999999999999998,0.0,7.877627872826618e-17
2020-08-28,0.2,0.1999999999999998,6.938893903907228e-18,0.0,0.2,0.0,0.2,0.19999999999999998,0.0,7.877627872826618e-17
2020-09-04,0.2,0.1999999999999998,6.938893903907228e-18,0.0,0.2,0.0,0.2,0.19999999999999998,0.0,7.877627872826618e-17
2020-09-11,0.2,0.1999999999999998,6.938893903907228e-18,0.0,0.2,0.0,0.2,0.19999999999999998,0.0,7.877627872826618e-17
2020-09-18,0.18279814075456327,0.19949181262940957,0.0,0.017710046616027316,0.19999999999999996,0.0,0.2,0.2,0.0,0.0
2020-09-25,0.19999999999999973,0.2,1.6425662913155392e-16,0.0,0.2,2.0925096275408766e-17,0.2,0.19999999999999996,0.0,2.933285459898334e-17
2020-10-02,0.10888073812558424,0.09111926187441574,1.789573453289826e-16,0.2,0.2,0.0,0.19999999999999998,0.19999999999999998,2.0000838400268947e-18,0.0
2020-10-09,0.11349792675106919,0.0865020732489308,0.0,0.2,0.2,0.0,0.2,0.19999999999999996,2.625203850139349e-17,1.3687373754209474e-17
2020-10-16,0.10179231285342191,0.09820768714657782,2.1422359831402996e-16,0.1999999999999999,0.2,6.850682633197824e-17,0.2,0.2,0.0,7.899853512118249e-17
2020-10-23,0.10899046818102692,0.09100953181897327,0.0,0.2,0.2,0.0,0.19999999999999996,0.2,0.0,0.0
2020-10-30,0.07001464318091769,0.12998535681908222,2.3718312276296266e-16,0.19999999999999998,0.2,1.2607300301169486e-18,0.2,0.2,0.0,0.0
2020-11-06,0.08698522244477443,0.11301477755522546,6.513509960023882e-17,0.2,0.2,6.026900053671485e-17,0.2,0.2,0.0,0.0
2020-11-13,0.10175343472281415,0.0982465652771858,0.0,0.19999999999999996,0.2,2.4007670950281098e-17,0.19999999999999996,0.2,1.0069941789628738e-16,1.5768979858426542e-16
2020-11-20,0.09768040593972725,0.10231959406027252,9.935825578468386e-17,0.2,0.2,2.0375994639677228e-17,0.2,0.2,5.507046415921328e-17,1.0619201263249199e-17
2020-11-27,0.09502319777691791,0.10497680222308178,9.396025040628837e-17,0.2,0.2,5.4435444199259925e-17,0.2,0.19999999999999996,0.0,3.106067794240346e-17
2020-12-04,0.0919832471689251,0.10801675283107487,9.51735803606322e-17,0.19999999999999998,0.19999999999999998,2.92540882735136e-17,0.19999999999999993,0.19999999999999998,0.0,2.3001086917450007e-17
2020-12-11,0.09198324716892511,0.10801675283107488,9.517358036063221e-17,0.2,0.2,2.925408827351361e-17,0.19999999999999996,0.2,0.0,2.300108691745001e-17
2020-12-18,0.09198324716892511,0.10801675283107488,9.517358036063221e-17,0.2,0.2,2.925408827351361e-17,0.19999999999999996,0.2,0.0,2.300108691745001e-17
2020-12-24,0.10399123953928682,0.0960087604607134,1.2100233214816939e-16,0.19999999999999976,0.2,0.0,0.2,0.2,4.467449920518991e-17,0.0
2020-12-31,0.10260822898287604,0.0973917710171239,0.0,0.2,0.2,1.0411377759897534e-16,0.2,0.2,0.0,0.0
2021-01-08,0.09253029257987334,0.1074697074201266,3.5348400051326214e-18,0.19999999999999996,0.2,0.0,0.2,0.2,2.0645254296263837e-17,0.0
2021-01-15,0.10984414105894769,0.09015585894105228,3.1978693353314063e-17,0.2,0.19999999999999996,0.0,0.2,0.19999999999999976,1.983562902147639e-17,3.725165259296635e-17
2021-01-22,0.10374364946571242,0.09625635053428729,0.0,0.2,0.2,7.152439536987732e-18,0.2,0.2,2.1030227619152117e-17,2.3543708161685638e-17
2021-01-29,0.07638921962608755,0.12361078037391239,2.225805561773692e-16,0.2,0.19999999999999998,2.270674728314712e-18,0.2,0.1999999999999998,0.0,2.040691514863713e-17
2021-02-05,0.17465425206038665,0.12506631360641232,0.0,0.19999999999999946,0.19999999999999996,0.0,0.19999999999999993,0.10027943433320184,0.0,2.031885749024776e-17
2021-02-12,0.1892568006633906,0.16255112096789542,6.44411155191339e-16,0.19999999999999996,0.19999999999999998,1.6675748196087722e-17,0.19999999999999996,0.04819207836871341,0.0,6.601699484328011e-17
2021-02-19,0.2,0.2,0.0,0.2,0.2,0.0,0.2,1.1560161180324331e-16,3.180390788431611e-16,1.1415909546790075e-16
2021-02-26,0.19999999999999987,0.19999999999999987,0.0,0.19999999999999987,0.19999999999999987,0.0,0.19999999999999987,1.1560161180324324e-16,3.180390788431609e-16,1.1415909546790067e-16
2021-03-05,0.19999999999999987,0.19999999999999987,0.0,0.19999999999999987,0.19999999999999987,0.0,0.19999999999999987,1.1560161180324324e-16,3.180390788431609e-16,1.1415909546790067e-16
2021-03-12,0.1999999999999996,0.046974059477002915,6.5789886993104875e-18,0.19999999999999998,0.2,0.15302594052299748,0.2,0.0,0.0,1.1043649398620525e-16
2021-03-19,0.0,9.686512235600792e-17,0.0,0.2,0.2,0.19999999999999993,0.2,3.7823427556341515e-17,0.2,9.25833120974471e-17
2021-03-26,0.2,0.07441767674049123,0.12558232325950866,0.2,0.2,0.0,0.2,0.0,1.462414829342636e-16,0.0
2021-04-01,0.2,0.2,8.153200337090993e-17,0.2,0.2,0.0,0.2,0.0,0.0,9.190793601941534e-17
2021-04-09,0.1999999999999964,0.11566815700824269,1.9709908865853544e-17,0.1999999999999999,0.19999999999999998,0.08433184299176118,0.19999999999999996,3.829983868081947e-17,0.0,0.0
2021-04-16,6.800116025829084e-16,0.0,0.0,0.2,0.2,0.2,0.2,0.0,0.19999999999999918,7.348765206708739e-17
2021-04-23,0.15393804344543977,0.0460619565545605,0.0,0.19999999999999984,0.2,0.19999999999999984,0.2,0.0,1.0923406938375564e-16,0.0
2021-04-30,0.19298354356276007,0.2,0.0,0.19999999999999998,0.2,0.00701645643723978,0.2,0.0,0.0,3.160931258446506e-17
2021-05-07,1.5178830414797062e-16,0.0,5.601881559012875e-17,0.2,0.2,0.1999999999999999,0.1999999999999996,0.0,0.0,0.2
2021-05-14,0.0,0.0,1.7269655576339413e-17,0.2,0.19999999999999998,0.2,2.7755575615628914e-17,5.344100966083258e-17,0.19999999999999998,0.2
2021-05-21,0.0,0.0,1.7269655576339413e-17,0.2,0.19999999999999998,0.2,2.7755575615628914e-17,5.344100966083258e-17,0.19999999999999998,0.2
2021-05-28,0.0,1.7799821330384972e-16,2.442701193348054e-16,0.2,0.2,0.2,0.19999999999999998,3.8788140374220366e-18,0.0,0.19999999999999998
2021-06-04,0.05834898266020676,0.14165101733979316,5.087224667537938e-17,0.2,0.2,2.2095345847472802e-18,0.19999999999999998,0.0,0.0,0.2
2021-06-11,0.022186971893856683,0.05713295487105685,0.0,0.19999999999999998,0.19999999999999998,0.1206800732350865,0.19999999999999998,1.357343756640781e-16,0.0,0.19999999999999996
2021-06-18,0.1395807475364255,0.06041925246357465,0.0,0.19999999999999996,0.2,3.1667342765369076e-17,0.19999999999999998,6.620822195582752e-17,0.0,0.19999999999999998
2021-06-25,0.19039967319814413,0.009600326801855737,9.685578478599242e-17,0.19999999999999996,0.2,0.0,0.2,6.857096618313869e-17,4.828352745864182e-17,0.19999999999999996
2021-07-02,0.1999999999999998,0.0,9.212438811935585e-17,0.19999999999999998,0.2,6.0883699863231055e-18,0.2,7.211655957710905e-17,5.388214320515485e-18,0.19999999999999996
2021-07-09,0.2,0.19999999999999948,0.2,0.2,1.6503361566376855e-16,0.0,0.0,6.517888511857123e-17,0.0,0.19999999999999996
2021-07-16,0.2,0.19999999999999968,1.5490087540348226e-16,0.2,0.2,0.0,0.2,9.760448614598061e-17,2.8921635374653523e-17,0.0
2021-07-23,0.2,0.19999999999999968,1.5490087540348226e-16,0.2,0.2,0.0,0.2,9.760448614598061e-17,2.8921635374653523e-17,0.0
2021-07-30,0.17657999105850386,0.023420008941495967,5.9232230580287974e-18,0.2,0.2,0.0,0.19999999999999998,4.564177178318347e-17,6.24377422561029e-17,0.2
2021-08-06,0.19999999999999934,1.6306400674181987e-16,5.235328479638018e-16,0.2,0.19999999999999998,0.0,0.2,0.0,4.4168477777423264e-18,0.2
2021-08-13,0.19999999999999934,1.6306400674181987e-16,5.235328479638018e-16,0.2,0.19999999999999998,0.0,0.2,0.0,4.4168477777423264e-18,0.2
2021-08-20,0.2,0.2,0.053201226362518145,0.19999999999999996,0.1467987736374819,0.0,0.0,1.0383206266144151e-16,0.0,0.2
2021-08-27,0.2,0.1999999999999999,0.2,0.2,0.0,1.8565911098676284e-17,4.0363573056277817e-17,0.0,1.1346703539244986e-17,0.2
2021-09-03,0.19999999999999885,0.08389595446828182,0.0,0.2,0.2,3.555399383895872e-17,0.11610404553171905,1.0593652557225879e-16,0.0,0.2
2021-09-10,0.17835015211436916,0.02164984788563152,1.0981465067727459e-16,0.1999999999999999,0.2,0.0,0.19999999999999948,0.0,0.0,0.2
2021-09-17,0.19999999999999998,0.1707374231964668,0.029262576803532715,0.19999999999999998,0.2,5.3796045935570856e-17,0.2,0.0,0.0,5.711054809500635e-16
2021-09-24,0.07788508737189254,0.1363247713295195,4.5647779823702744e-17,0.2,0.2,1.2335668074085618e-17,0.19999999999999993,0.0,1.1088964555301797e-16,0.1857901412985878
2021-10-01,0.2,0.1999999999999997,0.19999999999999982,0.2,5.551115123125783e-17,1.6641804726739516e-17,1.5815441855903446e-16,2.324245331060747e-17,1.4029467382296727e-17,0.2
2021-10-08,0.2,0.1999999999999991,0.0,0.19999999999999996,0.2,3.33970147004792e-17,0.0,1.3126226303109954e-16,0.0,0.2
2021-10-15,0.19999999999999998,0.19999999999999982,0.2,0.2,0.0,0.0,1.7517576681917303e-18,6.625103236716682e-17,0.0,0.2
2021-10-22,0.19999999999999998,0.19999999999999982,0.2,0.2,0.0,0.0,1.7517576681917303e-18,6.625103236716682e-17,0.0,0.2
2021-10-29,0.19999999999999957,0.19999999999999998,0.029457937386714178,0.2,0.17054206261328622,4.3037838755113994e-17,3.2629497899253065e-17,0.0,1.1812816187531457e-17,0.19999999999999998
2021-11-05,0.2,0.19999999999999987,0.0,0.19999999999999996,0.2,0.0,2.7365696766244095e-16,2.5630973290267283e-16,0.0,0.19999999999999943
2021-11-12,0.2,0.2,0.0,0.19999999999999996,0.19999999999999996,1.5367777299369225e-17,0.1999999999999996,0.0,0.0,6.641036828768241e-17
2021-11-19,0.2,0.2,0.0,0.2,0.2,1.536777729936923e-17,0.19999999999999965,0.0,0.0,6.641036828768243e-17
2021-11-26,0.1999999999999998,0.1999999999999999,0.19999999999999996,1.5265566588595902e-16,0.19999999999999996,1.6457031932999246e-17,0.2,0.0,0.0,5.337466453529459e-17
2021-12-03,0.19999999999999982,0.19999999999999993,0.19999999999999998,1.5265566588595905e-16,0.19999999999999998,1.645703193299925e-17,0.2,0.0,0.0,5.33746645352946e-17
2021-12-10,0.19999999999999984,0.19999999999999996,0.2,1.5265566588595907e-16,0.2,1.6457031932999252e-17,0.2,0.0,0.0,5.3374664535294604e-17
2021-12-17,0.19999999999999998,0.2,0.2,1.117279994275418e-17,0.2,6.995333276821576e-17,0.17994408481211027,1.102287810682222e-17,0.0,0.02005591518788949
2021-12-23,0.2,0.2,0.19999999999999976,2.85934550606556e-17,0.2,0.0,0.19999999999999998,1.5888303040457612e-17,0.0,4.85722573273506e-17
2021-12-31,0.2,0.2,0.1999999999999998,2.859345506065561e-17,0.2,0.0,0.2,1.5888303040457615e-17,0.0,4.8572257327350605e-17
2022-01-07,0.19999999999999998,0.19999999999999996,0.2,1.007874339542525e-15,0.19999999999999898,0.0,2.1343762905179886e-16,2.771573789477751e-17,0.0,0.1999999999999997
2022-01-14,0.19999999999999998,0.19999999999999996,0.2,1.007874339542525e-15,0.19999999999999898,0.0,2.1343762905179886e-16,2.771573789477751e-17,0.0,0.1999999999999997
2022-01-21,0.2,0.2,0.2,0.19999999999999996,2.7755575615628914e-17,0.0,0.0,0.0,4.3885418357208756e-18,0.2
2022-01-28,0.2,0.2,0.2,0.19999999999999996,2.7755575615628914e-17,0.0,0.0,0.0,4.3885418357208756e-18,0.2
2022-02-04,0.2,0.2,0.2,0.19999999999999996,2.7755575615628914e-17,0.0,0.0,0.0,4.3885418357208756e-18,0.2
2022-02-11,0.2,0.2,0.2,0.19999999999999996,2.7755575615628914e-17,0.0,0.0,0.0,4.3885418357208756e-18,0.2
2022-02-18,0.2,0.2,0.2,0.19999999999999996,2.7755575615628914e-17,0.0,0.0,0.0,4.3885418357208756e-18,0.2
2022-02-25,0.2,0.2,0.2,0.19999999999999996,2.7755575615628914e-17,0.0,0.0,0.0,4.3885418357208756e-18,0.2
2022-03-04,0.2,0.19999999999999984,0.2,1.6306400674181987e-16,0.0,0.0,4.204756544797426e-18,0.19999999999999998,4.921077178227869e-22,0.2
2022-03-11,0.2,0.19999999999999984,0.2,1.6306400674181987e-16,0.0,0.0,4.204756544797426e-18,0.19999999999999998,4.921077178227869e-22,0.2
2022-03-18,0.2,0.2,0.19999999999999987,3.608075367955068e-18,0.19999999999999987,0.0,2.0816681711721685e-17,1.6431475252475604e-17,2.460174552671597e-17,0.2
2022-03-25,0.2,0.2,0.19999999999999993,3.608075367955069e-18,0.19999999999999993,0.0,2.081668171172169e-17,1.6431475252475607e-17,2.4601745526715976e-17,0.2
2022-04-01,0.2,0.2,0.19999999999999998,0.0,2.7755575615628914e-17,1.3647230044570586e-17,2.373031618606041e-18,0.1999999999999999,0.0,0.19999999999999996
2022-04-08,0.2,0.2,0.2,0.0,2.775557561562892e-17,1.3647230044570587e-17,2.3730316186060414e-18,0.19999999999999993,0.0,0.19999999999999998
2022-04-14,0.2,0.2,0.2,0.0,2.775557561562892e-17,1.3647230044570587e-17,2.3730316186060414e-18,0.19999999999999993,0.0,0.19999999999999998
2022-04-22,0.2,0.2,0.2,0.0,2.775557561562892e-17,1.3647230044570587e-17,2.3730316186060414e-18,0.19999999999999993,0.0,0.19999999999999998
2022-04-29,0.2,0.2,0.2,0.0,2.775557561562892e-17,1.3647230044570587e-17,2.3730316186060414e-18,0.19999999999999993,0.0,0.19999999999999998
2022-05-06,0.2,0.2,0.2,0.0,2.775557561562892e-17,1.3647230044570587e-17,2.3730316186060414e-18,0.19999999999999993,0.0,0.19999999999999998
2022-05-13,0.2,0.2,0.2,0.0,2.775557561562892e-17,1.3647230044570587e-17,2.3730316186060414e-18,0.19999999999999993,0.0,0.19999999999999998
2022-05-20,0.2,0.2,0.2,0.0,2.775557561562892e-17,1.3647230044570587e-17,2.3730316186060414e-18,0.19999999999999993,0.0,0.19999999999999998
2022-05-27,0.2,0.2,0.2,0.0,2.775557561562892e-17,1.3647230044570587e-17,2.3730316186060414e-18,0.19999999999999993,0.0,0.19999999999999998
2022-06-03,0.2,0.2,0.2,0.0,2.775557561562892e-17,1.3647230044570587e-17,2.3730316186060414e-18,0.19999999999999993,0.0,0.19999999999999998
2022-06-10,0.2,0.2,0.2,0.0,2.775557561562892e-17,1.3647230044570587e-17,2.3730316186060414e-18,0.19999999999999993,0.0,0.19999999999999998
2022-06-17,0.2,0.2,0.2,0.0,2.775557561562892e-17,1.3647230044570587e-17,2.3730316186060414e-18,0.19999999999999993,0.0,0.19999999999999998
2022-06-24,0.2,0.2,0.2,0.0,2.775557561562892e-17,1.3647230044570587e-17,2.3730316186060414e-18,0.19999999999999993,0.0,0.19999999999999998
2022-07-01,0.2,0.2,0.2,0.0,2.775557561562892e-17,1.3647230044570587e-17,2.3730316186060414e-18,0.19999999999999993,0.0,0.19999999999999998
2022-07-08,0.2,0.2,0.2,0.0,2.775557561562892e-17,1.3647230044570587e-17,2.3730316186060414e-18,0.19999999999999993,0.0,0.19999999999999998
2022-07-15,0.2,0.2,0.2,0.0,2.775557561562892e-17,1.3647230044570587e-17,2.3730316186060414e-18,0.19999999999999993,0.0,0.19999999999999998
2022-07-22,0.2,0.2,0.2,0.0,2.775557561562892e-17,1.3647230044570587e-17,2.3730316186060414e-18,0.19999999999999993,0.0,0.19999999999999998
2022-07-29,0.2,0.2,0.2,0.0,2.775557561562892e-17,1.3647230044570587e-17,2.3730316186060414e-18,0.19999999999999993,0.0,0.19999999999999998
2022-08-05,0.2,0.2,0.2,0.0,2.775557561562892e-17,1.3647230044570587e-17,2.3730316186060414e-18,0.19999999999999993,0.0,0.19999999999999998
2022-08-12,0.2,0.2,0.2,0.0,2.775557561562892e-17,1.3647230044570587e-17,2.3730316186060414e-18,0.19999999999999993,0.0,0.19999999999999998
2022-08-19,0.2,0.2,0.2,0.0,2.775557561562892e-17,1.3647230044570587e-17,2.3730316186060414e-18,0.19999999999999993,0.0,0.19999999999999998
2022-08-26,0.2,0.2,0.2,0.0,2.775557561562892e-17,1.3647230044570587e-17,2.3730316186060414e-18,0.19999999999999993,0.0,0.19999999999999998
2022-09-02,0.2,0.2,0.2,0.0,2.775557561562892e-17,1.3647230044570587e-17,2.3730316186060414e-18,0.19999999999999993,0.0,0.19999999999999998
2022-09-09,0.2,0.2,0.2,0.0,2.775557561562892e-17,1.3647230044570587e-17,2.3730316186060414e-18,0.19999999999999993,0.0,0.19999999999999998
2022-09-16,0.2,0.2,0.2,0.0,2.775557561562892e-17,1.3647230044570587e-17,2.3730316186060414e-18,0.19999999999999993,0.0,0.19999999999999998
2022-09-23,0.2,0.2,0.2,0.0,2.775557561562892e-17,1.3647230044570587e-17,2.3730316186060414e-18,0.19999999999999993,0.0,0.19999999999999998
2022-09-30,0.2,0.2,0.2,0.0,2.775557561562892e-17,1.3647230044570587e-17,2.3730316186060414e-18,0.19999999999999993,0.0,0.19999999999999998
2022-10-07,0.2,0.2,0.2,0.0,2.775557561562892e-17,1.3647230044570587e-17,2.3730316186060414e-18,0.19999999999999993,0.0,0.19999999999999998
2022-10-14,0.2,0.2,0.2,0.0,2.775557561562892e-17,1.3647230044570587e-17,2.3730316186060414e-18,0.19999999999999993,0.0,0.19999999999999998
2022-10-21,0.2,0.2,0.2,0.0,2.775557561562892e-17,1.3647230044570587e-17,2.3730316186060414e-18,0.19999999999999993,0.0,0.19999999999999998
2022-10-28,0.2,0.2,0.2,0.0,2.775557561562892e-17,1.3647230044570587e-17,2.3730316186060414e-18,0.19999999999999993,0.0,0.19999999999999998
2022-11-04,0.2,0.2,0.2,0.0,2.775557561562892e-17,1.3647230044570587e-17,2.3730316186060414e-18,0.19999999999999993,0.0,0.19999999999999998
2022-11-11,0.2,0.2,0.2,0.0,2.775557561562892e-17,1.3647230044570587e-17,2.3730316186060414e-18,0.19999999999999993,0.0,0.19999999999999998
2022-11-18,0.2,0.2,0.2,0.0,2.775557561562892e-17,1.3647230044570587e-17,2.3730316186060414e-18,0.19999999999999993,0.0,0.19999999999999998
2022-11-25,0.2,0.2,0.2,0.0,2.775557561562892e-17,1.3647230044570587e-17,2.3730316186060414e-18,0.19999999999999993,0.0,0.19999999999999998
2022-12-02,0.18251457506325625,0.19586182472425662,0.16633363584121613,3.641572501913314e-17,0.0,0.0,4.1097292294327635e-17,0.2,0.055289964371271066,0.2
2022-12-09,0.10746999077601474,0.06957871981875896,0.022951289405226283,5.113682163531162e-17,1.333996996701767e-17,0.2,0.0,0.19999999999999996,0.19999999999999987,0.2
2022-12-16,0.10954627662793444,0.06948651905582424,0.020967204316241266,7.758427728770996e-17,7.0473269521416e-17,0.2,0.0,0.19999999999999998,0.19999999999999998,0.19999999999999998
2022-12-23,0.11813383202275726,0.04432318535061396,0.03754298262662874,0.0,0.0,0.19999999999999998,8.957525573573551e-17,0.19999999999999998,0.2,0.19999999999999998
2022-12-30,0.03883423745362048,0.1125276760624245,0.04863808648395498,5.940890935341853e-17,2.737548122422463e-17,0.19999999999999998,4.5858310687977536e-17,0.2,0.19999999999999998,0.2
2023-01-06,1.207295801008488e-17,0.14623825257085524,0.05376174742914452,2.209440677808408e-16,0.0,0.2,0.0,0.2,0.19999999999999998,0.2
2023-01-13,0.00187631810510629,0.15318223883931845,0.044941443055575334,1.4782436687605518e-17,0.0,0.19999999999999998,0.0,0.19999999999999998,0.2,0.19999999999999998
2023-01-20,0.0,0.1363601771645508,0.06363982283544971,0.0,0.0,0.2,0.0,0.2,0.2,0.19999999999999996
2023-01-27,0.0,0.11983623074062962,0.08016376925937028,3.487251009469911e-17,2.675346376170228e-17,0.2,2.675346376170228e-17,0.19999999999999998,0.2,0.19999999999999998
2023-02-03,0.0,2.5673907444456745e-16,0.0,0.2,1.449014344317766e-17,0.19999999999999998,0.0,0.2,0.2,0.2
2023-02-10,0.10616024197044417,0.07807038396701811,0.015769374062537988,0.0,0.0,0.2,1.8010665573352108e-17,0.2,0.2,0.19999999999999998
2023-02-17,0.07156474421460186,0.10968280208890799,0.018752453696490146,2.889200795247284e-20,0.0,0.2,0.0,0.19999999999999998,0.2,0.2
2023-02-24,0.2,0.2,0.15795901418197872,3.827068781727737e-18,0.0,3.667313556036771e-17,3.1942424416238847e-18,0.11226639550143479,0.1297745903165865,0.2
2023-03-03,1.0408340855860843e-17,0.1290226662096838,0.0709773337903163,0.0,3.670012283892001e-17,0.19999999999999987,0.0,0.19999999999999996,0.2,0.19999999999999998
2023-03-10,0.015918538107053036,0.1776517596023841,0.0064297022905627915,0.0,4.470339121314237e-18,0.2,3.916480864085038e-17,0.2,0.2,0.2
2023-03-17,0.0,1.3877787807814457e-16,5.2732785210135474e-17,0.0,0.19999999999999996,0.19999999999999998,1.0723523363390085e-17,0.19999999999999998,0.2,0.19999999999999998
2023-03-24,0.0785878954830645,0.0,0.12141210451693563,4.282881803468682e-17,0.0,0.2,0.0,0.2,0.19999999999999998,0.2
2023-03-31,0.05341891523350894,0.0,0.146581084766491,0.0,1.9771695947823855e-17,0.2,0.0,0.2,0.2,0.2
2023-04-06,2.393918396847994e-16,0.07259275594908618,0.12740724405091364,0.0,2.5975169863999338e-17,0.2,1.5908464154488172e-17,0.2,0.2,0.2
2023-04-14,0.0,0.08028897383030917,0.05667967820544915,1.3407605976623803e-17,0.06303134796424174,0.2,1.371419323662942e-19,0.2,0.2,0.2
2023-04-21,0.0,2.47198095326695e-16,0.0,1.3956427880002056e-17,0.19999999999999987,0.2,0.0,0.2,0.2,0.2
2023-04-28,0.07604873146104016,0.003144772176108368,0.1208064963628515,1.7535833861317606e-17,0.2,0.2,0.0,0.19999999999999998,0.2,0.0
2023-05-05,0.02221129428967501,0.03297861345899289,0.11908424966075272,1.2980905020284633e-17,0.2,0.19999999999999998,0.025725842590579435,0.2,0.2,0.0
2023-05-12,6.575629598049438e-16,6.303715482493349e-17,0.0,2.913437535809746e-17,0.2,0.2,0.19999999999999943,0.2,0.2,0.0
2023-05-19,6.575629598049437e-16,6.303715482493348e-17,0.0,2.9134375358097454e-17,0.19999999999999996,0.19999999999999996,0.19999999999999937,0.19999999999999996,0.19999999999999996,0.0
2023-05-26,0.19999999999999923,0.19999999999999987,0.2,2.976820072297953e-17,0.2,4.654274076172618e-17,0.2,1.965611705581706e-17,4.475586568020162e-16,4.3936961292171663e-17
2023-06-02,0.1770350534212699,9.437579881445771e-17,0.09545876931875777,1.4434625945043418e-17,0.2,0.0,0.2,0.12750617725997226,0.19999999999999993,2.905254522948259e-17
2023-06-09,0.14565098210583025,0.047086337172316174,0.028276272157503456,2.9620873709215815e-17,0.2,0.0,0.19999999999999998,0.1789864085643501,0.2,8.56780682460227e-18
2023-06-16,0.17787949093138702,0.1839322846528629,0.03818822441575042,0.0,0.2,0.0,0.2,0.0,0.2,0.0
2023-06-23,0.19999999999999996,0.2,0.1999999999999997,8.153200337090993e-17,0.19999999999999998,7.103793729244693e-17,0.2,0.0,7.276904271161235e-17,4.917881858714106e-18
2023-06-30,0.19999999999999998,0.2,0.19999999999999973,8.153200337090995e-17,0.2,7.103793729244694e-17,0.2,0.0,7.276904271161237e-17,4.917881858714107e-18
2023-07-07,0.08388650034406961,0.10968500121773639,0.006428498438193913,0.0,0.2,0.19999999999999982,0.2,0.0,0.2,1.7541871518730838e-17
2023-07-14,0.013177904250356025,0.18682209574964379,1.5106659808127055e-17,5.0861551850214625e-17,0.2,0.2,0.2,1.2607300301169425e-18,0.2,1.7700971646369936e-17
2023-07-21,3.002851986768652e-17,0.1658288212362932,0.0,0.0,0.2,0.2,0.2,0.03417117876370675,0.2,2.1255038874384443e-17
2023-07-28,0.04943592735149649,0.15056407264850344,0.0,3.197665348741855e-17,0.2,0.2,0.2,3.2427670593277485e-17,0.2,0.0
2023-08-04,0.0,5.551115123125783e-17,0.0,0.0,0.2,0.2,0.2,0.2,0.2,0.0
2023-08-11,0.04970505764791219,0.1502949423520877,0.0,0.0,0.2,0.2,0.2,9.707005909141738e-18,0.2,7.420696417686229e-18
2023-08-18,1.0597530816046858e-17,0.0,0.0,2.957557338103638e-17,0.2,0.2,0.19999999999999998,0.2,0.2,3.8530539091832347e-17
2023-08-25,1.0597530816046858e-17,0.0,0.0,2.957557338103638e-17,0.2,0.2,0.19999999999999998,0.2,0.2,3.8530539091832347e-17
2023-09-01,0.13490718840482077,0.06509281159517918,0.0,1.1424099344338614e-17,0.2,0.2,0.2,1.4787226166726858e-16,0.2,0.0
2023-09-08,0.1083684448200574,0.09163155517994256,0.0,0.0,0.19999999999999998,0.2,0.2,4.0707045537687995e-17,0.2,0.0
2023-09-15,0.13926451999071027,0.060735480009289744,0.0,1.6384801864072113e-18,0.2,0.19999999999999998,0.2,0.0,0.2,0.0
2023-09-22,0.1319017507441607,0.06809824925583925,2.383500013199387e-17,0.0,0.19999999999999998,0.2,0.2,0.0,0.2,0.0
2023-09-29,0.0705360956790611,0.12946390432093893,0.0,2.3967334655152007e-17,0.2,0.2,0.2,0.0,0.2,2.2832912054419167e-18
2023-10-06,0.0,0.2,8.376717293156705e-17,0.0,0.2,0.2,0.19999999999999996,0.0,0.2,0.0
2023-10-13,0.0,0.2,8.376717293156705e-17,0.0,0.2,0.2,0.19999999999999996,0.0,0.2,0.0
2023-10-20,0.0,0.0,0.0,3.7258760147876465e-17,0.2,0.19999999999999987,0.2,0.2,0.2,4.743332462987687e-17
2023-10-27,0.0,0.0,0.0,3.7258760147876465e-17,0.2,0.19999999999999987,0.2,0.2,0.2,4.743332462987687e-17
2023-11-03,0.0,0.0,0.0,3.7258760147876465e-17,0.2,0.19999999999999987,0.2,0.2,0.2,4.743332462987687e-17
2023-11-10,0.19999999999999982,0.1999999999999997,0.1999999999999997,0.0,0.2,2.7863287844765735e-16,0.2,2.731921486917978e-16,3.811821492130101e-16,7.649025527276865e-17
2023-11-17,0.19999999999999976,0.19999999999999965,0.19999999999999965,0.0,0.19999999999999996,2.786328784476573e-16,0.19999999999999996,2.7319214869179776e-16,3.8118214921301e-16,7.649025527276864e-17
2023-11-24,0.19999999999999996,0.1999999999999996,0.07062426114626126,0.0,0.2,0.0,0.2,0.1293757388537394,0.0,2.385128889148972e-17
2023-12-01,0.19999999999999948,0.2,0.0,0.0,0.2,0.0,0.2,0.19999999999999998,8.533586246722508e-17,5.2515697725164087e-17
2023-12-08,0.2,0.2,0.19999999999999984,0.0,0.2,0.0,0.19999999999999996,0.0,2.9680609259616727e-16,0.0
2023-12-15,0.2,0.2,0.19999999999999984,0.0,0.2,0.0,0.19999999999999996,0.0,2.9680609259616727e-16,0.0
2023-12-22,0.2,0.19999999999999998,0.16613633163872735,0.03386366836127255,0.2,0.0,0.2,0.0,0.0,4.936797531901594e-17
2023-12-29,0.2,0.1999999999999997,0.2,1.4224732503009818e-16,0.2,6.431468759138316e-17,0.2,0.0,0.0,0.0
2024-01-05,0.2,0.1999999999999997,0.2,1.4224732503009818e-16,0.2,6.431468759138316e-17,0.2,0.0,0.0,0.0
2024-01-12,0.2,0.1999999999999997,0.2,1.4224732503009818e-16,0.2,6.431468759138316e-17,0.2,0.0,0.0,0.0
2024-01-19,0.2,0.1999999999999997,0.2,1.4224732503009818e-16,0.2,6.431468759138316e-17,0.2,0.0,0.0,0.0
2024-01-26,0.2,0.1999999999999997,0.2,1.4224732503009818e-16,0.2,6.431468759138316e-17,0.2,0.0,0.0,0.0
2024-02-02,0.2,0.1999999999999997,0.2,1.4224732503009818e-16,0.2,6.431468759138316e-17,0.2,0.0,0.0,0.0
2024-02-09,0.2,0.1999999999999997,0.2,1.4224732503009818e-16,0.2,6.431468759138316e-17,0.2,0.0,0.0,0.0
2024-02-16,0.2,0.1999999999999997,0.2,1.4224732503009818e-16,0.2,6.431468759138316e-17,0.2,0.0,0.0,0.0
2024-02-23,0.2,0.1999999999999997,0.2,1.4224732503009818e-16,0.2,6.431468759138316e-17,0.2,0.0,0.0,0.0
2024-03-01,0.2,0.1999999999999997,0.2,1.4224732503009818e-16,0.2,6.431468759138316e-17,0.2,0.0,0.0,0.0
2024-03-08,0.2,0.1999999999999997,0.2,1.4224732503009818e-16,0.2,6.431468759138316e-17,0.2,0.0,0.0,0.0
2024-03-15,0.2,0.1999999999999997,0.2,1.4224732503009818e-16,0.2,6.431468759138316e-17,0.2,0.0,0.0,0.0
2024-03-22,0.2,0.1999999999999997,0.2,1.4224732503009818e-16,0.2,6.431468759138316e-17,0.2,0.0,0.0,0.0
2024-03-28,0.2,0.1999999999999997,0.2,1.4224732503009818e-16,0.2,6.431468759138316e-17,0.2,0.0,0.0,0.0
2024-04-05,0.2,0.1999999999999997,0.2,1.4224732503009818e-16,0.2,6.431468759138316e-17,0.2,0.0,0.0,0.0
2024-04-12,0.2,0.1999999999999997,0.2,1.4224732503009818e-16,0.2,6.431468759138316e-17,0.2,0.0,0.0,0.0
2024-04-19,0.2,0.1999999999999997,0.2,1.4224732503009818e-16,0.2,6.431468759138316e-17,0.2,0.0,0.0,0.0
2024-04-26,0.2,0.1999999999999997,0.2,1.4224732503009818e-16,0.2,6.431468759138316e-17,0.2,0.0,0.0,0.0
2024-05-03,0.2,0.19999999999999998,0.1462747221309073,0.05372527786909273,0.2,1.9896367190186245e-17,0.2,0.0,0.0,3.2394193902718915e-17
2024-05-10,0.1999999999999999,0.19999999999999996,0.19999999999999996,1.249000902703301e-16,0.2,1.7905000491426236e-17,0.2,3.592142831706593e-18,6.034245024116204e-18,2.5116203259861086e-17
2024-05-17,0.19999999999999993,0.19999999999999998,0.19999999999999998,1.2490009027033014e-16,0.2,1.790500049142624e-17,0.2,3.592142831706594e-18,6.0342450241162045e-18,2.511620325986109e-17
2024-05-24,0.19999999999999993,0.19999999999999998,0.19999999999999998,1.2490009027033014e-16,0.2,1.790500049142624e-17,0.2,3.592142831706594e-18,6.0342450241162045e-18,2.511620325986109e-17
2024-05-31,0.19999999999999993,0.19999999999999998,0.19999999999999998,1.2490009027033014e-16,0.2,1.790500049142624e-17,0.2,3.592142831706594e-18,6.0342450241162045e-18,2.511620325986109e-17
2024-06-07,0.19999999999999993,0.19999999999999998,0.19999999999999998,1.2490009027033014e-16,0.2,1.790500049142624e-17,0.2,3.592142831706594e-18,6.0342450241162045e-18,2.511620325986109e-17
2024-06-14,0.19999999999999993,0.19999999999999998,0.19999999999999998,1.2490009027033014e-16,0.2,1.790500049142624e-17,0.2,3.592142831706594e-18,6.0342450241162045e-18,2.511620325986109e-17
2024-06-21,0.19999999999999993,0.19999999999999998,0.19999999999999998,1.2490009027033014e-16,0.2,1.790500049142624e-17,0.2,3.592142831706594e-18,6.0342450241162045e-18,2.511620325986109e-17
2024-06-28,0.19999999999999993,0.19999999999999998,0.19999999999999998,1.2490009027033014e-16,0.2,1.790500049142624e-17,0.2,3.592142831706594e-18,6.0342450241162045e-18,2.511620325986109e-17
2024-07-05,0.19999999999999993,0.19999999999999998,0.19999999999999998,1.2490009027033014e-16,0.2,1.790500049142624e-17,0.2,3.592142831706594e-18,6.0342450241162045e-18,2.511620325986109e-17
2024-07-12,0.19999999999999993,0.19999999999999998,0.19999999999999998,1.2490009027033014e-16,0.2,1.790500049142624e-17,0.2,3.592142831706594e-18,6.0342450241162045e-18,2.511620325986109e-17
2024-07-19,0.19999999999999993,0.19999999999999998,0.19999999999999998,1.2490009027033014e-16,0.2,1.790500049142624e-17,0.2,3.592142831706594e-18,6.0342450241162045e-18,2.511620325986109e-17
2024-07-26,0.19999999999999643,0.19999999999999993,0.012548848276684794,1.988668138980721e-17,0.2,0.0,0.2,0.18745115172331878,1.0098551761950096e-17,0.0
2024-08-02,0.2,0.19999999999999987,0.0,0.0,0.2,1.593044170502588e-17,0.2,0.2,2.7698457306692155e-17,0.0
2024-08-09,0.2,0.19999999999999987,0.0,0.0,0.2,1.593044170502588e-17,0.2,0.2,2.7698457306692155e-17,0.0
2024-08-16,0.2,0.19999999999999987,0.0,0.0,0.2,1.593044170502588e-17,0.2,0.2,2.7698457306692155e-17,0.0
2024-08-23,0.2,0.19999999999999987,0.0,0.0,0.2,1.593044170502588e-17,0.2,0.2,2.7698457306692155e-17,0.0
2024-08-30,0.2,0.19999999999999987,0.0,0.0,0.2,1.593044170502588e-17,0.2,0.2,2.7698457306692155e-17,0.0
2024-09-06,0.1999999999999999,0.19999999999999998,0.19999999999999962,0.0,5.477854791765442e-16,9.389343450013208e-19,0.2,0.2,3.999652154704149e-18,0.0
2024-09-13,0.1999999999999996,0.2,0.0,7.922853301516765e-17,0.2,6.8616892996902996e-18,0.19999999999999998,0.2,4.1556158811263713e-17,2.8560255980691853e-17
2024-09-20,0.19999999999999965,0.2,0.0,7.922853301516766e-17,0.2,6.861689299690301e-18,0.2,0.2,4.155615881126372e-17,2.856025598069186e-17
2024-09-27,0.1999999999999997,0.2,0.0,7.922853301516767e-17,0.2,6.861689299690303e-18,0.2,0.2,4.1556158811263726e-17,2.8560255980691866e-17
2024-10-04,0.19999999999999976,0.2,0.0,7.922853301516769e-17,0.2,6.861689299690304e-18,0.2,0.2,4.155615881126373e-17,2.856025598069187e-17
2024-10-11,0.2,0.19999999999999993,0.2,9.936659757488738e-18,6.678685382510707e-17,0.0,0.2,0.2,2.5626480005113688e-17,1.918565214867315e-17
2024-10-18,0.2,0.19999999999999993,0.2,9.936659757488738e-18,6.678685382510707e-17,0.0,0.2,0.2,2.5626480005113688e-17,1.918565214867315e-17
2024-10-25,0.19999999999999984,0.19999999999999998,0.1999999999999999,9.6710833785707e-17,0.2,1.5815892660929665e-17,0.2,0.0,5.6985426929283e-17,0.0
2024-11-01,0.14789643293717342,0.15038558214113268,2.4455070307670827e-16,0.10171798492169383,0.19999999999999996,0.0,0.2,0.19999999999999993,0.0,0.0
2024-11-08,0.19999999999999887,0.16418400790557225,3.4942050745727472e-16,0.2,0.19999999999999993,6.381379616907307e-17,0.19999999999999998,0.035815992094428456,6.704288997405345e-18,1.028027524355071e-17
2024-11-15,0.19999999999999998,0.2,0.1999999999999998,0.2,0.0,0.0,0.2,0.0,2.1394141449139265e-17,1.4212941273456423e-16
2024-11-22,0.2,0.19999999999999982,0.0,0.19999999999999998,0.0,6.938092176916683e-17,0.2,0.19999999999999984,0.0,2.5447146975017125e-16
2024-11-29,0.19999999999999996,0.2,0.19999999999999996,0.2,1.1250170006882618e-18,0.0,0.2,0.0,3.0277035675862805e-17,0.0
2024-12-06,0.2,0.1999999999999997,4.735795089416683e-16,0.2,0.1999999999999998,0.0,0.2,0.0,2.4464169253140332e-17,0.0
2024-12-13,0.19999999999999973,0.2,1.730386667286865e-16,4.7368244613415103e-17,0.2,0.0,0.19999999999999998,0.19999999999999976,0.0,0.0
2024-12-20,0.1999999999999998,0.2,1.7303866672868656e-16,4.7368244613415116e-17,0.2,0.0,0.2,0.19999999999999982,0.0,0.0
2024-12-27,0.2,0.19999999999999962,0.024149433673695705,1.1111792640289307e-16,0.2,4.021348055389634e-17,0.2,0.17585056632630439,0.0,2.0878111396160926e-18
2025-01-03,0.2,0.19999999999999968,8.673617379884035e-18,1.5202902280218767e-17,0.19999999999999998,0.0,0.2,0.2,2.816271594038388e-17,0.0
2025-01-10,0.2,0.19999999999999973,8.673617379884039e-18,1.5202902280218773e-17,0.2,0.0,0.2,0.2,2.816271594038389e-17,0.0
2025-01-17,0.2,0.1999999999999998,8.67361737988404e-18,1.5202902280218776e-17,0.2,0.0,0.2,0.2,2.81627159403839e-17,0.0
2025-01-24,0.2,0.2,0.2,0.0,0.0,0.0,0.2,0.2,0.0,0.0
2025-01-31,0.2,0.2,0.2,0.0,0.0,0.0,0.2,0.2,0.0,0.0
2025-02-07,0.010266958943336816,0.19906536938680608,0.0,0.19066767166985701,0.2,0.0,0.2,0.2,0.0,1.05492922167787e-17
2025-02-14,0.2,0.2,5.637851296924623e-17,0.0,0.1999999999999999,0.0,0.2,0.2,0.0,3.693150011747738e-18
2025-02-21,0.2,0.2,5.637851296924623e-17,0.0,0.1999999999999999,0.0,0.2,0.2,0.0,3.693150011747738e-18
2025-02-28,0.1999999999999994,0.19999999999999998,0.2,1.3896401231776317e-17,0.0,0.0,0.2,0.2,0.0,3.56655658625657e-17
2025-03-07,0.1999999999999995,0.2,0.2,1.3896401231776326e-17,0.0,0.0,0.2,0.2,0.0,3.566556586256572e-17
2025-03-14,0.2,0.1999999999999999,0.10617479133967181,0.0,0.0,0.0,0.2,0.2,0.0,0.09382520866032822
2025-03-21,0.2,0.2,0.05086130709033585,0.0,0.0,0.0,0.19999999999999998,0.2,0.0,0.14913869290966414
2025-03-28,0.2,0.1999999999999996,2.0903417885520525e-16,1.381540294989102e-17,2.785626725242264e-18,0.0,0.2,0.2,5.32087111762342e-17,0.1999999999999998
2025-04-04,0.2,0.19999999999999968,2.0903417885520535e-16,1.3815402949891027e-17,2.785626725242265e-18,0.0,0.2,0.2,5.3208711176234224e-17,0.19999999999999987
2025-04-11,0.2,0.19999999999999976,0.19999999999999996,3.7001004143100394e-18,1.8388068845354155e-16,0.0,0.2,0.2,0.0,0.0
2025-04-17,0.0,0.0,0.0,0.0,0.0,0.2,0.2,0.2,0.2,0.1999999999999998
2025-04-25,1.0616757508444986e-17,1.5638956791817319e-16,0.0,2.4686503396546833e-17,0.2,0.19999999999999993,0.19999999999999998,0.2,0.19999999999999998,0.0
2025-05-02,0.008095081065015598,0.09072390457679633,0.10118101435818809,1.4735015035624624e-17,0.19999999999999998,3.17646948194382e-17,0.2,0.19999999999999996,0.19999999999999998,0.0
2025-05-09,0.0,0.0,0.06496206332737083,0.0,0.2,0.13503793667262923,0.2,0.2,0.2,1.5697627037413176e-17
2025-05-16,0.13548672879907206,0.1189401412733357,0.1455731299275925,0.0,0.2,0.0,0.2,0.2,2.369243851068413e-17,3.4102331545481584e-17
2025-05-23,1.4848815548169254e-17,0.0,0.0,4.125732151879159e-17,0.2,0.2,0.2,0.2,0.19999999999999996,5.708228013604792e-18
2025-05-30,1.4848815548169254e-17,0.0,0.0,4.125732151879159e-17,0.2,0.2,0.2,0.2,0.19999999999999996,5.708228013604792e-18
2025-06-06,0.07032521097898008,0.10616873678172326,0.10018225240570583,0.08773066688654234,0.2,0.03559313294704832,0.2,0.2,0.0,2.911196286938444e-17
2025-06-13,0.0,2.2898349882893854e-16,3.469446951953614e-17,5.898059818321144e-17,0.1999999999999998,0.2,0.2,0.19999999999999996,0.19999999999999996,2.6038325748597013e-17
2025-06-20,0.0,0.0,1.6132928326584306e-16,0.19999999999999998,0.0,0.2,0.2,0.2,0.2,0.0
2025-06-27,8.032299426878556e-18,0.0,0.0,2.949029909160572e-17,0.2,0.2,0.2,0.2,0.2,2.6834136468137602e-17
2025-07-03,8.032299426878556e-18,0.0,0.0,2.949029909160572e-17,0.2,0.2,0.2,0.2,0.2,2.6834136468137602e-17
2025-07-11,0.0,1.0506598294648078e-16,1.734723475976807e-18,0.19999999999999993,0.0,0.2,0.2,0.2,0.2,0.0
2025-07-18,0.0,0.0,1.9637400807258242e-17,2.8231593673530034e-16,0.19999999999999996,0.2,0.19999999999999998,0.2,0.19999999999999998,4.872842274816024e-18
2025-07-25,0.0,0.0,1.9637400807258232e-17,2.823159367353002e-16,0.19999999999999987,0.19999999999999993,0.1999999999999999,0.19999999999999993,0.1999999999999999,4.8728422748160216e-18
2025-08-01,0.12631833690080746,0.1570842873298861,0.11659737576930632,0.0,0.2,1.2815146637522018e-16,0.2,0.1999999999999999,1.2146488121817756e-16,0.0
2025-08-08,2.761676556113399e-17,0.0,1.0536279461770996e-16,0.0,0.2,0.2,0.2,0.19999999999999996,0.2,0.0
2025-08-15,2.7616765561133984e-17,0.0,1.0536279461770993e-16,0.0,0.19999999999999996,0.19999999999999996,0.19999999999999996,0.1999999999999999,0.19999999999999996,0.0
2025-08-22,2.7616765561133987e-17,0.0,1.0536279461770995e-16,0.0,0.19999999999999998,0.19999999999999998,0.19999999999999998,0.19999999999999993,0.19999999999999998,0.0
2025-08-29,0.12339808723828233,0.11813631178744155,0.07456331802165692,0.08390228295261913,0.2,0.0,0.19999999999999998,0.2,2.7534441379840634e-17,2.1304290579957962e-17
2025-09-05,0.044728539660907486,0.0845400955359593,0.07073136480313309,0.19999999999999998,0.2,3.9394277440650676e-17,0.19999999999999998,0.19999999999999998,0.0,3.210058557510262e-17
2025-09-12,0.0,0.01298927537588389,0.0,0.2,0.2,0.18701072462411625,0.2,0.2,0.0,0.0
2025-09-19,0.05153283247824646,0.11394867587972381,0.07963886577087484,0.15487962587115492,0.19999999999999998,0.0,0.19999999999999998,0.2,9.250467292721138e-18,3.3157071038126446e-17
2025-09-26,0.12742346111500982,0.13208845051570411,0.11328550695242239,0.027202581416863547,0.2,1.3126485062158994e-17,0.2,0.19999999999999998,0.0,0.0
2025-10-03,0.05936831317738189,0.07499906290859258,0.06563262391402537,1.193289701106642e-16,0.2,0.2,0.2,0.19999999999999998,0.0,2.3060587978058797e-17
2025-10-10,0.0,0.0,5.2712898417415484e-17,4.230690858160688e-17,0.2,0.2,0.2,0.2,0.19999999999999996,0.0
2025-10-17,0.0,0.0,5.2712898417415484e-17,4.230690858160688e-17,0.2,0.2,0.2,0.2,0.19999999999999996,0.0
2025-10-24,0.0,0.0,5.2712898417415484e-17,4.230690858160688e-17,0.2,0.2,0.2,0.2,0.19999999999999996,0.0
2025-10-31,0.0,0.0,5.2712898417415484e-17,4.230690858160688e-17,0.2,0.2,0.2,0.2,0.19999999999999996,0.0
2025-11-07,0.0,0.0,5.2712898417415484e-17,4.230690858160688e-17,0.2,0.2,0.2,0.2,0.19999999999999996,0.0
2025-11-14,0.0,0.0,5.2712898417415484e-17,4.230690858160688e-17,0.2,0.2,0.2,0.2,0.19999999999999996,0.0
2025-11-21,0.0,0.0,5.2712898417415484e-17,4.230690858160688e-17,0.2,0.2,0.2,0.2,0.19999999999999996,0.0
2025-11-28,0.0,0.0,5.2712898417415484e-17,4.230690858160688e-17,0.2,0.2,0.2,0.2,0.19999999999999996,0.0
2025-12-05,0.0,0.0,5.2712898417415484e-17,4.230690858160688e-17,0.2,0.2,0.2,0.2,0.19999999999999996,0.0
2025-12-12,0.0,0.0,5.2712898417415484e-17,4.230690858160688e-17,0.2,0.2,0.2,0.2,0.19999999999999996,0.0
2025-12-19,0.0,0.0,5.2712898417415484e-17,4.230690858160688e-17,0.2,0.2,0.2,0.2,0.19999999999999996,0.0
2025-12-26,0.0,0.0,5.2712898417415484e-17,4.230690858160688e-17,0.2,0.2,0.2,0.2,0.19999999999999996,0.0
2026-01-02,0.0,0.0,5.2712898417415484e-17,4.230690858160688e-17,0.2,0.2,0.2,0.2,0.19999999999999996,0.0
2026-01-09,0.0,0.0,5.2712898417415484e-17,4.230690858160688e-17,0.2,0.2,0.2,0.2,0.19999999999999996,0.0
2026-01-16,0.0,0.0,5.2712898417415484e-17,4.230690858160688e-17,0.2,0.2,0.2,0.2,0.19999999999999996,0.0
2026-01-23,1.3856103764364747e-16,0.024893209793747074,0.015620589362238646,2.902685523124139e-17,0.2,0.19999999999999998,0.15948620084401405,0.19999999999999998,0.2,8.772358689996182e-17
2026-01-30,0.030479262862048672,0.06010709206659772,0.10941364507135304,0.0,0.2,0.2,2.0475969706987226e-16,0.2,0.19999999999999996,9.469069675307895e-17
2026-02-06,0.0,0.0,3.634245682171411e-16,7.579491768508025e-17,0.19999999999999996,0.19999999999999996,0.0,0.19999999999999996,0.2,0.2
2026-02-13,0.0,0.0,3.63424568217141e-16,7.579491768508024e-17,0.1999999999999999,0.1999999999999999,0.0,0.1999999999999999,0.19999999999999996,0.19999999999999996
2026-02-20,0.0,0.0,3.63424568217141e-16,7.579491768508024e-17,0.1999999999999999,0.1999999999999999,0.0,0.1999999999999999,0.19999999999999996,0.19999999999999996
2026-02-27,0.0,0.0,3.63424568217141e-16,7.579491768508024e-17,0.1999999999999999,0.1999999999999999,0.0,0.1999999999999999,0.19999999999999996,0.19999999999999996
2026-03-06,0.0,0.0,3.63424568217141e-16,7.579491768508024e-17,0.1999999999999999,0.1999999999999999,0.0,0.1999999999999999,0.19999999999999996,0.19999999999999996
2026-03-13,5.9652318065646864e-18,0.0,0.0,2.0469737016526324e-16,0.2,0.2,0.2,0.2,0.19999999999999996,0.0
2026-03-20,0.046788276191681535,0.03796808023237004,0.043764569745918455,0.0714790738300301,0.2,0.2,0.2,0.19999999999999996,0.0,0.0
2026-03-27,0.0,0.0,1.8393882511992256e-16,0.0,0.2,0.19999999999999998,5.2926865926395656e-17,0.2,0.2,0.19999999999999984
2026-04-02,0.0,0.0,1.3126819816653609e-17,0.0,0.2,0.2,0.2,0.2,0.2,0.0
