Epoch,train_total_loss,train_actor_loss,train_critic_loss,train_bc_loss,train_entropy,train_demo_training_reward,train_demo_excess_return,train_policy_excess_return,train_policy_excess_vs_equal_weight,train_policy_excess_vs_restricted_random,train_policy_excess_vs_markowitz,train_policy_training_reward,validation_demo_training_reward,validation_demo_excess_return,validation_policy_excess_return,validation_policy_excess_vs_equal_weight,validation_policy_excess_vs_restricted_random,validation_policy_training_reward,validation_policy_excess_vs_markowitz,validation_t_statistic,validation_p_value,best_epoch_so_far,selected_checkpoint
1,0.8942804755675919,-0.3573336993005166,1.2516141851883473,0.05071132555077438,-13.34571406361071,0.005715513601899147,0.005855818744748831,0.00043273603660054505,1.3988767932460178e-05,5.6948761084640864e-06,-0.0006071815732866526,0.0002924303407780826,0.00555919436737895,0.005205679219216108,-0.0004889847477898002,8.781191354501061e-06,3.993595237261616e-05,-0.0001354697160422802,0.002327429596334696,-2.866177258365619,0.9977667875536925,1.0,False
2,0.6673730990911962,-0.34325236113669594,1.0106254567527098,0.050644806938331455,-13.22950156585909,0.005715513601899147,0.005855818744748831,0.00044801714830100536,2.9269882361404598e-05,2.0975990992155857e-05,-0.0005919004324823618,0.0003077114524785429,0.00555919436737895,0.005205679219216108,-0.00048780610086396337,9.95985192275839e-06,4.111461385036819e-05,-0.00013429105456452817,0.0023286081850528717,-2.844065946266319,0.9976104993329352,2.0,True
3,0.5352322127498923,-0.34300188241072344,0.8782340926332103,0.050673371700853,-13.514347511129749,0.005715513601899147,0.005855818744748831,0.0004191059560980648,3.586809498301591e-07,-7.935210305731744e-06,-0.0006208116537891328,0.00027880026027560234,0.00555919436737895,0.005205679219216108,-0.0004977096687071025,5.6246637569756786e-08,3.121100598946214e-05,-0.0001441946515114978,0.0023187047336250544,-2.9045414712949373,0.9980160221408572,2.0,False
4,0.5770647285683838,-0.3280373114842408,0.9051020402369145,0.05077967587397714,-12.824529954485675,0.005715513601899147,0.005855818744748831,0.00042119421414099634,2.4469497930112993e-06,-5.8469418036111165e-06,-0.0006187233957462013,0.0002808885183185339,0.00555919436737895,0.005205679219216108,-0.0004978549550287426,-8.898721404193566e-08,3.106577423750423e-05,-0.00014433989417739213,0.0023185594473034143,-2.9111289169594543,0.9980561699157047,2.0,False
5,0.48407800216556857,-0.3629337491289887,0.84701175255826,0.0507839916688604,-12.80832091489866,0.005715513601899147,0.005855818744748831,0.00042149098590016365,2.743709274000139e-06,-5.550182322622277e-06,-0.0006184265948832035,0.0002811852900777012,0.00555919436737895,0.005205679219216108,-0.0004978709039278328,-1.0493775448594533e-07,3.104982170043513e-05,-0.00014435584307648242,0.0023185433819890022,-2.911141715794137,0.9980562471919718,2.0,False
6,0.4812775616511018,-0.36365160546117453,0.8449291675335106,0.05077965207424265,-12.810765957242609,0.005715513601899147,0.005855818744748831,0.0004223174473736435,3.570170747480006e-06,-4.72372084914241e-06,-0.0006176001625135541,0.0002820117515511811,0.00555919436737895,0.005205679219216108,-0.000497958215419203,-1.9224596314870723e-07,3.096251384704374e-05,-0.0001444431400159374,0.002318456070497632,-2.9118033458199957,0.9980602381351271,2.0,False
7,0.572881340453987,-0.3570050562439032,0.9298863960660388,0.05079025825215734,-12.827337726687373,0.005715513601899147,0.005855818744748831,0.00041933110333047807,5.83830626510462e-07,-7.710061254329048e-06,-0.0006205865065567195,0.00027902540750801563,0.00555919436737895,0.005205679219216108,-0.0004976668860763311,9.906123921155086e-08,3.12538213620428e-05,-0.00014415183977689594,0.002318747341632843,-2.9076374835199625,0.9980349844113657,2.0,False
8,0.44400747641657773,-0.33684356821299444,0.7808510416809324,0.050800248625105765,-12.81770210805293,0.005715513601899147,0.005855818744748831,0.00042005436262115836,1.3070898603473324e-06,-6.986801508901408e-06,-0.0006198632181622088,0.0002797486667986959,0.00555919436737895,0.005205679219216108,-0.0004979774821549654,-2.1155450724563707e-07,3.09432070935145e-05,-0.00014446245040744543,0.0023184367455542088,-2.9113540038644863,0.9980575285268853,2.0,False
9,0.4429979563391251,-0.3370455287581198,0.7800434882565016,0.05078465295396087,-12.819913719231165,0.005715513601899147,0.005855818744748831,0.0004199717950541526,1.224527977683465e-06,-7.069363618938951e-06,-0.000619945814833045,0.00027966609923169017,0.00555919436737895,0.005205679219216108,-0.0004978012293577194,-3.525908454093951e-08,3.111949990852736e-05,-0.00014428615395445377,0.0023186132311820984,-2.909810351936768,0.9980481936901789,2.0,False
10,0.5095848306329006,-0.4420519066783649,0.9516367339413916,0.0507883162964991,-12.831497205862307,0.005715513601899147,0.005855818744748831,0.00042012176709249616,1.374487283101189e-06,-6.919404313521227e-06,-0.0006197958718985319,0.0002798160712700337,0.00555919436737895,0.005205679219216108,-0.0004972454626113176,5.204912554290786e-07,3.167525210301392e-05,-0.00014373041631188244,0.0023191687650978565,-2.9057406082975734,0.9980233862750071,2.0,False
11,0.48217467937368386,-0.3145538326287017,0.7967285153722594,0.050752309220102564,-12.898327187177571,0.005715513601899147,0.005855818744748831,0.00042161144665442407,2.8641823064390337e-06,-5.429709290183382e-06,-0.0006183061632327735,0.00028130575083196163,0.00555919436737895,0.005205679219216108,-0.0004960441146977246,1.7218186485479237e-06,3.287657818873413e-05,-0.0001425290829502046,0.0023203701712191105,-2.895038188957082,0.9979567690003049,2.0,False
12,0.4641572542409594,-0.3033574497320627,0.767514703973022,0.050781041633851116,-13.007504746265209,0.005715513601899147,0.005855818744748831,0.00041985849384218454,1.1112159654658171e-06,-7.182675744843436e-06,-0.0006200591451488435,0.0002795527980197221,0.00555919436737895,0.005205679219216108,-0.0004987196298316121,-9.5367431640625e-07,3.0201086701708846e-05,-0.00014520456898026168,0.002317694714292884,-2.914930388035514,0.9980789993408434,2.0,False
13,0.473043523070669,-0.3610102574837924,0.8340537794487215,0.050786279102412214,-12.827518378887918,0.005715513601899147,0.005855818744748831,0.000419121963204816,3.746878576293966e-07,-7.919204108475242e-06,-0.0006207956466823816,0.00027881626738235354,0.00555919436737895,0.005205679219216108,-0.0004988682339899242,-1.1022661965398584e-06,3.0052493457333185e-05,-0.00014535317313857377,0.0023175461683422327,-2.9136716014456048,0.9980714670631363,2.0,False
14,0.4640405879425076,-0.35439299441900357,0.8184335865738535,0.050785740238512365,-12.826794961316004,0.005715513601899147,0.005855818744748831,0.0004189126193523407,1.6533444124888774e-07,-8.128557055897545e-06,-0.0006210050196386874,0.0002786068944260478,0.00555919436737895,0.005205679219216108,-0.0004979128716513515,-1.4691285343815252e-07,3.100784670095891e-05,-0.00014439781080000103,0.0023185014724731445,-2.9114006513441377,0.9980578099798013,2.0,False
15,0.42545765785783424,-0.33152739782636664,0.7569850548417324,0.0507906851993854,-12.818563612948036,0.005715513601899147,0.005855818744748831,0.00041892187437042594,1.7460159540405584e-07,-8.11929021438118e-06,-0.0006209957064129412,0.0002786161785479635,0.00555919436737895,0.005205679219216108,-0.0004978910437785089,-1.2508580482517573e-07,3.102967457380146e-05,-0.00014437598292715847,0.002318523358553648,-2.911179633891323,0.9980564761158017,2.0,False
16,0.4403935076912385,-0.35338037363631986,0.7937738836443466,0.05079111534536095,-12.815272503101362,0.005715513601899147,0.005855818744748831,0.00041879317723214626,4.5914532620372484e-08,-8.247977348219138e-06,-0.0006211244035512209,0.0002784874814096838,0.00555919436737895,0.005205679219216108,-0.000497839821036905,-7.387617984022654e-08,3.108088276349008e-05,-0.00014432477473746985,0.002318574581295252,-2.9111974133119904,0.998056583447442,2.0,False
17,0.40503767101166527,-0.3746483435479154,0.7796860170869861,0.050787662659432777,-12.804816795322163,0.005715513601899147,0.005855818744748831,0.00041889597196131945,1.486956904273029e-07,-8.14519626146648e-06,-0.0006210216088220477,0.000278590276138857,0.00555919436737895,0.005205679219216108,-0.0004979220684617758,-1.5614737947089452e-07,3.099861351074651e-05,-0.00014440705126617104,0.0023184921592473984,-2.91131362917499,0.9980572848914986,2.0,False
18,0.5273929528971022,-0.40117018235445867,0.928563139042669,0.050793846351729684,-12.811117337365033,0.005715513601899147,0.005855818744748831,0.0004188294115010649,8.21406800355362e-08,-8.21175126475282e-06,-0.0006210881983861327,0.00027852371567860246,0.00555919436737895,0.005205679219216108,-0.0004979153745807707,-1.4943135795419948e-07,3.10053292196244e-05,-0.00014440032828133553,0.0023184989113360643,-2.9114009934219185,0.9980578120436293,2.0,False
19,0.63571834416777,-0.3862791417344299,1.0219974795836864,0.05079823612587612,-12.825157778844396,0.005715513601899147,0.005855818744748831,0.00041901390068233013,2.666412797225348e-07,-8.027250260056462e-06,-0.000620903680101037,0.0002787082048598677,0.00555919436737895,0.005205679219216108,-0.0004984098486602306,-6.438980904022173e-07,3.051086241612211e-05,-0.00014489480236079544,0.0023180043790489435,-2.912642662148123,0.9980652901119037,2.0,False
20,0.6460759795596659,-0.3649587796560025,1.0110347586891255,0.050786338035714924,-12.810368665958041,0.005715513601899147,0.005855818744748831,0.00041875315946526825,5.8972795535794376e-09,-8.287994205602445e-06,-0.0006211644504219294,0.0002784474636428058,0.00555919436737895,0.005205679219216108,-0.0004977608914487064,5.037012140718389e-09,3.1159797799773514e-05,-0.00014424585970118642,0.0023186535108834505,-2.910913868630862,0.9980548710862782,2.0,False
21,0.6188808939692831,-0.39415903257818186,1.013039926547465,0.05079098979123069,-12.801906777776173,0.005715513601899147,0.005855818744748831,0.00041875484748743474,7.582216632329164e-09,-8.28630891192006e-06,-0.0006211627623997629,0.0002784491516649723,0.00555919436737895,0.005205679219216108,-0.0004977777134627104,-1.1753028772432117e-08,3.1143008527578786e-05,-0.00014426265261135995,0.0023186367470771074,-2.911004344089573,0.9980554176283035,2.0,False
22,0.627627370635528,-0.3046188548259937,0.9322462271464587,0.05079049947457684,-12.802007877363334,0.005715513601899147,0.005855818744748831,0.00041875147144310176,4.212342474829711e-09,-8.28967949928483e-06,-0.0006211661384440958,0.0002784457756206393,0.00555919436737895,0.005205679219216108,-0.0004977659555152059,0.0,3.115475919912569e-05,-0.00014425089466385543,0.00231864838860929,-2.9109474179297004,0.9980550737664557,2.0,False
23,0.6898055508364216,-0.4562613680800785,1.1460669120714437,0.05079120525254378,-12.801852115051485,0.005715513601899147,0.005855818744748831,0.000418747280491516,0.0,-8.29389136924874e-06,-0.0006211703293956816,0.00027844158466905355,0.00555919436737895,0.005205679219216108,-0.0004977642674930394,1.6790040469061296e-09,3.115643994533457e-05,-0.00014424922119360417,0.0023186500184237957,-2.9109533956658757,0.9980551098775149,2.0,False
24,0.6401668590075557,-0.3625890507293674,1.0027559095263059,0.05079093392503978,-12.80188917355487,0.005715513601899147,0.005855818744748831,0.00041874306043609977,-4.212342474829711e-09,-8.298104148707353e-06,-0.0006211745203472674,0.00027843736461363733,0.00555919436737895,0.005205679219216108,-0.0004977877833880484,-2.1827052165690475e-08,3.113293132628314e-05,-0.00014427272253669798,0.0023186265025287867,-2.911105956405385,0.9980560312784036,2.0,False
25,0.6013694927886181,-0.36938308116193375,0.9707525762146859,0.050790654515103825,-12.801923603556602,0.005715513601899147,0.005855818744748831,0.0004187426238786429,-4.63357663349484e-09,-8.298525244754273e-06,-0.0006211749860085547,0.0002784369280561805,0.00555919436737895,0.005205679219216108,-0.000497792789246887,-2.6864064750498073e-08,3.112789636361413e-05,-0.00014427777205128223,0.00231862161308527,-2.911130649146107,0.9980561803743927,2.0,False
26,0.6312463650012606,-0.3729709829121512,1.004217360550439,0.05078922151571449,-12.802035291287588,0.005715513601899147,0.005855818744748831,0.00041873884038068354,-8.424684949659422e-09,-8.302316018671263e-06,-0.0006211787695065141,0.0002784331445582211,0.00555919436737895,0.005205679219216108,-0.0004977105418220162,5.5407134880169906e-08,3.12101656163577e-05,-0.00014419549552258104,0.0023187038023024797,-2.910646866964487,0.9980532573709973,2.0,False
27,0.6208420065182257,-0.41423484819937934,1.0350768496627942,0.05078994980338605,-12.802405576402643,0.005715513601899147,0.005855818744748831,0.00041874853195622563,1.2637026980399924e-09,-8.292628081107978e-06,-0.0006211690488271415,0.0002784428361337632,0.00555919436737895,0.005205679219216108,-0.0004977592034265399,6.716016187624518e-09,3.1161474908003584e-05,-0.00014424418623093516,0.002318655140697956,-2.9109485670211193,0.998055080708079,2.0,False
28,0.6157099086488514,-0.3732147528510212,0.9889246640272781,0.050793732697466655,-12.802483831614571,0.005715513601899147,0.005855818744748831,0.00041874832822941244,1.0530856187074278e-09,-8.292838174384087e-06,-0.0006211692816577852,0.00027844263240695,0.00555919436737895,0.005205679219216108,-0.0004977692733518779,-3.358008093812259e-09,3.1151401344686747e-05,-0.00014425425615627319,0.002318645128980279,-2.9109199425487158,0.9980549077818504,2.0,False
29,0.6047874936050746,-0.35914385292428963,0.963931351584175,0.050788634381003596,-12.802338869748604,0.005715513601899147,0.005855818744748831,0.00041874684393405914,-4.21234241931856e-10,-8.294312465295661e-06,-0.000621170736849308,0.0002784411481115967,0.00555919436737895,0.005205679219216108,-0.0004977004718966782,6.54811600497851e-08,3.122024281765334e-05,-0.000144185425597243,0.002318713814020157,-2.9105918737766734,0.9980529248491948,2.0,False
30,0.6050846008024452,-0.3856113374022629,0.9906959331498971,0.05079016581756909,-12.802081323765192,0.005715513601899147,0.005855818744748831,0.0004187500162515789,2.7380224754125493e-09,-8.291153790196404e-06,-0.0006211675936356187,0.0002784443204291165,0.00555919436737895,0.005205679219216108,-0.0004977348726242781,3.106157464571879e-08,3.118582026218064e-05,-0.0001442198408767581,0.002318679355084896,-2.9107727572766944,0.9980540183841231,2.0,False
31,0.6115302127052111,-0.4100889563033943,1.0216191664812,0.05078964106501623,-12.801938653413483,0.005715513601899147,0.005855818744748831,0.0004187504237052053,3.1592568561222834e-09,-8.290732694149483e-06,-0.0006211671861819923,0.0002784447278827429,0.00555919436737895,0.005205679219216108,-0.0004977751523256302,-9.234522480028318e-09,3.1145526008913293e-05,-0.00014426013513002545,0.002318639075383544,-2.9110242374841118,0.9980555377810456,2.0,False
32,0.5712137409739275,-0.38730451833232976,0.9585182584637888,0.05078935208516491,-12.802013454504653,0.005715513601899147,0.005855818744748831,0.00041884416714310646,9.688387336836968e-08,-8.19700744614238e-06,-0.0006210734718479216,0.00027853844221681356,0.00555919436737895,0.005205679219216108,-0.0004921983927488327,5.567577318288386e-06,3.672233651741408e-05,-0.00013868331734556705,0.002324216067790985,-2.882015463291269,0.9978729489575552,2.0,False
33,0.5203319013961213,-0.34619103827556535,0.866522943699739,0.05079216055914286,-12.803185786459556,0.005715513601899147,0.005855818744748831,0.00041874812450259924,8.42468483863712e-10,-8.293049177154899e-06,-0.0006211695144884288,0.00027844239957630634,0.00555919436737895,0.005205679219216108,-0.0004977692733518779,-3.358008093812259e-09,3.1151401344686747e-05,-0.00014425425615627319,0.002318645128980279,-2.910978141512603,0.9980552593588194,2.0,False
34,0.48978959671600125,-0.4411723904390638,0.9309619871550651,0.050793819366411266,-12.802397060731275,0.005715513601899147,0.005855818744748831,0.00041874684393405914,-4.21234241931856e-10,-8.294312465295661e-06,-0.000621170736849308,0.0002784411481115967,0.00555919436737895,0.005205679219216108,-0.0004977659555152059,0.0,3.115475919912569e-05,-0.00014425089466385543,0.00231864838860929,-2.910955715207423,0.9980551238895278,2.0,False
35,0.43568298515498427,-0.35589494100729063,0.7915779320595543,0.05078910504444749,-12.802332699509476,0.005715513601899147,0.005855818744748831,0.000418747280491516,0.0,-8.29389136924874e-06,-0.0006211703293956816,0.00027844158466905355,0.00555919436737895,0.005205679219216108,-0.0004977625794708729,3.358008093812259e-09,3.115811705356464e-05,-0.0001442475477233529,0.0023186516482383013,-2.910932377720052,0.9980549829069608,2.0,False
36,0.48109105260970314,-0.39945568275957144,0.8805467353692745,0.05079313195162443,-12.802553759868069,0.005715513601899147,0.005855818744748831,0.0004187426238786429,-4.63357663349484e-09,-8.298525244754273e-06,-0.0006211749860085547,0.0002784369280561805,0.00555919436737895,0.005205679219216108,-0.0004977726493962109,-6.716016187624518e-09,3.11480434902478e-05,-0.00014425761764869094,0.002318641636520624,-2.910994158520558,0.9980553561065633,2.0,False
37,0.4864409565925598,-0.3713083909594128,0.8577493492369096,0.05078581939105853,-12.805863896022837,0.005715513601899147,0.005855818744748831,0.00041874306043609977,-4.212342474829711e-09,-8.298104148707353e-06,-0.0006211745203472674,0.00027843736461363733,0.00555919436737895,0.005205679219216108,-0.0004977701464667916,-4.197510339309929e-09,3.115056097158231e-05,-0.00014425510016735643,0.0023186441976577044,-2.910980025477294,0.9980552707387842,2.0,False
38,0.5169153268261427,-0.3645531555157247,0.8814684851851986,0.050789255069654315,-12.802203613119495,0.005715513601899147,0.005855818744748831,0.0004187478916719556,6.318513490199962e-10,-8.293259270431008e-06,-0.0006211696891114116,0.00027844219584949315,0.00555919436737895,0.005205679219216108,-0.0004977819044142962,-1.5950538667652836e-08,3.11388103000354e-05,-0.00014426685811486095,0.002318632323294878,-2.9110567280041355,0.9980557340037194,2.0,False
39,0.4518021496782876,-0.40682766452273716,0.8586298130426305,0.050784721575651066,-12.810968607980033,0.005715513601899147,0.005855818744748831,0.00041838374454528093,-3.6352514598547714e-07,-8.65741640154738e-06,-0.0006215338362380862,0.0002780780487228185,0.00555919436737895,0.005205679219216108,-0.0004977625794708729,3.358008093812259e-09,3.115811705356464e-05,-0.0001442475477233529,0.0023186516482383013,-2.910928070679298,0.9980549568869589,2.0,False
40,0.5408907831768265,-0.3443087159850151,0.8851994973189418,0.05078993082151818,-12.81100979794883,0.005715513601899147,0.005855818744748831,0.000418755691498518,8.424684949659422e-09,-8.285466719826218e-06,-0.0006211618892848492,0.00027844999567605555,0.00555919436737895,0.005205679219216108,-0.0004977642674930394,1.6790040469061296e-09,3.115643994533457e-05,-0.00014424922119360417,0.0023186500184237957,-2.9109429947532295,0.9980550470459819,2.0,False
41,0.46191375289283454,-0.4193295758520335,0.8812433262174627,0.05079026088487133,-12.801880951062529,0.005715513601899147,0.005855818744748831,0.0004187615995761007,1.432196405914965e-08,-8.279569556179922e-06,-0.0006211560103110969,0.00027845590375363827,0.00555919436737895,0.005205679219216108,-0.0004977659555152059,0.0,3.115475919912569e-05,-0.00014425089466385543,0.00231864838860929,-2.9109504981520407,0.998055092373926,2.0,False
42,0.4378409271947908,-0.400447191914063,0.8382881174239168,0.05079181293558738,-12.801918053374274,0.005715513601899147,0.005855818744748831,0.0004187552840448916,8.003450346905083e-09,-8.285887815873139e-06,-0.0006211623549461365,0.00027844958822242916,0.00555919436737895,0.005205679219216108,-0.0004977692733518779,-3.358008093812259e-09,3.1151401344686747e-05,-0.00014425425615627319,0.002318645128980279,-2.9109717322274307,0.9980552206434986,2.0,False
43,0.44638206543855025,-0.38182769047076626,0.828209755066848,0.050793023523298675,-12.81502555874127,0.005715513601899147,0.005855818744748831,0.00041877382318489254,2.6537756880884444e-08,-8.26735413284041e-06,-0.0006211437867023051,0.00027846809825859964,0.00555919436737895,0.005205679219216108,-0.0004977659555152059,0.0,3.115475919912569e-05,-0.00014425089466385543,0.00231864838860929,-2.9109504981520407,0.998055092373926,2.0,False
44,0.40850905352683453,-0.44004303259057626,0.8485520894872848,0.05078656572598451,-12.809910464202558,0.005715513601899147,0.005855818744748831,0.0004187843296676874,3.706861306795872e-08,-8.256823093688581e-06,-0.0006211332511156797,0.000278478633845225,0.00555919436737895,0.005205679219216108,-0.0004977659555152059,0.0,3.115475919912569e-05,-0.00014425089466385543,0.00231864838860929,-2.910950496884675,0.99805509236627,2.0,False
45,0.40359389150100544,-0.39405077190365473,0.7976446625621917,0.05079206651859907,-12.815168185284618,0.005715513601899147,0.005855818744748831,0.0004187856102362275,3.833231687622174e-08,-8.255558896053117e-06,-0.0006211320287548006,0.00027847991441376507,0.00555919436737895,0.005205679219216108,-0.0004978515789844096,-8.56292103890155e-08,3.1069132091943175e-05,-0.00014433653268497437,0.0023185627069324255,-2.9113404659870477,0.998057446837577,2.0,False
46,0.43083184925911705,-0.4592595674334482,0.8900914166925653,0.05078233245352132,-12.841118657546835,0.005715513601899147,0.005855818744748831,0.00041878686170093715,3.959601713177108e-08,-8.254295607912354e-06,-0.0006211307481862605,0.0002784811658784747,0.00555919436737895,0.005205679219216108,-0.0004977390635758638,2.6864064750498073e-08,3.1181625672616065e-05,-0.00014422403182834387,0.0023186751641333103,-2.9107123417833596,0.9980536532034047,2.0,False
47,0.4202988452077333,-0.426839730659559,0.8471385741823554,0.05077406373072429,-12.835347307023227,0.005715513601899147,0.005855818744748831,0.0004187856102362275,3.833231687622174e-08,-8.255558896053117e-06,-0.0006211320287548006,0.00027847991441376507,0.00555919436737895,0.005205679219216108,-0.0004978582728654146,-9.234522480028318e-08,3.106241638306528e-05,-0.00014434324111789465,0.0023185559548437595,-2.9113789050772607,0.9980576787758413,2.0,False
48,0.3906975297961555,-0.47268773494255417,0.8633852630537727,0.050782071893817546,-12.81039661906212,0.005715513601899147,0.005855818744748831,0.00041875484748743474,7.582216632329164e-09,-8.28630891192006e-06,-0.0006211627623997629,0.0002784491516649723,0.00555919436737895,0.005205679219216108,-0.0004977692733518779,-3.358008093812259e-09,3.1151401344686747e-05,-0.00014425425615627319,0.002318645128980279,-2.910966515015502,0.9980551891283829,2.0,False
49,0.3954611239500686,-0.4312357559220951,0.8266968815571006,0.05080389994930463,-12.842347155190188,0.005715513601899147,0.005855818744748831,0.00041872452129609883,-2.2746649008809072e-08,-8.316637831740081e-06,-0.0006211930885910988,0.0002784188254736364,0.00555919436737895,0.005205679219216108,-0.0004976987838745117,6.716016542895886e-08,3.122191992588341e-05,-0.00014418373757507652,0.0023187154438346624,-2.9106389014468226,0.998053209209911,2.0,False
50,0.40894852910361945,-0.3447882456198177,0.7537367744075114,0.05078384269673917,-12.855012977923606,0.005715513601899147,0.005855818744748831,0.00041871864232234657,-2.86439281182993e-08,-8.322535904881079e-06,-0.000621198967564851,0.00027841291739605367,0.00555919436737895,0.005205679219216108,-0.0004976904019713402,7.55551852194003e-08,3.123031638097018e-05,-0.00014417534111998975,0.002318723825737834,-2.9106020494938494,0.9980529863815953,2.0,False
51,0.3905407565221348,-0.4457810622222011,0.836321817059399,0.050791682142356256,-12.864550479309298,0.005715513601899147,0.005855818744748831,0.00041871945722959936,-2.7801458912790622e-08,-8.321692803292535e-06,-0.0006211981526575983,0.0002784137614071369,0.00555919436737895,0.005205679219216108,-0.0004976929049007595,7.303668070335334e-08,3.1227795261656865e-05,-0.00014417785860132426,0.0023187214974313974,-2.9106119024787573,0.9980530459607467,2.0,False
52,0.3934181060892112,-0.44503695657312237,0.8384550609773966,0.05079484313673771,-12.872669139093729,0.005715513601899147,0.005855818744748831,0.0004187422164250165,-5.0548107921599694e-09,-8.298946340801194e-06,-0.0006211753934621811,0.0002784365206025541,0.00555919436737895,0.005205679219216108,-0.0004977575736120343,8.395020678619858e-09,3.116315565421246e-05,-0.0001442425127606839,0.0023186567705124617,-2.910920066425398,0.9980549085302447,2.0,False
53,0.36020601227510946,-0.44667012078601986,0.8068761313761923,0.050792096189285756,-12.870397577858645,0.005715513601899147,0.005855818744748831,0.00041872452129609883,-2.2746649008809072e-08,-8.316637831740081e-06,-0.0006211930885910988,0.0002784188254736364,0.00555919436737895,0.005205679219216108,-0.0004977088537998497,5.7086140259343665e-08,3.1211846362566575e-05,-0.00014419380750041455,0.0023187054321169853,-2.910693368779699,0.9980535385084025,2.0,False
54,0.3902665348229897,-0.41763646937511834,0.807903005883045,0.05079599318519077,-12.876624009634497,0.005715513601899147,0.005855818744748831,0.00041874981252476573,2.5274053960799847e-09,-8.291363883472513e-06,-0.0006211678264662623,0.00027844408759847283,0.00555919436737895,0.005205679219216108,-0.0004977760254405439,-1.0074024281436778e-08,3.1144685635808855e-05,-0.0001442609791411087,0.002318638376891613,-2.91099854822584,0.9980553826209905,2.0,False
55,0.3578336154614236,-0.4303035693960561,0.7881371856999482,0.05078958691008942,-12.879746009098767,0.005715513601899147,0.005855818744748831,0.0004187476879451424,4.21234241931856e-10,-8.29347027320182e-06,-0.0006211699219420552,0.00027844199212267995,0.00555919436737895,0.005205679219216108,-0.0004977692733518779,-3.358008093812259e-09,3.1151401344686747e-05,-0.00014425425615627319,0.002318645128980279,-2.9109717322274307,0.9980552206434986,2.0,False
56,0.3871566775409577,-0.4226561203441013,0.8098127962001221,0.05079061599849812,-12.879704064278215,0.005715513601899147,0.005855818744748831,0.0004187502199783921,2.9486397767897188e-09,-8.290942787425593e-06,-0.000621167360804975,0.0002784445241559297,0.00555919436737895,0.005205679219216108,-0.0004977726493962109,-6.716016187624518e-09,3.11480434902478e-05,-0.00014425761764869094,0.002318641636520624,-2.9109825317067686,0.9980552858774042,2.0,False
57,0.33875257766710154,-0.4516645928996191,0.7904171714091891,0.05079331022585239,-12.878879948134136,0.005715513601899147,0.005855818744748831,0.00041874832822941244,1.0530856187074278e-09,-8.292838174384087e-06,-0.0006211692816577852,0.00027844263240695,0.00555919436737895,0.005205679219216108,-0.0004977692733518779,-3.358008093812259e-09,3.1151401344686747e-05,-0.00014425425615627319,0.002318645128980279,-2.910966515015502,0.9980551891283829,2.0,False
58,0.34734824910601964,-0.4529639630983238,0.8003122113618749,0.05079299673543381,-12.87852918806851,0.005715513601899147,0.005855818744748831,0.00041862932266667485,-1.1794558929523191e-07,-8.411837370658759e-06,-0.0006212882581166923,0.0002783236268442124,0.00555919436737895,0.005205679219216108,-0.0004974469193257391,3.190107804584841e-07,3.147376992274076e-05,-0.00014393188757821918,0.002318967366591096,-2.909466477160954,0.9980461086252654,2.0,False
59,0.3571643174326462,-0.475015871305769,0.8321801887384151,0.05081827784542903,-12.906283877342412,0.005715513601899147,0.005855818744748831,0.0004183586861472577,-3.8858857465129404e-07,-8.682480256538838e-06,-0.0006215589237399399,0.00027805299032479525,0.00555919436737895,0.005205679219216108,-0.0004967350396327674,1.0309084927939693e-06,3.21856678056065e-05,-0.00014321999333333224,0.0023196793626993895,-2.9061640285873747,0.9980259806145149,2.0,False
60,0.3132780537588436,-0.45173166876546905,0.7650097225243127,0.0507933525072391,-12.908519785311533,0.005715513601899147,0.005855818744748831,0.00041865144157782197,-9.583079219055435e-08,-8.389722097490449e-06,-0.0006212661392055452,0.00027834574575535953,0.00555919436737895,0.005205679219216108,-0.0005117570981383324,-1.3991140804137103e-05,1.716361839498859e-05,-0.00015824203728698194,0.002304657129570842,-3.0186703810475866,0.9986148909877517,2.0,False
61,0.3712877848123072,-0.37600679911488777,0.7472945889820058,0.05082759404614199,-12.915038937814666,0.005715513601899147,0.005855818744748831,0.00041876305476762354,1.5796283392432997e-08,-8.278095265268348e-06,-0.0006211545551195741,0.0002784573589451611,0.00555919436737895,0.005205679219216108,-0.0004978952347300947,-1.292833076149691e-07,3.1025476346258074e-05,-0.00014438018843065947,0.0023185191676020622,-2.911370172495793,0.9980576260863931,2.0,False
62,0.3403662747502748,-0.43862169801978257,0.7789879710851204,0.05078727492647963,-12.8528931452613,0.005715513601899147,0.005855818744748831,0.0004187696031294763,2.2325414406054733e-08,-8.27156600280432e-06,-0.0006211479776538908,0.00027846390730701387,0.00555919436737895,0.005205679219216108,-0.0004977424396201968,2.3506057544864234e-08,3.117826781817712e-05,-0.00014422739332076162,0.002318671904504299,-2.9108047947593922,0.9980542120089125,2.0,False
63,0.4365495704509344,-0.46508538375473696,0.9016349513623403,0.05079209023935213,-12.802183484862635,0.005715513601899147,0.005855818744748831,0.0004187363083474338,-1.0952089901650197e-08,-8.30484350444749e-06,-0.0006211812724359334,0.00027843061252497137,0.00555919436737895,0.005205679219216108,-0.0004977659555152059,0.0,3.115475919912569e-05,-0.00014425089466385543,0.00231864838860929,-2.9109548039668627,0.9980551183848672,2.0,False
64,0.41368615248178003,-0.42300306866110005,0.8366892194579431,0.05079199171003099,-12.802792815353339,0.005715513601899147,0.005855818744748831,0.00041874981252476573,2.5274053960799847e-09,-8.291363883472513e-06,-0.0006211678264662623,0.00027844408759847283,0.00555919436737895,0.005205679219216108,-0.0004977877833880484,-2.1827052165690475e-08,3.113293132628314e-05,-0.00014427272253669798,0.0023186265025287867,-2.911074130832799,0.9980558390986193,2.0,False
65,0.4860769594516013,-0.4473003501816268,0.9333773091066853,0.050789989478385915,-12.803149422150197,0.005715513601899147,0.005855818744748831,0.0004187582235317677,1.0952089901650197e-08,-8.28293923404999e-06,-0.0006211593863554299,0.0002784525277093053,0.00555919436737895,0.005205679219216108,-0.0004977794014848769,-1.3432032375249037e-08,3.114132778136991e-05,-0.00014426432608161122,0.002318634884431958,-2.910999635922874,0.99805538919078,2.0,False
66,0.4091447573879161,-0.4694889765956798,0.8786337373534698,0.05079375464113778,-12.807690509216524,0.005715513601899147,0.005855818744748831,0.0004187476879451424,4.21234241931856e-10,-8.29347027320182e-06,-0.0006211699219420552,0.00027844199212267995,0.00555919436737895,0.005205679219216108,-0.000497816305141896,-5.037012229536231e-08,3.110439138254151e-05,-0.00014430127339437604,0.002318598097190261,-2.911244549304155,0.9980568679740128,2.0,False
67,0.41512164715743316,-0.43339794716228447,0.8485195971630487,0.05078565421458268,-12.802634296484634,0.005715513601899147,0.005855818744748831,0.00041874643648043275,-8.42468483863712e-10,-8.294733561342582e-06,-0.0006211712025105953,0.0002784407406579703,0.00555919436737895,0.005205679219216108,-0.0004977558855898678,1.0074024281436778e-08,3.116483276244253e-05,-0.0001442408247385174,0.0023186584003269672,-2.910887521150792,0.9980547119006696,2.0,False
68,0.4072166571768771,-0.4613826860387418,0.868599339845745,0.05079823599424042,-12.80535764660515,0.005715513601899147,0.005855818744748831,0.000418747280491516,0.0,-8.29389136924874e-06,-0.0006211703293956816,0.00027844158466905355,0.00555919436737895,0.005205679219216108,-0.0004976718919351697,9.402423017945694e-08,3.124878276139498e-05,-0.00014415687473956496,0.0023187424521893263,-2.910324718370452,0.9980513087292484,2.0,False
69,0.41755369337203224,-0.4524804665427326,0.8700341599147648,0.05091186494372338,-13.197682778321392,0.005715513601899147,0.005855818744748831,0.00041874812450259924,8.42468483863712e-10,-8.293049177154899e-06,-0.0006211695144884288,0.00027844239957630634,0.00555919436737895,0.005205679219216108,-0.0004974368494004011,3.290847985226719e-07,3.1483843486057594e-05,-0.00014392181765288115,0.002318977378308773,-2.9087566372223423,0.9980417981179186,2.0,False
70,0.4166076341281931,-0.45349424277093303,0.8701018768991261,0.0508091502260193,-13.159168529847486,0.005715513601899147,0.005855818744748831,0.0004188487946521491,1.0151745044595373e-07,-8.192374480131548e-06,-0.0006210688152350485,0.00027854309882968664,0.00555919436737895,0.005205679219216108,-0.0004975140909664333,2.5185062213495257e-07,3.140660919598304e-05,-0.0001439990446669981,0.0023189003113657236,-2.9092681849025994,0.9980449053672275,2.0,False
71,0.4091305635843176,-0.426576022651086,0.8357065850770095,0.05080340141858313,-12.845516198094236,0.005715513601899147,0.005855818744748831,0.00041874643648043275,-8.42468483863712e-10,-8.294733561342582e-06,-0.0006211712025105953,0.0002784407406579703,0.00555919436737895,0.005205679219216108,-0.0004976752679795027,9.066621942110942e-08,3.124542490695603e-05,-0.0001441602362319827,0.0023187389597296715,-2.9103492340154826,0.9980514570843049,2.0,False
72,0.4024766683578491,-0.4245559033993697,0.8270325784969667,0.050793235983317815,-12.814393811849317,0.005715513601899147,0.005855818744748831,0.0004187476879451424,4.21234241931856e-10,-8.29347027320182e-06,-0.0006211699219420552,0.00027844199212267995,0.00555919436737895,0.005205679219216108,-0.0004979741643182933,-2.0819651069814427e-07,3.094656494795345e-05,-0.0001444591034669429,0.0023184402380138636,-2.9121448185844696,0.9980622949651475,2.0,False
73,0.422600122938729,-0.4395311759133221,0.8621312971671141,0.050789101227012204,-12.814962862237183,0.005715513601899147,0.005855818744748831,0.00041874684393405914,-4.21234241931856e-10,-8.294312465295661e-06,-0.000621170736849308,0.0002784411481115967,0.00555919436737895,0.005205679219216108,-0.0004976148484274745,1.511103704388006e-07,3.130586992483586e-05,-0.00014409978757612407,0.0023187994956970215,-2.909941164054727,0.9980489863283427,2.0,False
74,0.4223174295871923,-0.4894510578140353,0.9117684890861646,0.05078466045719575,-12.81772485470182,0.005715513601899147,0.005855818744748831,0.0004187478916719556,6.318513490199962e-10,-8.293259270431008e-06,-0.0006211696891114116,0.00027844219584949315,0.00555919436737895,0.005205679219216108,-0.0004976685740984976,9.73822338323771e-08,3.125214061583392e-05,-0.0001441535132471472,0.0023187457118183374,-2.9103000590842414,0.9980511594945507,2.0,False
75,0.40824867832365813,-0.43510835520370267,0.8433570318424238,0.0507845565834652,-12.807440440983317,0.005715513601899147,0.005855818744748831,0.00041874812450259924,8.42468483863712e-10,-8.293049177154899e-06,-0.0006211695144884288,0.00027844239957630634,0.00555919436737895,0.005205679219216108,-0.0004977054777555168,6.044414391226383e-08,3.121520421700552e-05,-0.00014419046055991203,0.00231870892457664,-2.910551098423695,0.998052678263467,2.0,False
76,0.4186128112536858,-0.48954041781358076,0.9081532290672666,0.0507907441326881,-12.804606508450458,0.005715513601899147,0.005855818744748831,0.00041874812450259924,8.42468483863712e-10,-8.293049177154899e-06,-0.0006211695144884288,0.00027844239957630634,0.00555919436737895,0.005205679219216108,-0.0004977256758138537,4.029609712574711e-08,3.119505709037185e-05,-0.00014421060041058809,0.0023186886683106422,-2.910680167474217,0.9980534587006467,2.0,False
77,0.4048196390113224,-0.4408616466783382,0.8456812840047236,0.050790828445353695,-12.803546258501788,0.005715513601899147,0.005855818744748831,0.0004187476879451424,4.21234241931856e-10,-8.29347027320182e-06,-0.0006211699219420552,0.00027844199212267995,0.00555919436737895,0.005205679219216108,-0.0004977289936505258,3.693808992011327e-08,3.11916992359329e-05,-0.00014421396190300584,0.002318685408681631,-2.9107080989715284,0.9980536275554284,2.0,False
78,0.4106948205102038,-0.44848944525836637,0.8591842674535071,0.05079038755790505,-12.802840418192186,0.005715513601899147,0.005855818744748831,0.0004187478916719556,6.318513490199962e-10,-8.293259270431008e-06,-0.0006211696891114116,0.00027844219584949315,0.00555919436737895,0.005205679219216108,-0.0004977373755536973,2.8543070129671833e-08,3.1183302780846134e-05,-0.0001442223583580926,0.0023186770267784595,-2.910763569937438,0.9980539628553962,2.0,False
79,0.411344040830228,-0.4793598717177293,0.8907039125479573,0.05079188815222612,-12.802852610395991,0.005715513601899147,0.005855818744748831,0.00041874684393405914,-4.21234241931856e-10,-8.294312465295661e-06,-0.000621170736849308,0.0002784411481115967,0.00555919436737895,0.005205679219216108,-0.0004977390635758638,2.6864064750498073e-08,3.1181625672616065e-05,-0.00014422403182834387,0.0023186751641333103,-2.910771075817046,0.9980540082214071,2.0,False
80,0.4076832533935776,-0.4319842109199969,0.8396674659985114,0.05078728108703037,-12.802759551327979,0.005715513601899147,0.005855818744748831,0.0004187476879451424,4.21234241931856e-10,-8.29347027320182e-06,-0.0006211699219420552,0.00027844199212267995,0.00555919436737895,0.005205679219216108,-0.0004977357457391918,3.022207195613191e-08,3.118498352705501e-05,-0.00014422068488784134,0.002318678656592965,-2.9107529530568663,0.9980538986846497,2.0,False
